	E2f7	Egr2	Egr3	Elk3	Hey1	Hsf4	Lef1	Maz	Mlx	Mzf1	Nfic	Nfil3	Nfyb	Nr1d1	Nr1i2	Nr4a1	Pparg	Rara	Rarg	Rbpj	Rorc	Runx2	Tbx21	Tfap4	Tfeb	Thra	Vdr	Zbtb14	Zbtb7b	Zfp143	Zscan10
0610031j06rik	0	0	0	0	0	0	0	0	0	0	0	0	0	0	0	0	0	0	0	0	0	0	0	0	0	0	0	0	1.5	0	0
1600002k03rik	0	0	0	0	0	0	0	1.5	0	1.5	0	0	0	0	0	0	0	0	0	0	0	0	0	1.5	0	0	0	1.5	1.5	1.5	0
1700001p01rik	0	-1.5	-1.5	0	0	0	0	-1.5	-1.5	0	0	0	0	0	0	0	0	0	0	-1.5	0	0	0	0	-1.5	0	0	0	0	0	0
1700012b07rik	0	0	0	0	0	0	0	0	0	0	0	0	0	0	0	0	0	0	0	0	0	0	0	0	0	0	1.0	0	0	0	0
1700067k01rik	0	-1.5	-1.5	0	0	0	0	-1.5	0	0	0	0	0	0	0	0	0	0	0	0	0	0	0	0	0	0	0	0	-1.5	-1.5	0
1810058i24rik	0	0	0	0	0	0	0	0	0	0	0	0	0	0	0	0	0	0	0	0	0	1.5	0	0	0	0	0	0	0	0	0
2210417a02rik	0	0	0	1.5	0	0	0	0	0	0	0	0	0	0	0	0	0	0	0	0	0	0	0	0	0	0	0	0	0	1.5	0
2310003h01rik	0	0	-1.5	0	0	0	0	0	0	0	0	0	0	0	0	0	0	0	0	0	0	0	0	0	0	0	0	0	0	-1.5	0
2310007l24rik	0	0	0	0	0	0	0	0	0	0	0	0	0	0	0	0	0	0	0	0	1.5	0	0	0	0	0	0	0	0	0	0
2310030g06rik	0	0	0	0	0	0	0	0	0	0	0	0	0	0	0	0	0	-1.5	0	0	0	0	-1.5	0	0	0	0	0	0	0	0
2810006k23rik	0	0	0	0	0	0	0	1.5	0	0	0	0	0	0	0	0	0	1.5	0	0	0	0	0	0	0	0	0	0	0	0	0
2900005j15rik	0	0	0	-1.5	0	0	0	0	0	0	0	0	0	0	0	0	0	0	0	0	0	0	0	0	0	0	0	-1.5	0	-1.5	0
2900041m22rik	0	1.5	1.5	0	0	0	0	0	0	0	0	0	1.5	0	0	0	0	0	0	0	0	0	0	0	0	0	0	0	0	0	0
4732471j01rik	0	0	0	0	0	0	0	0	0	0	0	0	0	0	0	0	0	0	0	0	0	-1.5	0	0	0	0	0	0	0	0	0
4930486l24rik	0	1.5	0	0	0	0	0	0	0	0	0	0	0	0	0	0	0	0	0	0	0	1.5	0	0	0	0	0	0	0	0	0
4930550c14rik	0	0	0	0	0	0	0	0	0	0	0	0	0	0	0	0	-0.5	0	0	0	0	0	0	0	0	0	0	0	0	0	0
4930563e22rik	0	-1.5	0	-1.5	0	0	0	0	0	0	0	0	0	0	0	0	0	0	0	0	0	0	0	0	0	0	0	0	-1.5	-1.5	0
4930581f22rik	0	1.5	0	0	0	0	0	0	0	0	0	0	1.5	0	0	0	0	0	0	0	0	0	0	1.5	0	0	0	0	0	0	0
4931440p22rik	0	0	0	0	0	0	0	0	0	0	0	0	0	0	0	0	-0.5	0	0	0	0	0	0	0	0	0	0	0	0	0	0
4932438h23rik	0	0	0	0	0	0	0	0	0	0	0	0	0	0	0	0	0	0	0	0	0	-1.5	0	0	0	0	0	0	0	0	0
4933427d14rik	0	-1.5	0	-1.5	0	0	0	0	0	0	0	0	0	0	0	0	0	0	0	0	0	0	0	0	0	0	0	0	-1.5	-1.5	0
4933427e11rik	0	0	0	-0.5	0	0	0	0	0	0	0	0	0	0	0	0	0	0	0	0	0	0	0	0	0	0	0	0	0	0	0
5430421n21rik	0	0	0	0	0	0	0	0	0	0	0	0	0	0	0	0	0	1.5	1.5	0	0	0	0	1.5	0	0	0	0	0	0	0
5430427o19rik	0	0	0	1.5	0	0	0	0	0	0	0	0	0	0	0	0	0	0	0	0	0	0	0	0	0	0	0	0	0	0	0
5830417i10rik	0	0	1.5	0	0	0	0	0	0	0	0	0	0	0	0	0	0	0	0	0	0	0	0	0	0	0	0	0	0	0	0
5830432e09rik	0	0	0	1.5	0	0	0	0	0	0	0	0	0	0	0	0	1.5	0	0	0	0	0	0	0	0	0	0	0	0	0	0
6430571l13rik	0	1.5	0	1.5	0	1.5	1.5	1.5	0	0	1.5	0	0	0	0	0	0	0	0	0	0	1.5	0	1.5	0	0	0	0	0	1.5	1.5
8430427h17rik	0	1.5	0	1.5	0	0	0	1.5	0	0	0	0	0	0	0	0	0	1.5	1.5	0	0	0	0	1.5	0	0	0	1.5	1.5	1.5	0
9030617o03rik	0	1.5	0	0	0	1.5	0	1.5	0	1.5	1.5	0	0	0	0	1.5	1.5	1.5	1.5	0	0	1.5	0	1.5	0	0	0	0	0	0	0
9630028b13rik	0	0	0	0	0	0	0	0	0	0	0	0	0	0	0	0	0	0	0	0	0	0	0	0	0	0.5	0	0	0	0	0
A1cf	0	0	0	1.5	0	0	0	0	0	0	0	0	0	0	0	0	0	0	0	0	0	0	0	0	0	0	0	0	0	0	0
A330023f24rik	0	1.5	0	0	0	0	0	0	0	1.5	0	0	0	0	0	0	1.5	1.5	1.5	0	0	1.5	1.5	1.5	0	0	0	0	0	0	0
A530013c23rik	0	0	0	0	0	0	0	-0.5	0	0	0	0	0	0	0	0	0	0	0	0	0	0	0	0	0	0	0	0	-0.5	-0.5	0
A530088e08rik	0	1.5	0	0	0	0	0	1.5	1.5	1.5	0	0	0	0	0	0	0	1.5	1.5	0	0	0	0	0	1.5	0	0	0	1.5	0	0
A930015d03rik	0	0	0	0	0	0	0	0	0	1.5	1.5	0	0	0	1.5	1.5	0	1.5	1.5	0	0	1.5	0	0	0	0	0	0	0	0	0
Aa388235	0	0	0	0	0	0	0	1.5	0	0	0	0	1.5	0	0	0	0	0	0	0	0	0	0	1.5	0	0	0	0	0	1.5	0
Aa467197	0	0	0	0	0	0	0	0	0	0	0	0	0	0	0	0	0	0	1.5	0	0	0	0	0	0	0	0	0	0	0	0
Abcb1a	0	0	0	0	0	0	0	0	0	0	0	0	0	0	0	0	0	-1.5	-1.5	-1.5	0	0	0	0	0	0	0	0	0	0	0
Abcb8	0	0	0	0	0	0	0	0	0	0	0	0	0.5	0	0	0	0	0.5	0.5	0	0	0	0	0	0	0	0	0	0	0	0
Abcb9	0	0	0	-1.5	0	0	0	0	-1.5	0	0	0	0	0	0	0	-0.5	-1.5	-1.5	0	0	0	0	0	0	0	0	0	-1.5	0	0
Abcc3	0	0	0	0	0	0	0	0	0	0	0	0	0	1.5	0	0	0	0	0	0	0	0	0	0	0	0	0	0	0	0	0
Abhd15	0	1.5	1.5	0	0	0	0	1.5	0	0	0	0	0	0	0	0	0	0	1.5	0	0	0	0	0	0	0	0	1.5	0	0	0
Abi3bp	0	0	0	0	0	0	0	0	0	0	0	0.5	0	0	0	0	0	0	0	0	0	0	0	0	0	1.5	0	0	0	0	0
Ablim1	0	0	0	0	0	0	0	1.5	0	1.5	0	0	0	0	0	0	0	0	0	0	0	1.5	0	0	0	0	0	0	0	0	0
Ablim3	0	0	0	0	0	0	0	0	0	0	0	0.5	0	0	0	0	0	-0.5	-0.5	0	0	0	0	0	0	0	0	0	0	0	0
Acad10	0	0	0	0	0	0	0	0	0	0	0	0	0	0	0	0	0	0	0	0	0	0	0	0	0	0	0	0	-1.5	0	0
Acot7	0	0	0	0	0	0	0	0	0	0	0	0	0	0	0	0	0	0	0	0	0	0	0	1.5	0	0	0	0	0	0	0
Acox1	0	-1.5	0	0	0	0	0	0	-1.5	0	0	0	-1.5	0	0	0	-0.5	-1.5	0	0	0	0	0	0	-1.5	0	0	-1.5	-1.5	0	0
Acoxl	0	-1.5	-1.5	0	0	0	0	0	0	0	0	0	0	0	0	0	0	-1.5	-1.5	0	0	0	0	0	0	0	0	0	0	0	0
Acpp	0	0	0	0	0	0	0	0	0	0	0	0	0	1.5	0	0	0	0	0	0	0	0	0	0	0	0	0	0	0	0	0
Actb	0	0	0	0	0	0	0	0	0	0	0	0	0	0	0	0	0	0	0	0	0	0	0	1.5	0	0	0	0	0	0	0
Actbl2	0	1.5	0	0	0	0	0	1.5	0	0	0	0	0	0	0	1.5	0	0	0	0	0	0	0	0	0	0	0	0	0	1.5	0
Actr6	0	0	0	0	0	0	0	0	0	0	0	0	0	0	0	0	0	0	0	0	0	1.5	0	0	0	0	0	0	0	0	0
Adam19	0	1.5	1.5	0	0	0	0	1.5	0	0.5	0	0	0	0	0	0	0	1.5	0	0	0	0	0	0	0	0	0	0	0	0.5	0
Adam8	0	0	0	0	0	0	0	0	0	0	0	0	1.5	0	0	0	0	0	0	0	0	0	0	0	0	0	0	0	1.5	0	0
Adamtsl4	0	1.5	0	1.5	0	1.5	0	0	0	0	0	0	0	0	0	0	1.5	0	0	0	0	1.5	0	1.5	0	0	0	0	0	0	0
Adamtsl5	0	0	0	0	0	0	0	0	0	0	0	0	0	0	0	0	-0.5	0	0	0	0	0	0	0	0	0	0	0	0	0	0
Adap1	0	0	0	1.5	0	0	0	1.5	0	0	0	0	0	0	0	0	0	1.5	1.5	0	0	0	0	0	0	0	0	0	1.5	1.5	0
Adcy4	0	0	0	0	0	0	0	0	0	0	0	0	0	1.5	0	0	0	0	0	0	0	0	0	0	0	1.5	0	0	0	0	0
Adpgk	0	0	0	0	0	0	0	0	0	0	0	0	0	0	0	0	0	0	0	0	0	0	-1.5	0	0	0	0	0	0	0	0
Adssl1	0	0	0	1.5	0	0	0	0	0	0	0	0	0	0	0	0	0	0	0	0	0	0	0	0	0	0	0	0	1.5	0	0
Afap1l2	0	0	0	0	0	0	0	0	0	0	0	0	0	0	0	0	0	0	-1.5	0	0	0	0	-1.5	0	0	0	0	0	0	0
Aff1	0	0	0	-1.5	0	0	0	0	0	0	0	0	0	0	0	0	0	-1.5	-1.5	0	0	0	0	-1.5	0	0	0	0	0	0	0
Aff4	0	-1.5	-1.5	0	0	0	0	-1.5	-1.5	0	0	0	0	0	0	0	0	0	0	0	0	0	0	0	-1.5	0	0	0	-1.5	0	0
Afmid	0	0	0	0	0	0	0	0	0	0	0	0	0	0	0	0	0	0	0	0	0	0	0	0	0	0	0	0	0	1.5	0
Agrp	0	-1.5	0	0	0	0	0	0	0	0	0	0	0	0	0	0	0	-1.5	-1.5	0	0	0	-1.5	0	0	0	0	0	0	0	0
Aim1l	0	0	0	0	0	0	0	0	0	0	0	0	1.5	0	0	0	0	0	0	0	0	0	0	0	0	0	0	0	0	1.5	0
Aim2	0	0	0	0	0	0	0	0	0	0	0	0	0	0	0	0	0	0	0	0	0	1.5	0	0	0	0	0	0	0	0	0
Alcam	0	0	0	0	0	0	1.5	0	0	0	0	0	0	0	0	0	1.5	0	0	0	0	0	1.5	1.5	1.5	0	0	0	0	0	0
Aldh18a1	0	0.5	0	0	0	0	0	0.5	0	0	0	0	0	0	0	0	0	0	0	0	0	0	0	0	0	0	0	0	0	0.5	0
Aldoa	0	0	0	1.5	0	0	0	0	0	0	0	0	0	0	0	0	0	0	0	0	0	0	0	0	0	0	0	0	0	0	0
Alox12	0	0	0	-1.5	0	0	0	0	0	0	0	0	-1.5	0	0	0	0	0	0	0	0	0	0	-1.5	-1.5	0	0	0	-1.5	0	0
Aloxe3	0	-1.5	-1.5	0	0	0	0	-1.5	0	0	0	0	0	0	0	0	0	0	-1.5	0	0	0	0	-1.5	0	0	0	0	0	-1.5	0
Alpk1	0	0	0	0	0	0	0	0	0	0	0	0	0	0	0	0	0	0	0	0	0	-1.5	0	0	0	0	0	0	0	0	0
Amdhd2	0	0	0	0	0	0	0	0	0	1.5	0	0	0	0	0	0	1.5	0	0	0	0	1.5	0	0	0	0	0	0	0	0	0
Amotl1	0	0	0	0	0	0	0	0	0	0	0	0	0	0	0	0	0	0	0	0	0	0	0	-1.5	0	0	0	0	0	0	0
Ampd3	0	0	0	0	0	0	0	0	0	0	0	0	0	0	0	0	-0.5	0	0	0	0	0	0	-1.5	0	0	0	0	0	0	0
Ang	0	0	0	0	0	0	0	-1.5	0	0	0	0	0	0	0	0	0	0	0	0	0	0	0	0	0	0	0	0	-1.5	0	0
Angptl2	0	0	0	0	0	0	0	0	0	0	0	0	0	0	0	0	0	0	0	0	0	0	0	0.5	0	0	0	0	0	0	0
Ank	0	0	0	-0.5	0	0	0	0	0	0	0	0	0	0	0	0	-0.5	0	0	0	0	0	0	0	0	0	0	0	0	0	0
Ankle1	0	1.5	0	0	0	0	0	0	0	0	0	0	0	0	0	0	0	0	0	0	0	0	0	0	0	0	0	0	0	0	0
Ankrd13b	0	0	0	0	0	0	0	0	0	0	0	0	0	0	0	0	0	0	0	0	0	0	0	0	0	0	0	0	1.5	1.5	0
Ankrd13c	0	0	0	0	0	0	0	0	0	0	0	0	0	0	0	0	0	0	0	0	0	-1.5	0	0	0	0	0	0	0	0	0
Ankrd13d	0	0	0	0	0	0	0	1.5	0	0	0	0	0	0	0	0	0	0	0	0	0	0	0	0	0	0	0	0	1.5	0	0
Ankrd6	0	0	0	0	0	0	0	0	0	0	0	0.5	0	0	0	0	0	0	0	0	0	0	0	0	0	0	0	0	0	0	0
Anln	0	0	0	0	0	0	0	0	0	0	0	0	0	0	0	0	0	0	0	0	0	0	0	0	0	1.5	0	0	0	0	0
Anp32a	0	1.5	1.5	0	0	0	0	1.5	1.5	1.5	0	0	0	0	0	0	0	0	0	0	0	1.5	1.5	1.5	0	0	0	0	1.5	0	0
Anxa1	0	0	0	0	0	0	0	0	0	0	0	0	0	0	0	0	0	0	0	0	0	1.5	0	0	0	0	0	0	0	0	0
Anxa2	0	1.5	0	0	0	0	0	0	0	1.5	0	0	0	0	0	0	0	0	0	0	0	0	0	0	0	0	0	0	0	1.5	0
Anxa6	0	0	0	0	0	1.5	0	0	0	1.5	1.5	0	1.5	0	0	0	0	1.5	1.5	0	0	0	0	1.5	0	0	0	0	0	0	0
Ap1m2	0	0	0	0	0	0	0	-1.5	0	0	0	0	0	0	0	0	0	0	0	-1.5	0	0	0	0	0	0	0	0	0	0	0
Aph1b	0	0	0	0	0	0	0	-0.5	0	0	0	0	0	0	0	0	0	0	0	0	0	0	0	0	0	0	0	0	0	-0.5	0
Aph1c	0	0	0	0	0	0	0	-0.5	0	0	0	0	0	0	0	0	0	0	0	0	0	0	0	0	0	0	0	0	0	-0.5	0
Apobec3	0	0	0	0	0	0	0	0	0	0	0	0	0	0	0	0	0	0	1.5	0	0	0	0	0	0	0	0	0	0	0	0
Apobec4	0	0	0	0	0	0	0	0	0	0	0	0	0	0	0	0	0	0	0	0	0	0	0	0	0	0	0	0	-1.5	0	0
Aprt	0	0	0	1.5	0	0	0	0	0	0	0	0	0	0	0	0	0	0	0	0	0	0	0	1.5	0	0	0	0	0	1.5	0
Ar	0	0	0	0	0	0	0	0	0	0	0	0	0	0	0	0	0	0	0	0	0	0	0	0	0	1.5	0	0	0	0	0
Arap2	0	-1.5	0	-1.5	0	0	0	0	0	0	0	0	0	0	0	0	0	0	0	0	0	-1.5	0	0	0	0	0	0	0	0	0
Arf3	0	0	0	0	0	0	0	0	0	0	0	0	0	0	0	0	0	0	0	0	0	0	0	0	0	0	0	0	0	0	1.5
Arhgap6	0	0	0	0	0	0	0	0	0	0	0	0	0	1.5	0	0	0	0	0	0	0	0	0	0	0	0	0	0	0	0	0
Arhgef10	0	-1.5	-1.5	0	0	0	0	0	0	0	0	0	0	0	0	0	0	0	0	0	0	0	0	-1.5	0	0	0	0	0	0	0
Arhgef15	0	0	0	-1.5	0	0	0	0	0	0	0	0	0	0	0	0	0	0	0	0	0	0	0	0	0	0	0	0	0	0	0
Arhgef2	0	1.5	0	0	0	0	0	0	0	0	0	0	0	0	0	0	0	0	0	0	0	0	0	0	0	0	0	0	0	0	0
Arhgef26	0	0	0	0	0	0	0	0	0	0	0	0	0	0	0	0	0	0	0	0	0	0	0	0	0	0	0	0	0	-1.5	0
Arhgef9	0	0	0	0	0	0	0	0	0	0	0	0	0	0	0	0	0	0	0	0	0	0	-1.5	0	0	0	0	0	0	0	0
Arl15	0	0	0	0	0	0.5	0	0.5	0	0	0	0	0	0	0	0	0.5	0.5	0	0	0	0.5	0	0	0	0	0	0	0	1.5	0
Arl3	0	0	0	0	0	0	0	0	0	0	0	0	0	0	0	0	0	0	0	0	0	0	0	0	0	0	0	1.5	1.5	0	0
Arl5c	0	0	0	0	0	0	0	0	0	0	0	0	0	0	0	0	0	0	0	0	0	0	-1.5	-1.5	0	0	0	0	0	0	0
Armc2	0	0	0	0	0	0	0	0	0	0	0	0	0	0	0	0	0	0	0	0	0	-1.5	-1.5	0	0	0	0	0	0	0	0
Arrb2	0	0	0	0	0	0	0	1.5	0	0	0	0	1.5	0	0	0	0	0	0	0	0	0	0	1.5	0	0	0	0	0	0	0
As3mt	0	0	0	0	0	0	0	0	0	0	0	0	0	0	0	0	0	0	0	0	0	-1.5	0	0	0	0	0	0	0	0	0
Asap2	0	0	0	0	0	0	0	0	0	0	0	0	0	0	0	0	0	0	0	0	0	0	-1.5	0	0	0	0	0	0	0	0
Astl	0	1.5	1.5	0	0	0	0	1.5	0	1.5	0	0	0	0	1.5	1.5	1.5	0	0	0	0	0	0	0	0	0	0	0	1.5	1.5	0
Atat1	0	-1.5	0	0	0	0	0	-1.5	0	0	0	0	-1.5	0	0	0	0	0	0	0	0	0	0	-1.5	0	0	0	0	0	0	0
Atg2a	0	-1.5	0	0	0	0	0	0	0	0	0	0	-1.5	0	0	0	-0.5	0	-1.5	0	0	0	0	0	0	0	0	0	-1.5	-1.5	0
Atp10a	0	0	0	0	0	0	0	0	0	0	0	0.5	0	0	0	0	0	0	0	0	0	0	0	0	0	0.5	0	0	0	0	0
Atp1a2	0	-1.5	0	0	0	0	0	0	0	0	0	0	0	0	0	0	-0.5	-1.5	-1.5	0	0	0	0	0	0	0	0	0	0	-1.5	0
Atp1b3	0	0	0	0	0	0	0	0	0	1.5	0	0	0	0	0	0	0	0	0	0	0	1.5	0	0	0	0	0	0	0	0	0
Atp6v0a1	0	0	0	0	0	0	0	0	-1.5	0	0	0	0	0	0	0	0	0	0	0	0	0	0	0	-1.5	0	0	-1.5	0	0	0
Atp6v1g2	0	0	0	1.5	0	0	0	1.5	0	0	0	0	0	0	0	0	1.5	1.5	1.5	0	0	1.5	0	1.5	0	0	0	0	0	0	0
Atp8b4	0	1.5	1.5	1.5	0	0	1.5	1.5	0	0	0	0	0	0	0	0	1.5	0	0	0	0	1.5	0	0	0	0	0	0	0	0	1.5
Atxn7l1	0	0.5	0	0	0	0	1.5	0.5	0	0	0	0	0	0	0	0	0	0	0	0	0	0	0	1.5	0	0	0	0	0	0	0
Aurkb	0	1.5	0	0	0	0	0	1.5	0	0	0	0	1.5	0	0	0	0	0	0	0	0	0	0	0	0	0	0	0	1.5	1.5	0
Aw112010	0	1.5	0	0	0	0	0	0	0	0	0	0	0	0	0	0	0	0	0	0	0	0	0	0	0	0	0	0	1.5	0	0
Axin2	0	0	0	0	0	0	0	0	0	0	0	0	0	0	0	0	0	0	0	0	0	0	0	0	0	0	0	-1.5	-1.5	0	0
B3gnt1	0	1.5	0	0	0	0	0	0	0	1.5	0	0	0	0	0	0	0	0	0	0	0	0	0	0	0	0	0	0	0	0	0
B4galnt1	0	0	0	0	0	0	0	0.5	0	0	0	0	0	0	0	0	0	1.5	1.5	0	0	0	0.5	0	0	0	0	0	0	0	0
B4galnt3	0	0	0	0	0	0	0	0	0	0	0	0	0	0	0	0	0	0	0	0	0	-1.5	0	0	0	0	0	0	0	-1.5	0
B4galt5	0	0	0	1.5	0	0	0	0	0	0	0	0	0	0	0	1.5	0	1.5	1.5	0	0	1.5	0	0	0	0	0	0	0	0	0
B4galt7	0	1.5	1.5	0	0	0	0	1.5	0	0	0	0	0	0	0	0	0	0	0	0	0	0	0	0	0	0	0	0	0	1.5	0
Bace2	0	-1.5	-1.5	0	0	0	0	0	0	0	0	0	0	0	0	0	0	0	0	0	0	0	0	0	0	0	0	0	0	0	0
Bach2	0	0	0	0	0	0	0	0	0	0	0	0	0	-1.0	0	0	0	0	0	0	-1.0	0	0	0	0	0	0	0	0	0	0
Baiap2	0	-1.5	-1.5	0	0	0	0	-1.5	0	0	-1.0	0	0	0	0	0	0	0	0	0	0	0	0	-1.5	0	0	0	0	-1.5	-1.5	0
Baiap3	0	0	0	-1.5	0	0	0	0	0	0	0	0	0	0	0	0	0	0	0	-1.5	0	0	0	-1.5	0	0	0	0	0	0	0
Banf1	0	1.5	0	0	0	0	0	0	0	0	0	0	0	0	0	0	0	0	0	0	0	0	0	0	0	0	0	0	1.5	0	0
Batf3	0	0	0	0	0	0	0	0	0	0	0	0	0	0	0	1.5	0	1.5	1.5	0	0	1.5	1.5	1.5	0	0	0	0	0	1.5	0
Bbc3	0	0	1.5	0	0	0	0	0	0	0	0	0	0	0	0	0	0	0	0	0	0	1.5	0	0	0	0	0	0	0	1.5	0
Bc021614	0	0	0	0	0	0	0	0	0	0	0	0	0	0	0	0	0	0	0	0	0	1.5	0	0	0	0	0	0	0	0	0
Bc028528	0	0	0	0	0	0	0	-1.5	0	0	0	0	0	0	0	0	0	0	0	0	0	0	0	0	0	0	0	0	0	-1.5	0
Bc035044	0	-0.5	0	0	0	0	0	0	0	0	0	0	0	0	0	0	0	0	-1.5	0	0	0	0	0	0	0	0	0	0	0	0
Bc053393	0	0	0	0	0	0	0	0	0	0	0	0	0	0	0	0	0	0	-0.5	0	0	-0.5	0	0	0	1.5	0	0	0	0	0
Bcat1	0	0	0	0	0	0	0	0	0	0	0	0	0	0	0	0	0	0	1.5	0	0	0	0	0	0	0	0	0	0	0	0
Bcl2l1	0	0	0	0	0	0	0	0	0	1.5	0	0	0	0	0	0	0	0	0	0	0	0	1.5	1.5	0	0	0	0	0	0	0
Bcl6b	0	0	0	-1.5	0	0	0	0	0	0	0	0	-1.5	0	0	0	0	0	0	0	0	-1.5	0	-1.5	0	0	0	0	-1.5	0	0
Bcl9l	0	1.5	0	1.5	0	0	0	1.5	0	0	0	0	0	0	0	0	0	0	0	0	0	1.5	0	0	0	0	0	0	1.5	1.5	0
Bdh2	0	0	1.5	0	0	0	0	0	0	0	1.5	0	0	0	0	0	0	0	0	0	0	0	0	0	0	0	0	0	0	0	0
Birc5	0	0	0	0	0	0	0	0	0	0	0	0	0	0	0	0	0	0	0	0	0	0	0	0	0	0	0	0	0	1.5	0
Blk	0	-0.5	0	0	0	0	0	0	0	0	0	0	0	0	0	0	0	0	0	0	0	-0.5	0	0	0	1.5	0	0	0	0	0
Bmp6	0	0	0	0	0	0	0	-1.5	0	0	0	0	0	0	0	0	0	0	0	0	0	0	0	0	0	0	0	0	-1.5	0	0
Boc	0	0	0	0	0	0	0	0	0	0	0	0	0	1.5	0	0	0	0	0	0	0	0	0	0	0	0	0	0	0	0	0
Bola2	0	1.5	0	0	0	0	0	0	1.5	0	0	0	0	0	1.5	0	0	0	0	0	0	0	0	0	1.5	0	0	0	1.5	1.5	0
Brf2	0	0	0	0	0	0	0	-1.5	0	0	0	0	0	0	0	0	0	0	0	0	0	0	0	0	0	0	0	0	0	0	0
Brip1	0	0	0	0	0	0	0	1.5	0	0	0	0	1.5	0	0	0	0	0	0	0	0	0	0	0	0	0	0	0	0	0	0
Brpf3	0	0	0	0	0	0	0	-1.5	0	0	0	0	0	0	0	0	0	0	0	0	0	0	0	0	0	0	0	0	-1.5	0	0
Bsn	0	0	0	0	0	0	0	1.5	0	0	0	0	0	0	0	0	1.5	0	1.5	0	0	1.5	0	0	0	0	0	0	0	1.5	0
Btnl9	0	0	0	0	0	0	0	0	0	0	0	0	0	0	0	0	0	0	0	0	0	0	0	0	0	0	0	0	0	1.5	0
Bysl	0	-1.5	0	0	0	0	0	-1.5	0	0	0	0	0	0	0	0	0	0	0	0	0	0	0	0	0	0	0	0	0	0	0
Bzw2	0	0	0	0	0	0	0	0	0	0	0	0	0	0	0	0	0	0	0	0	0	-1.5	0	0	0	0	0	0	0	0	0
C1qtnf1	0	0	0	0	0	0	0	0	0	0	0	0	0	0	0	0	0	0	0	0	0	0	0	0	0	0	0	0	-1.5	-1.5	0
C1qtnf6	0	0	0	0	0	0	0	1.5	0	0	0	0	0	0	0	0	0	0	0	0	0	0	0	0	0	0	0	1.5	0	0	0
Cables1	0	0	0	0	-0.5	0	0	0	0	0	0	0	0	0	0	0	0	0	0	0	0	0	0	0	0	0	0	0	0	0	0
Cacna1a	0	0	0	0	0	0	0	-1.5	0	0	0	0	0	0	0	0	0	0	0	0	0	0	0	0	0	0	0	-1.5	-1.5	-1.5	0
Cacna1i	0	0	0	0	0	1.5	0	0	0	0	0	0	0	0	0	0	0	0	0	0	0	0	0	0	0	0	0	0	0	0	0
Cacnb3	0	0	0	0	0	0	0	0	0	1.5	0	0	0	0	0	0	0	1.5	1.5	0	0	0	0	0	0	0	0	0	0	0	0
Cacnb4	0	0	0	0	0	0	0	0	0	0	0	0	0	0	0	0	0	0	0	0	0	-1.5	0	0	0	0	0	0	0	0	0
Camk2g	0	1.5	0	0	0	0	0	0	0	0	0	0	0	0	0	0	1.5	1.5	1.5	0	0	0	0	0	0	0	0	0	0	0	0
Camk2n1	0	1.5	0	0	0	0	0	1.5	0	0	0	0	0	0	0	1.5	0	1.5	0	0	0	1.5	0	0	0	0	0	0	0	0	1.5
Capzb	0	0	0	1.5	0	0	0	1.5	0	0	0	0	0	0	0	0	0	0	0	0	0	1.5	1.5	0	0	0	0	0	0	0	0
Car5b	0	0	0	0	0	0	1.5	0	0	0	0	0	0	0	0	0	0	0	0	0	0	1.5	1.5	0	0	0	0	0	0	1.5	0
Card14	0	-1.5	-1.5	0	0	0	0	0	0	0	0	0	0	0	0	0	0	0	0	0	0	0	0	0	0	0	0	0	0	0	0
Casp6	0	0	0	0	0	0	0	0	0	0	0	0	0	0	0	0	0	0	0	0	0	1.5	0	0	0	0	0	0	0	0	0
Casq1	0	0	0	0	0	0	0	-1.5	0	0	0	0	0	0	0	0	0	0	0	0	0	0	0	0	0	0	0	0	-1.5	0	0
Cbx4	0	-1.5	0	0	0	0	0	0	0	0	0	0	0	0	0	0	0	0	0	0	0	0	0	0	0	0	0	0	-1.5	-1.5	0
Ccbl1	0	0	0	0	0	0	0	0	0	0	-1.0	0	0	0	0	0	0	0	0	0	0	0	0	0	0	0	0	0	0	0	0
Ccdc12	0	0	0	0	0	0	0	1.5	0	0	0	0	0	0	0	0	0	0	0	0	0	1.5	0	0	0	0	0	0	1.5	1.5	0
Ccdc148	0	0	0	0	0	0	0	1.5	0	0	0	0	0	0	0	1.5	0	1.5	1.5	0	0	0	0	0	0	0	0	0	0	1.5	0
Ccdc30	0	0	0	0	0	0	0	0	0	0	0	0	0	0.5	0	0	0	0	0	0	0	0	0	0	0	0	0	0	0	0	0
Ccdc42b	0	0	0	0	0	0	0	0	0	0	0	0	0	0	0	0	0	0	0	0	0	-1.5	-1.5	-1.5	0	0	0	0	0	0	0
Ccdc51	0	0	0	0	0	0	0	0	0	0	0	0	1.5	0	0	0	1.5	0	0	0	0	0	0	0	0	0	0	0	0	0	0
Ccdc57	0	-1.5	0	0	0	0	0	0	0	0	0	0	0	0	0	0	0	0	0	0	0	0	0	0	0	0	0	-1.5	-1.5	0	0
Ccdc63	0	1.5	1.5	0	0	0	0	0	0	0	0	0	0	0	0	0	0	0	0	0	0	0	0	0	0	0	0	0	1.5	0	0
Ccdc64b	0	0	0	0	0	0	0	0	0	0	0	0	0	0	0	0	-0.5	0	0	0	0	0	0	0	0	0	0	0	0	-1.5	0
Ccdc69	0	0	0	0	0	0	0	0	0	0	0	0	0	0	0	0	0	0	0	0	0	0	0	0	0	0	0	0	0	1.5	0
Ccnb2	0	0	0	0	0	0	0	0	0	0	0	0	1.5	0	0	0	0	0	0	0	0	0	0	0	0	0	0	1.5	0	1.5	0
Ccnd3	0	1.5	0	0	0	0	1.5	1.5	0	1.5	1.5	0	0	0	0	0	0	0	1.5	0	0	1.5	0	1.5	1.5	0	0	0	1.5	1.5	0
Ccr6	0	0	0	0	0	0	0	0	0	0	0	0.5	0	1.5	0	0	0	0	0	0	1.5	0	0	0	0	0	1.0	0	0	0	0
Ccr8	0	0	0	0	0	0	0	1.5	0	0	0	0	0	0	0	0	1.5	0	0	0	0	0	0	1.5	0	0	0	0	0	0	0
Ccr9	0	0	0	0	0	0	0	0	0	0	0	0	0	0	0	0	0	-1.5	-1.5	0	0	0	0	0	0	0	0	0	0	0	0
Cct6b	0	0	0	0	0	0	0	0	0	0	0	0	0	0	0	0	0	0	0	0	0	0	0	0	0	0	0	-0.5	0	0	0
Cd101	0	0	0	0	0	0	0	0.5	0	0	0	0	0	0	0	0	0	0	0	0	0	0.5	0	0	0	0	0	0	0	0	0
Cd164	0	0	0	0	0	0	0	0	-1.5	0	0	0	0	0	0	0	0	0	0	0	0	0	0	0	-1.5	0	0	0	0	0	0
Cd2	0	0	0	1.5	0	0	1.5	0	0	1.5	0	0	0	0	1.5	0	1.5	1.5	1.5	0	0	1.5	1.5	1.5	1.5	0	0	0	0	0	0
Cd24a	0	-1.5	0	0	0	0	0	-1.5	0	0	0	0	0	0	0	0	0	0	0	0	0	0	0	0	0	0	0	0	-1.5	-1.5	0
Cd3d	0	1.5	0	0	0	0	1.5	0	0	0	0	0	0	0	0	0	0	0	0	0	0	0	0	0	0	0	0	0	0	1.5	0
Cd3g	0	1.5	0	1.5	0	0	1.5	0	0	0	0	0	0	0	0	0	0	0	0	0	0	0	0	0	0	0	0	0	1.5	1.5	0
Cd47	0	0	0	0	0	0	0	0	0	0	0	0	0	0	1.5	0	0	0	1.5	0	0	0	0	0	0	0	0	0	0	0	0
Cd52	0	0	0	0	0	0	0	0	0	0	0	0	1.5	0	0	0	0	0	0	0	0	0	0	0	0	0	0	0	0	1.5	0
Cd72	0	-1.5	0	0	0	0	0	0	0	0	0	0	0	0	0	0	0	0	0	0	0	0	0	-1.5	-1.5	0	0	0	0	0	0
Cd79a	0	-1.5	0	-1.5	0	0	0	-1.5	0	0	0	0	0	0	0	0	0	0	0	0	0	0	0	0	0	0	0	0	-1.5	-1.5	0
Cd83	0	0	0	0	-0.5	0	0	0	0	0	0	0	0	0	0	0	0	0	0	0	0	0	0	0	0	0	0	0	0	0	0
Cd97	0	0	0	1.5	0	0	0	0	0	0	1.5	0	0	0	0	0	0	1.5	1.5	0	0	0	0	1.5	1.5	0	0	0	0	1.5	0
Cdc42ep4	0	0	0	0	0	0	0	-0.5	0	0	0	0	0	0	0	0	0	0	0	0	0	0	0	0	0	0	0	0	0	-0.5	0
Cdh10	0	0	0	0	0	0	0	0	0	0	0	0	0	0.5	0	0	0	0	0	0	0.5	0	0	0	0	0	0	0	0	0	0
Cdh17	0	0	0	0	0	0	0	0	0	0	0	0	0	0	0	0	0	1.5	0	0	0	0	0	0	0	0	0	0	0	0	0
Cdkl3	0	0	0	0	0	1.5	0	1.5	1.5	0	0	0	0	0	0	0	0	0	0	0	0	0	0	0	1.5	0	0	0	1.5	1.5	0
Cdkn2aipnl	0	0	0	0	0	0	0	0	0	0	0	0	0	0	0	0	0	0	0	0	0	0	0	0	0	0	0	0	0	1.5	0
Cdkn2d	0	0	0	0	0	0	0	0	0	0	0	0	0	0	0	0	0	0	0	0	0	1.5	0	1.5	0	0	0	0	0	0	0
Cdyl2	0	1.5	0	0	0	0	0	0	0	1.5	0	0	0	0	0	0	0	1.5	1.5	0	0	0	0	0	0	0	0	0	1.5	0	0
Ceacam16	0	1.5	0	0	0	0	0	0	0	0	0	0	1.5	0	0	0	0	0	0	0	0	1.5	1.5	1.5	0	0	0	0	0	0	0
Celsr1	0	0	0	0	0	0	0	0	0	0	0	0	0	0	0	0	0	1.5	1.5	0	0	0	0	0	0	0	0	0	0	0	0
Cenpm	0	1.5	1.5	0	0	0	0	0	0	0	0	0	1.5	0	0	0	0	0	0	0	0	0	0	1.5	0	0	0	0	1.5	0	0
Cep170	0	0	0	0	0	0	0	0	0	0	0	0.5	0	0	0	0	0	0	0	0	0	0	0	0	0	0	0	0	0	0	0
Cflar	0	0.5	0	0	0	0	0	0.5	0	0	0	0	0	0	0	0	0	0	0	0	0	0	0	0	0	0	0	0	0.5	0	0
Cgref1	0	0	0	0	0	0	0	0	0	0	0	0	0	0	0	0	-0.5	0	0	0	0	-1.5	0	0	0	0	0	0	-1.5	-1.5	0
Chd2	0	0	0	0	0	0	0	-1.5	0	0	0	0	0	0	0	0	0	0	-1.5	0	0	0	0	0	0	0	0	0	0	0	0
Chd3	0	0	-1.5	0	0	0	0	-1.5	0	0	0	0	0	0	0	0	-0.5	0	0	0	0	0	0	0	0	0	0	0	-1.5	0	0
Chka	0	-1.5	-1.5	0	0	0	0	0	0	0	0	0	-1.5	0	0	0	0	0	0	0	0	0	0	0	0	0	0	0	-1.5	0	0
Chst10	0	0	0	0	0	0	0	0	0	0	0	0	0	0	0	0	0	0	0	0	0	0	0	1.5	0	0	0	0	0	0	0
Chsy1	0	1.5	0	0	0	0	1.5	0	0	0	0	0	1.5	0	0	0	1.5	0	0	0	0	1.5	0	1.5	1.5	0	0	0	0	0	0
Cideb	0	0	0	0	0	0	0	-0.5	0	0	0	0	0	0	0	0	0	0	0	0	0	-1.5	0	0	0	0	0	0	-0.5	0	0
Cirbp	0	0	0	0	0	0	0	-1.5	0	0	-1.0	0	0	0	0	0	0	-1.5	-1.5	0	0	0	0	-1.5	0	0	0	-1.5	-1.5	-1.5	0
Cisd3	0	0	0	0	0	0	0	0	0	0	0	0	0	0	0	0	0	0	0	0	0	1.5	0	1.5	0	0	0	0	0	0	0
Cish	0	1.5	1.5	0	0	0	1.5	1.5	1.5	0	1.5	0	1.5	0	0	0	0	1.5	0	0	0	0	1.5	1.5	0	0	0	0	1.5	1.5	0
Ckap2l	0	0	0	0	0	0	0	0	0	0	0	0	0	0	0	0	0	0	0	0	0	1.5	0	0	0	0	0	0	0	0	0
Cks2	0	0	0	0	0	0	0	0	0	0	0	0	0	0	0	0	0	0	0	0	0	1.5	0	0	0	0	0	0	0	0	0
Clec12a	0	0	0	0	0	0	0	0	0	0	0	0	0	0	0	0	0	0	0	0	0	0	0	0	0	0	0	0	0	1.5	0
Clic1	0	0	0	0	0	0	0	1.5	0	1.5	0	0	1.5	0	0	0	0	0	0	0	0	0	0	0	0	0	0	1.5	1.5	0	0
Cln3	0	0	0	0	0	0	0	0	1.5	0	0	0	0	0	0	0	0	0	0	0	0	0	0	0	1.5	0	0	0	0	0	0
Cmah	0	0	0	0	0	0	0	1.5	0	0	1.5	0	0	0	0	0	0	0	0	0	0	0	0	0	0	0	0	0	0	0	0
Cmbl	0	0	0	0	0	0	0	0	0	0	0	0	0	0	0	0	0	0	0	0	0	0	0	0	0	0	0	0	0	-1.5	0
Cmklr1	0	0	0	0	0	0	0	1.5	0	0	0	0	1.5	0	0	0	0	0	0	0	0	1.5	0	1.5	0	0	0	0	0	0	0
Cmtm7	0	0	0	0	0	0	0	0	0	0	0	0	0	0	0	0	0	0	0	0	0	0	1.5	0	0	0	0	0	0	0	0
Cmtm8	0	0	0	0	0	0	0	0	0	0	0	0	0	0	0	0	0	0	0	0	0	0	-1.5	0	0	0	0	0	0	0	0
Cnga1	0	0	0	0	0	0	0	0	0	0	0	0	0	0	0	0	0	1.5	1.5	0	0	0	0	0	0	0	0	0	0	0	0
Cnnm2	0	0	0	0	0	0	0	-1.5	0	0	0	0	0	0	0	0	0	0	0	0	0	0	0	-1.5	0	0	0	0	-1.5	0	0
Cnp	0	0	1.5	0	0	0	0	0	0	0	0	0	0	0	0	0	0	0	0	0	0	0	0	0	0	0	0	0	1.5	0	0
Cntd1	0	0	0	0	0	0	0	0	0	0	0	0	-1.5	0	0	0	0	0	0	0	0	0	0	0	0	0	0	0	0	-1.5	0
Coasy	0	0	0	0	0	0	0	0	1.5	0	1.5	0	1.5	0	0	0	0	0	0	0	0	0	0	0	1.5	0	0	0	0	0	0
Col23a1	0	0	0	0	0	0	0	0	0	0	0	0	0	0	0	0	0	0	0	0	0	0	0	0	0	0	0	-1.5	0	-1.5	0
Comt	0	0.5	0.5	0	0	0	0	0	0	0	0	0	0	0	0	0	0	0	0	0	0	0	0	0	0	0	0	0	0.5	0	0
Coro1a	0	1.5	0	0	0	0	0	0	1.5	1.5	0	0	0	0	1.5	0	0	0	0	0	0	0	0	0	1.5	0	0	0	1.5	1.5	0
Coro2a	0	0	0	0	0	0	0	0	0	0	0	0	0	0	0	1.5	1.5	0	0	0	0	1.5	0	1.5	0	0	0	0	0	0	0
Coro2b	0	0	0	-1.5	0	0	0	0	0	0	0	0	0	0	0	0	0	-1.5	0	0	0	0	0	0	0	0	0	0	0	0	0
Cox10	0	0	0	0	0	0	0	0	0	0	0	0	0	1.5	0	0	0	0	0	0	1.5	0	0	0	0	0	0	0	0	0	0
Cox5a	0	0	0	0	0	0	0	1.5	0	0	0	0	0	0	0	0	0	0	0	0	0	0	0	0	0	0	0	0	0	0	0
Cpe	0	0	0	0	0	0	0	0	0	0	0	0	0	1.5	0	0	0	0	0	0	1.5	0	0	0	0	1.5	0	0	0	0	0
Cpm	0	0	0	0	0	0	0	0	-1.5	0	-1.0	0	0	0	0	0	0	-1.5	-1.5	0	0	-1.5	0	0	-1.5	0	0	0	0	-1.5	0
Crim1	0	0	0	0	-0.5	0	0	0	0	0	0	0	0	0	0	0	0	0	0	0	0	0	0	0	0	0	0	0	0	0	0
Crip1	0	1.5	1.5	1.5	0	0	0	1.5	0	0	0	0	0	0	0	0	0	1.5	0	0	0	0	0	0	0	0	0	0	0	0	0
Crip2	0	-1.5	-1.5	-1.5	0	0	0	-1.5	0	0	0	0	0	0	0	0	0	-1.5	0	0	0	0	0	0	0	0	0	0	0	0	0
Crispld2	0	0	0	0	0	0	0	0	0	0	0	0	0	0	0	0	0	0	0	0	0	0.5	0	0	0	0	0	0	1.5	0	0
Crmp1	0	0	0	1.5	0	0	0	0	0	0	0	0	0	0	0	0	0	1.5	0	0	0	0	0	0	0	0	0	0	0	0	0
Csf1	0	0	0	0	0	0	0	0	0	0	0	0	0	0	0	0	0	0	0	0	0	0	0	0	0	0	0	0	0	1.5	0
Csf2	0	0	0	0	0	0	0	0	0	0	1.5	0	0	0	0	0	0	0	0	0	0	1.5	0	1.5	0	0	0	0	0	1.5	0
Csnk2b	0	0	0	1.5	0	0	0	0	0	0	0	0	0	0	0	0	0	0	0	0	0	0	0	0	0	0	0	0	0	1.5	0
Ctla4	0	0	0	0	0	0	0	0	0	0	0	0	0	0	0	0	0	-1.5	-1.5	0	0	0	0	0	0	0	0	0	0	-1.5	0
Ctsd	0	0	0	0	0	0	0	1.5	0	1.5	0	0	0	0	0	0	0	0	0	0	0	0	1.5	0	0	0	0	1.5	1.5	0	0
Ctsk	0	0	0	0	0	0	0	0	0	0	0	0	0	0	0	0	-0.5	-1.5	-1.5	0	0	-1.5	0	0	0	0	0	0	-1.5	0	0
Ctsw	0	1.5	1.5	0	0	0	0	0	0	1.5	0	0	0	0	0	0	0	0	0	0	0	0	0	0	0	0	0	0	1.5	1.5	0
Cttn	0	0	0	0	0	0	0	0	0	0	0	0	0	0	0	0	0	-1.5	-1.5	0	0	-1.5	0	0	0	0	0	0	0	0	0
Cuedc1	0	0	0	-1.5	0	0	0	0	0	0	0	0	0	0	0	0	0	0	0	0	0	0	0	0	0	0	0	0	0	0	0
Cutc	0	0	0	1.5	0	0	0	0	0	0	0	0	0	0	0	0	0	1.5	1.5	0	0	0	0	0	0	0	0	0	0	0	0
Cwc25	0	-1.5	0	0	0	0	0	-1.5	0	0	0	0	-1.5	0	0	0	0	0	0	0	0	0	0	0	0	0	0	-1.5	-1.5	-1.5	0
Cx3cr1	0	0	0	1.5	0	0	0	0	0	0	0	0	0	0	0	1.5	1.5	1.5	0	0	0	1.5	0	1.5	0	0	0	0	0	0	1.5
Cxcl16	0	0	0	-1.5	0	0	0	0	0	0	0	0	0	0	0	0	0	0	0	0	0	0	0	0	0	0	0	0	0	-1.5	0
Cxcl3	0	0	0	0	0	0	0	0	0	0	0	0	0	0	0	0	0	0	0	0	0	0	0	0	0	0	1.0	0	0	0	0
Cxcr3	0	0	0	0	0	0	0	0	0	0	0	0	0	0	0	0	0	0	0	0	0	1.5	0	0	0	0	0	0	0	0	0
Cxcr4	0	1.5	0	0	0	0	0	1.5	0	0	0	0	0	0	0	0	0	0	0	0	0	0	0	0	0	0	0	0	1.5	0	0
Cxcr5	0	-1.5	0	-1.5	0	0	0	-1.5	0	0	0	0	0	0	0	0	0	0	0	0	0	0	0	0	0	0	0	0	-1.5	0	0
Cyb561	0	0	0	-1.5	0	0	0	0	0	0	0	0	0	0	0	0	0	0	0	0	0	0	0	0	0	0	0	0	-1.5	0	0
Cyba	0	1.5	0	0	0	0	0	0	0	0	0	0	0	0	0	0	0	0	0	0	0	0	1.5	0	0	0	0	0	0	0	0
Cyp4f16	0	0	0	0	0	0	0	0	0	0	0	0	0	0	0	0	0	0	0	0	0	0	0	0	0	0	0	0	0	1.5	0
Cysltr1	0	0	0	0	0	0	0	0	0	0	0	0	0	1.5	0	0	0	0	0	0	0	0	0	0	0	0	1.0	0	0	0	0
Cyth3	0	0	0	0	0	0	0	0	0	0	0	0	0	0	0	0	0	0	-1.5	0	0	0	0	0	0	0	0	0	0	0	0
Cytip	-0.5	-1.5	0	0	0	0	0	0	0	0	0	0	-1.5	0	0	0	-0.5	-0.5	-0.5	0	0	-0.5	0	0	0	0	0	0	0	0	0
D030028a08rik	0	0	0	0	0	0	0	0	-1.5	0	0	0	-1.5	0	0	0	0	0	0	0	0	0	-1.5	0	0	0	0	0	0	0	0
D16ertd472e	0	0	0	0	0	0	0	0	0	0	0	0	0	0	0	0	0	0	0	0	0	-1.5	0	0	0	0	0	0	0	0	0
D630039a03rik	0	0	0	0	0	0	0	0	0	0	1.5	0	0	0	0	0	1.5	1.5	0	0	0	0	0	0	0	0	0	0	0	0	0
D730005e14rik	0	0	0	0	0	0	0	0	0	0	0	0	0	0	0	0	0	0	1.5	0	0	0	0	0	0	0	0	0	0	0	0
Daam2	0	0	0	0	0	0	0	0	0	0	0	0	0	1.5	0	0	0	0	0	0	1.5	0	0	0	0	1.5	0	0	0	0	0
Dab2ip	0	0	0	1.5	0	0	0	0	0	0	1.5	0	0	0	0	0	1.5	0	0	0	0	0	0	0	0	0	0	0	0	0	0
Dag1	0	0	0	0	0	0	0	-1.5	0	0	0	0	0	0	0	0	0	0	0	0	0	0	0	0	0	0	0	0	0	0	0
Dap	0	0	0	0	0	0	0	1.5	0	1.5	0	0	0	0	0	0	0	1.5	1.5	0	0	0	1.5	0	0	0	0	0	1.5	0	0
Dapk2	0	0	0	0	0	0	0	-1.5	0	0	0	0	0	0	0	0	0	0	0	0	0	0	0	-1.5	0	0	0	0	0	0	0
Dcps	0	1.5	0	0	0	0	0	0	0	0	0	0	1.5	0	0	0	0	0	0	0	0	0	0	1.5	0	0	0	0	0	0	0
Ddx3x	0	0	0	0	0	0	0	0	-1.5	0	0	0	0	0	0	0	0	0	0	0	0	0	0	0	-1.5	0	0	0	0	0	0
Dennd4a	0	-1.5	-1.5	0	0	0	0	0	0	0	0	0	0	0	0	0	0	0	0	0	0	0	0	0	0	0	0	0	-1.5	0	0
Dgat1	0	-1.5	0	0	0	0	0	0	0	0	0	0	0	0	0	0	0	-1.5	-1.5	0	0	0	0	0	0	0	0	0	0	0	0
Dgkg	0	0	0	0	0	0	0.5	0.5	0	0	0	0	0	0	0	0	0	0.5	0.5	0	0	0	0	0	0	0	0	0	0	0	0
Dgkh	0	1.5	0	1.5	0	0	0	0	0	0	0	0	0	0	0	0	0	0	0	0	0	0	1.5	0	0	0	0	0	0	1.5	0
Dgkz	0	1.5	1.5	0	0	0	0	1.5	0	0	0	0	1.5	0	0	0	0	0	0	0	0	0	0	1.5	0	0	0	0	1.5	0	0
Dixdc1	0	0	0	0	0	0	0	0	0	0	0	0	0	0	0	0	0	-1.5	0	0	0	0	-1.5	0	0	0	0	0	0	0	0
Dlc1	0	0	0	0	0	0	0	0	0	0	0	0	0	0.5	0	0	0	0	0	0	0.5	0	0	0	0	0	0	0	0	0	0
Dleu2	0	0	0	0	0	0	0	-1.5	0	0	0	0	0	0	0	0	0	0	0	0	0	0	0	0	0	0	0	0	-1.5	0	0
Dmc1	0	0	0	0	0	0	0	0	0	0	0	0	0	0.5	0	0	0	0	0	0	0	0	0	0	0	0	0	0	0	0	0
Dnajc15	0	0	0	0	0	0	0	0	0	0	0	0	0	0	0	0	0	0	1.5	0	0	0.5	0	0	0	0	0	0	0	0	1.5
Dnajc6	0	-1.5	0	0	0	0	0	0	0	0	0	0	0	0	0	0	-0.5	-1.5	-1.5	0	0	-1.5	0	0	0	0	0	0	0	-1.5	0
Dnm3	0	0	0	0	0	0	0	0	0	0	0	0	0	0	0	0	0	0	0	0	0	0	0	-1.5	0	0	0	0	0	0	0
Dnm3os	0	0	0	0	0	0	0	0	0	0	0	0	0	0	0	0	0	0	0	0	0	0	0	-1.5	0	0	0	0	0	0	0
Dos	0	-1.5	-1.5	0	0	0	0	0	0	0	0	0	0	0	0	0	0	0	0	0	0	0	0	0	0	0	0	0	-1.5	-1.5	0
Dot1l	0	0	0	0	0	0	0	0	0	0	0	0	0	0	0	0	-0.5	-1.5	0	-1.5	0	-1.5	0	-1.5	0	0	0	0	-1.5	-1.5	0
Dpcd	0	0	0	1.5	0	0	0	0	0	0	1.5	0	0	0	0	0	0	0	0	0	0	0	0	0	0	0	0	0	0	0	0
Dph1	0	0	0	0	0	0	0	0	0	0	0	0	0	0	0	0	0	0	0	-1.5	0	0	0	-1.5	0	0	0	0	0	-1.5	0
Dscam	0	0	0	0	0	0	0	0	0	0	0	0	0	-1.0	0	0	0	0	0	0	0	0	0	0	0	0	0	0	0	0	0
Dse	0	0	0	0	-0.5	0	0	0	0	0	0	0	0	0	0	0	0	0	0	0	0	0	0	0	0	0	0	0	0	0	0
Dtx4	0	0	0	0	0	0	0	0	0	0	0	0	0	0	0	0	0	0	0	0	0	0	0	0	0	0	0	0	0	-1.5	0
Dusp14	0	0	0	0	0	0	0	0	0	0	0	0	0	0	0	0	0	0	0	0	0	0	0	0	0	0	0	0	0	1.5	0
Dusp2	0	1.5	1.5	0	0	0	0	1.5	0	1.5	0	0	0	0	1.5	1.5	1.5	0	0	0	0	0	0	0	0	0	0	0	1.5	1.5	0
Dusp7	0	0	0	1.5	0	0	0	1.5	0	0	0	0	0	0	0	0	0	0	0	0	0	0	0	1.5	0	0	0	0	0	0	0
E2f2	0	0	0	1.5	0	0	0	1.5	0	0	0	0	0	0	0	0	0	0	0	0	0	1.5	0	1.5	0	0	0	0	0	1.5	0
E430016f16rik	0	0	0	0	0	0	0	0	0	0	0	0	0	0	0	0	0	0	0	0	0	0	0	0	0	0	0	0	0	-1.5	0
Ech1	0	0	0	0	0	0	0	0	0	0	0	0	0	0	0	0	0	0	0	0	0	0.5	0.5	0	0	0	0	0	0	0	0
Edaradd	0	1.5	0	0	0	0	0	0	0	0	0	0	0	0	0	0	0	0	0	0	0	0	0	1.5	0	0	0	0	0	0	0
Eef2k	0	-1.5	0	0	0	0	0	0	0	0	0	0	0	0	0	0	0	0	0	0	0	0	0	-1.5	0	0	0	0	-1.5	-1.5	0
Efcab4a	0	0	0	0	0	0	0	-1.5	0	0	0	0	0	0	0	0	0	0	0	0	0	0	0	0	0	0	0	0	0	0	0
Efcab4b	0	0	0	1.5	0	0	0	0	0	0	0	0	0	0	0	0	0	0	0	0	0	1.5	0	0	0	0	0	0	0	0	0
Egr2	0	0	0	0	0	0	0	0	0	0	0	0	1.5	0	0	0	0	0	0	0	0	0	0	0	0	0	0	0	0	0	0
Ehd2	0	0	0	-1.5	0	0	0	0	0	0	0	0	0	0	0	0	0	0	0	0	0	0	0	0	0	0	0	0	0	0	0
Elf1	0	0	0	0	0	0	0	0	0	0	0	0	0	0	0	0	0	-0.5	0	0	0	0	0	0	0	0	0	0	0	0	0
Elk3	0	0	0	0	0	0	0	0.5	0	0	0	0	0	0	0	0	0	0	0	0	0	0	0	0	0	0	0	0	0	1.5	0
Elovl5	0	-1.5	0	0	0	0	0	0	0	0	0	0	0	0	0	0	0	0	0	0	0	0	0	0	0	0	0	0	0	-1.5	0
Emb	0	0	0	0	0	0	0	0	0	0	0	0	0	0	0	0	-0.5	0	0	0	0	0	0	0	0	0	0	0	0	-0.5	0
Emid1	0	0	0	0	0	0	0	-1.5	0	0	0	0	0	0	0	0	0	0	0	0	0	0	0	0	0	0	0	0	0	0	0
Emp3	0	1.5	0	1.5	0	0	0	1.5	0	0	0	0	0	0	0	0	0	0	0	0	0	0	0	0	0	0	0	0	0	1.5	0
Endou	0	0	0	0	0	0	0	0	0	0	-1.0	0	0	0	0	0	0	0	0	0	0	0	0	-1.5	0	0	0	0	0	0	0
Enpp3	0	-1.5	-1.5	0	0	0	0	0	0	0	0	0	0	0	0	0	0	0	0	0	0	0	0	0	0	0	0	0	0	-1.5	0
Enthd1	0	0	0	0	0	0	0	0	0	0	0	0	0	0	0	0	0	0	0	0	0	0	0	0	0	0	0	0	0	1.5	0
Epb4.1l5	0	0	0	0	0	0	0	0	0	0	0	0	0	1.5	0	0	0	0	0	0	1.5	0	0	0	0	0	0	0	0	0	0
Eps8	0	0	0	0	0	0	0	0	1.5	0	0	0	0	0	0	0	0	0	0	0	0	0	0	0	1.5	0	0	0	1.5	0	1.5
Eps8l2	0	0	0	0	0	0	0	0	0	0	0	0	0	0	0	0	0	-1.5	-1.5	0	0	0	0	0	0	0	0	0	0	0	0
Ern1	0	0	0	0	0	0	0	0	0	0	0	0	0	0	0	0	0	-0.5	-0.5	0	0	-0.5	0	0	-0.5	0	0	0	0	-0.5	0
Espl1	0	1.5	0	0	0	0	0	0	0	0	0	0	0	0	0	0	0	0	0	0	0	0	0	0	0	0	0	0	0	0	0
Espn	0	0.5	0	1.5	0	0	0	0.5	0	0	0	0	0	0	0	0	0	0	0	0	0	0	0	0	0	0	0	0	0	0.5	0
Evi5	0	-1.5	-1.5	0	0	0	0	0	0	0	0	0	0	0	0	0	0	0	0	0	0	0	0	0	0	0	0	0	0	0	0
Evl	0	1.5	0	0	0	0	0	0	0	0	0	0	0	0	0	0	0	0	0	0	0	1.5	0	0	0	0	0	0	0	0	0
Exoc6	0	0	0	1.5	0	0	0	0	0	0	0	0	0	0	0	0	0	0	0	0	0	0	0	0	0	0	0	0	0	0	0
Extl3	0	0	0	0	0	0	0	0	0	0	0	0	0	0	0	0	0	0	1.5	0	0	0	1.5	0	0	0	0	0	0	0	0
F13a1	0	0	0	0	0	0	0	1.5	0	0	0	0	0	0	0	0	0	0	0	0	0	0	0	0	0	0	0	0	0	0	0
F2rl2	0	0	0	0	0	0	1.5	0	0	0	0	0	0	0	0	0	0	0	0	0	0	0	0	0	0	0	0	0	0	0	0
F2rl3	0	0	0	0	0	0	0	0	0	0	1.5	0	0	0	0	0	0	0	0	0	0	0	0	0	0	0	0	0	0	0	0
Fads6	0	0	0	-1.5	0	0	0	0	0	0	0	0	-1.5	0	0	0	0	0	0	0	0	0	0	0	0	0	0	0	0	0	0
Fam101b	0	0	0	0	0	0	0	-1.5	0	0	0	0	0	0	0	0	0	0	0	0	0	0	0	0	0	0	0	0	-1.5	0	0
Fam102a	0	0	0	0	0	0	1.5	0	0	0	0	0	0	0	0	0	0	0	0	0	0	0	0	0	0	0	0	0	0	0	0
Fam109b	0	0	0	0	0	0	0	-1.5	0	0	-1.0	0	-1.5	0	0	0	0	0	0	0	0	0	0	0	0	0	0	0	0	0	0
Fam114a1	0	0	0	0	0	0	0	0	0	0	0	0	0	0	0	0	0	0	0	0	0	-1.5	0	0	0	0	0	0	0	0	0
Fam129b	0	0	0	0	0	0	0	0	0	1.5	0	0	0	0	0	0	0	0	0	0	0	0	0	1.5	0	0	0	0	1.5	1.5	0
Fam159b	0	0	0	0	0	0	0	0	0	0	0	0	0	1.5	0	0	0	0.5	0.5	0	1.5	0	0	0	0	0	0	0	0	0.5	0
Fam162a	0	0	0	0	0	0	0	0	0	0	0	0	0	0	0	0	0	0	1.5	0	0	0	0	0	0	0	0	0	0	0	0
Fam188b	0	0	0	0	0	0	0	-1.5	0	0	0	0	0	0	0	0	0	0	0	0	0	0	0	0	0	0	0	0	0	-1.5	0
Fam19a3	0	1.5	0	0	0	0	0	1.5	0	0	0	0	0	0	0	0	1.5	0	0	0	0	0	0	0	0	0	0	0	1.5	0	0
Fam53b	0	1.5	0	0	0	0	1.5	1.5	0	0.5	0	0	0	0	0	0	1.5	1.5	0	0	0	0	0	0	0	0	0	0	1.5	1.5	0
Fam64a	0	0	0	0	0	0	0	0	0	0	0	0	0	0	0	0	1.5	0	0	0	0	0	0	0	0	0	0	0	0	0	0
Fam65c	0	-1.5	0	0	0	0	0	0	0	0	0	0	0	0	0	0	0	-1.5	0	0	0	-1.5	0	-1.5	0	0	0	0	0	-1.5	0
Fam69a	0	1.5	0	1.5	0	0	1.5	0	0	1.5	0	0	0	0	0	0	0	0	0	0	0	0	0	1.5	0	0	0	0	0	0	0
Fam71b	0	0	0	0	0	0	0	0	0	0	0	0	0	0	0	0	0	0	0	0	0	1.5	0	1.5	0	0	0	0	0	1.5	0
Fam71f2	0	0	0	0	0	0	0	0	0	0	0	0	0	0	0	1.5	1.5	0	0	0	0	0	0	0	0	0	0	0	0	0	0
Fam72a	0	0	-1.5	0	0	0	0	0	0	0	0	0	0	0	0	0	0	0	0	0	0	0	0	0	0	0	0	0	0	0	0
Fam76a	0	-1.5	0	0	0	0	0	0	0	0	0	0	0	0	0	0	0	0	0	0	0	0	0	0	0	0	0	0	-1.5	-1.5	0
Fam78a	0	0	0	1.5	0	1.5	0	0	0	0	0	0	0	0	0	0	0	0	0	0	0	0	0	0	0	0	0	0	0	0	1.5
Fam83g	0	-1.5	0	0	0	0	0	0	-1.5	0	0	0	0	0	0	0	0	0	0	0	0	0	0	0	-1.5	0	0	0	0	0	0
Fam89a	0	0	0	0	0	0	0	1.5	0	0	0	0	0	0	0	0	0	0	0	0	0	0	0	0	0	0	0	0	0	0	0
Fance	0	0	0	0	0	0	0	0	0	0	0	0	0	0	0	0	0	0	0	0	0	1.5	0	0	0	0	0	0	0	0	0
Fanci	0	0	0	0	-0.5	0	0	0	0	0	0	0	0	0	0	0	0	0	0	0	0	0	0	0	0	0	0	0	0	0	0
Fank1	0	0	0	0	0	0	0	0	0	0	0	0	0	0	0	0	-0.5	0	0	0	0	0	0	0	0	0	0	0	0	0	0
Farp1	0	0	0	0	0	0	0	0	0	0	0	0	0	1.5	0	0	0	0	0	0	0	0	0	0	0	0	0	0	0	0	0
Fasl	0	0	0	0	0	0	0	0	0	0	0	0	0	-1.0	0	0	0	0	0	0	0	0	0	0	0	0	0	0	0	0	0
Fasn	0	-1.5	0	-1.5	0	0	0	-1.5	0	0	0	0	0	0	0	0	0	0	0	0	0	0	0	0	0	0	0	-1.5	-1.5	0	0
Fastkd1	0	0	0	0	0	1.5	0	0	0	0	0	0	0	0	0	0	0	0	0	0	0	0	0	0	0	0	0	0	0	0	0
Fbxl8	0	0	0	0	0	0	0	0	0	0	0	0	0	0	0	0	0	0	0	0	0	1.5	0	0	0	0	0	0	0	0	0
Fbxo17	0	0	0	0	0	0	0	1.5	0	0	0	0	0	0	0	0	0	0	0	0	0	0	0	0	0	0	0	0	0	0	0
Fbxo31	0	1.5	0	0	0	0	0	0	0	0	0	0	0	0	0	0	0	0	0	0	0	0	0	0	0	0	0	0	0	0	0
Fbxw10	0	0	0	0	0	0	0	0	0	0	-1.0	0	0	0	0	0	-0.5	0	0	0	0	-1.5	0	0	0	0	0	0	0	-1.5	0
Fbxw4	0	0	0	1.5	0	0	0	1.5	0	0	1.5	0	0	0	0	0	0	0	0	0	0	0	0	0	0	0	0	0	0	0	0
Fbxw9	0	0	0	-1.5	0	0	0	0	0	0	0	0	0	0	0	0	0	0	0	0	0	0	0	0	0	0	0	0	-1.5	-1.5	0
Fcgrt	0	0	0	0	0	0	0	0	0	0	0	0	0	0	0	0	0	0	0	0	0	0	0	-1.5	0	0	0	0	0	0	0
Fcrl6	0	0	0	0	0	0	0	0	0	0	0	0	0	0	0	0	0	0	0	0	0	0	1.5	0	0	0	0	0	0	0	0
Fcrla	0	0	0	0	0	0	0	0	0	0	0	0	0	0	0	0	0	0	0	0	0	0	-1.5	0	0	0	0	0	0	0	0
Fermt3	0	1.5	0	0	0	0	1.5	0	0	0	0	0	0	0	0	0	0	0	0	0	0	0	0	0	0	0	0	0	0	0	0
Fhl2	0	0	0	0	0	0	0	1.5	0	1.5	0	0	0	0	0	0	0	0	0	0	0	0	0	0	0	0	0	0	0	0	0
Fhod1	0	0	0	0	0	0	0	0	0	1.5	0	0	0	0	0	0	0	0	0	0	0	0	0	0	0	0	0	0	0	0	0
Fibcd1	0	0	0	0	0	0	0	0	0	0	0	0	0	0	0	0	0	0	0	0	0	1.5	0	0	0	0	0	0	0	0	0
Filip1l	0	0	0	0	0	0	0	0	0	0	0	0	0	0	0	0	0	-1.5	0	0	0	0	0	0	0	0	0	0	-1.5	0	0
Fkbp1a	0	1.5	0	0	0	0	0	0	0	0	0	0	0	0	0	0	0	0	0	0	0	0	0	1.5	0	0	0	0	0	0	0
Flcn	0	0	0	0	0	0	0	0	0	0	0	0	0	0	0	0	0	0	0	0	0	0	0	0	0	0	0	0	-1.5	0	0
Flot1	0	0	0	0	0	0	0	1.5	1.5	0	0	0	0	0	0	0	0	0	0	0	0	1.5	0	0	1.5	0	0	0	1.5	1.5	0
Fmnl2	0	0	0	0	0	0	0	0	-1.5	0	0	0	0	0	0	0	0	0	0	0	0	0	0	0	-1.5	0	0	0	0	0	0
Fndc3b	0	-1.5	0	0	0	0	0	-1.5	0	0	0	0	0	0	0	0	0	0	0	0	0	0	0	0	0	0	0	0	0	0	0
Foxo1	0	0	0	0	0	0	0	-1.5	0	0	0	0	0	0	0	0	0	-0.5	-0.5	-0.5	0	0	0	0	0	0	0	0	0	0	0
Foxo3	0	0	0	-1.5	0	0	0	0	0	0	0	0	0	0	0	0	0	-1.5	0	0	0	0	0	0	0	0	0	0	0	0	0
Foxp1	0	-1.5	0	0	0	0	0	0	0	0	0	0	0	0	0	0	-0.5	0	0	-1.5	0	0	0	-1.5	0	0	0	0	0	-1.5	0
Frat2	0	0	0	0	0	0	0	-1.5	0	0	0	0	0	0	0	0	0	0	0	0	0	0	0	0	0	0	0	0	-1.5	-1.5	0
Frmd4a	0	0	0	0	0	0	0	0	0	1.5	0	0	0	0	0	0	0	0	0	0	0	0	1.5	0	0	0	0	0	0	0	0
Frmd5	0	0	0	0	0	0	0	0	0	0	0	0	0	-1.0	0	0	0	0	0	0	-1.0	0	0	0	0	0	0	0	0	0	0
Frmd6	0	0	0	0	0	0	0	0	0	0	-1.0	0	0	0	0	0	-0.5	0	0	0	0	0	0	0	0	0	0	0	0	0	0
Frmd8	0	1.5	1.5	0	0	0	0	0	0	1.5	0	0	0	0	0	0	0	1.5	1.5	0	0	0	0	1.5	0	0	0	0	1.5	0	0
Fry	0	0	0	0	0	0	0	1.5	0	0	0	0	1.5	0	0	0	0	0	0	0	0	0	0	1.5	0	0	0	1.5	0	1.5	0
Fryl	0	-1.5	0	0	0	0	0	0	0	0	0	0	0	0	0	0	0	0	0	0	0	0	0	0	0	0	0	0	0	0	0
Fus	0	-1.5	-1.5	0	0	0	0	-1.5	0	0	0	0	0	0	0	0	0	0	0	0	0	0	0	0	0	0	0	-1.5	-1.5	-1.5	0
Fut7	0	1.5	0	0	0	0	0	1.5	0	1.5	0	0	0	0	0	0	1.5	0	0	0	0	1.5	0	0	0	0	0	0	1.5	1.5	0
Fxyd5	0	0	0	0	0	0	0	0	0	0	0	0	1.5	0	0	0	0	1.5	1.5	0	0	0	0	0	0	0	0	0	0	0	0
Gab3	0	0	0	0	0	0	0	0	0	0	0	0	0	1.5	0	0	0	0	0	0	1.5	0	0	0	0	0	0	0	0	0	0
Galk1	0	1.5	1.5	0	0	0	0	0	0	0	0	0	0	0	0	0	0	1.5	0	0	0	0	0	1.5	0	0	0	0	0	0	0
Galm	0	1.5	1.5	0	0	0	1.5	0	0	0	0	0	0	0	1.5	0	0.5	1.5	1.5	0	0	0	0	0.5	0	0	0	0	0	0	0
Galnt10	0	1.5	0	0	0	0	0	0	0	0	0	0	0	0	0	0	0	0	0	0	0	0	0	0	0	0	0	0	0	0	0
Galnt2	0	0	0	0	0	0	0	0	0	0	0	0	0	0	0	0	-0.5	0	-0.5	0	0	-1.5	0	0	0	0	0	0	0	0	0
Galnt9	0	0	0	1.5	0	0	0	0	0	0	0	0	0	0	0	0	0	0	0	0	0	0	0	0	0	0	0	0	0	0	0
Gas7	0	0	0	0	0	0	0	0	0	0	0	0	0	0	0	0	0	0	0	0	0	-1.5	-1.5	0	0	0	0	0	0	0	0
Gbp6	0	0	0	0	0	0	1.5	0	0	0	0	0	0	0	0	0	0	0	0	0	0	0	0	0	0	0	0	0	0	0	0
Gcnt3	0	0	0	0	0	0	0	0	0	0	0	0	0	0	0	0	0	0	0	0	0	0	0	0	0	0	0	0	0	-1.5	0
Gdf15	0	0	0	0	0	0	0	0	0	0	0	0	0	0	0	0	0	-1.5	-1.5	0	0	0	0	0	0	0	0	0	0	0	0
Gdpd5	0	1.5	1.5	0	0	0	0	0	0	0	0	0	0	0	0	0	0	0	0	0	0	1.5	1.5	0	0	0	0	0	0	0	0
Gfpt2	0	-1.5	-1.5	0	0	0	0	-1.5	0	0	0	0	-1.5	0	0	0	0	0	0	0	0	0	0	-1.5	0	0	0	0	-1.5	-1.5	0
Ggct	0	0	0	0	0	0	0	0	0	0	0	0	0	0	0	0	0	0	0	0	0	1.5	0	0	0	0	0	0	0	0	0
Ggt1	0	0	0.5	0	0	0	0	0	0	0	0	0	0	0	0	0	0	0	0	0	0	0	0	0	0	0	0	0	1.5	1.5	0
Ggta1	0	0	0	0.5	0	0	1.5	0.5	0	0.5	0	0	0	0	0	0	1.5	0	1.5	0	0	0	1.5	1.5	1.5	0	0	0	0	0	0
Gjb2	0	0	0	0	-0.5	0	0	0	0	0	0	0	0	0	0	0	0	0	0	0	0	0	0	0	0	0	0	0	0	0	0
Glis1	0	0	0	0	0	0	0	0	0	0	0	0	0	0	0	0	0	-0.5	-0.5	0	0	0	0	0	0	0	0	0	0	0	0
Glt28d2	0	0	0	0	-0.5	0	0	0	0	0	0	0	0	0	0	0	0	0	0	0	0	0	0	0	0	0	0	0	0	0	0
Glt8d2	0	0	0	0	0	0	0	0	0	0	0	0	0	0	0	0	0	-0.5	-0.5	0	0	0	0	0	0	0	0	0	0	0	0
Glyat	0	0	0	0	0	0	0	0	0	0	0	0	0	1.5	0	0	0	0	0	0	1.5	0	0	0	0	1.5	0	0	0	0	0
Gm16062	0	0	0	0	0	0	0	0	0	0	0	0	0	0	0	0	0	0	0	0	0	0	0	0	0	0	0	0	-1.5	0	0
Gm2518	0	0	0	-1.5	0	0	0	0	0	0	0	0	0	0	0	0	0	0	0	0	0	0	0	0	0	0	0	0	0	-1.5	0
Gm5111	0	0	1.5	0	0	0	0	0	0	0	0	0	0	0	0	0	1.5	0	0	0	0	0	0	0	1.5	0	0	0	1.5	1.5	0
Gm7904	0	0	-1.5	0	0	0	0	-1.5	0	0	0	0	0	0	0	0	0	0	0	0	0	0	0	0	0	0	0	-1.5	-1.5	0	0
Gna13	0	0	0	0	0	0	0	-1.5	-1.5	0	0	0	0	0	0	0	0	-1.5	0	0	0	0	0	-1.5	-1.5	0	0	-1.5	-1.5	-1.5	0
Gna15	0	0	0	0	0	1.5	0	0	0	0	0	0	0	0	0	0	0	0	0	0	0	0	0	0	0	0	0	0	0	0	1.5
Gnpda2	0	0	0	0	0	0	0	0	0	0	0	0	0	0	0	0	0	0	0	0	0	0	0	0	0	1.5	0	0	0	0	0
Gnptab	0	1.5	0	1.5	0	0	1.5	1.5	0	0	0	0	0	0	0	1.5	1.5	1.5	1.5	0	0	1.5	1.5	0.5	0	0	0	0	0	1.5	0
Golim4	0	0	0	0	0	0	0	0	0	0	0	0	0	1.5	0	0	0	0	0	0	1.5	0	0	0	0	0	0	0	0	0	0
Gpatch3	0	-1.5	0	0	0	0	0	0	0	0	0	0	0	0	0	0	0	0	0	0	0	0	0	0	0	0	0	0	0	0	0
Gpatch4	0	0	1.5	0	0	0	0	0	0	0	0	0	0	0	0	0	0	0	0	0	0	0	0	0	0	0	0	0	0	0	0
Gpn3	0	-1.5	-1.5	0	0	0	0	-1.5	0	0	0	0	0	0	0	0	0	0	0	0	0	0	0	0	0	0	0	0	0	0	0
Gpr124	0	0	0	0	0	0	0	-1.5	0	0	0	0	0	0	0	0	0	0	0	0	0	0	0	0	0	0	0	0	0	0	0
Gpr132	0	-0.5	0	0	0	0	0	0	0	0	0	0	0	0	0	0	0	-0.5	0	0	0	-1.5	0	0	0	0	0	0	0	-1.5	0
Gpr146	0	1.5	1.5	0	0	0	0	1.5	0	1.5	1.5	0	0	0	0	1.5	1.5	0	1.5	0	0	0	0	0	1.5	0	0	0	1.5	1.5	0
Gpr160	0	0	0	0	0	0	0	0	0	0	0	0	0	0	0	0	0	0	0	0	0	1.5	1.5	0	0	0	0	0	0	0	0
Gpr183	0	0	0	0	0	0	0	0	0	0	0	0	0	1.5	0	0	0	0	0	0	1.5	0	0	0	0	0	0	0	0	0	0
Gpr25	0	0	0	0	0	0	0	0	0	0	0	0	0	0	0	0	0	0	-1.5	0	0	0	-1.5	0	0	0	0	0	0	0	0
Gpr68	0	1.5	0	0	0	1.5	0	1.5	0	1.5	1.5	0	0	0	0	1.5	1.5	1.5	1.5	0	0	1.5	0	0	0	0	0	0	0	0	0
Gpr83	0	0	0	0	-0.5	0	0	0	0	0	0	0	0	0	0	0	0	0	0	0	0	0	0	0	0	0	0	0	0	0	0
Gpr97	0	1.5	0	0	0	0	0	1.5	0	0	0	0	0	0	0	0	0	0	0	0	0	1.5	0	0	0	0	0	0	1.5	0	0
Gprin3	0	0	0	0	0	0	0	0	0	1.5	0	0	0	0	0	0	0	0	0	0	0	0	0	0	0	0	0	0	0	0	0
Gpsm2	0	0.5	0	0	0	0	0	0	0	0	0	0	0	0	0	0	0	0	0	0	0	0.5	0	0	0	0	0	0	0	0	0
Gpt	0	0	0	0	0	0	0	1.5	1.5	0	0	0	0	0	0	0	0	1.5	1.5	0	0	0	0	0	1.5	0	0	0	1.5	0	0
Gpx1	0	-1.5	-1.5	0	0	0	0	-1.5	0	0	0	0	0	0	0	0	0	0	0	0	0	0	0	0	0	0	0	-1.5	-1.5	0	0
Gramd1a	0	1.5	0	0	0	0	0	1.5	0	0	0	0	0	0	0	0	1.5	0	0	0	0	0	0	1.5	0	0	0	0	1.5	1.5	0
Gramd3	0	1.5	0	1.5	0	0	1.5	1.5	0	0	1.5	0	0	0	0	0	0	0	0	0	0	1.5	1.5	0	0	0	0	0	1.5	1.5	1.5
Gramd4	0	0	0	0	0	0	0	0	0	0	0	0	0	0	0	0	0	0	0	0	0	1.5	0	1.5	0	0	0	0	0	0	0
Grb7	0	0	0	0	0	0	0	-1.5	0	0	0	0	0	0	0	0	0	0	0	0	0	0	0	0	0	0	0	0	0	0	0
Grifin	0	1.5	0	0	0	0	0	0	0	0	0	0	0	0	0	0	0	0	0	0	0	0	0	0	0	0	0	0	0	0	0
Grin3b	0	-1.5	0	0	0	0	0	0	0	0	0	0	0	0	0	0	0	0	0	0	0	0	0	0	0	0	0	0	0	-1.5	0
Gsg2	0	0	0	0	0	0	0	0	0	0	0	0	0	0	0	0	0	0	0	0	0	0	0	0	0	0	0	0	0	1.5	0
Gtf2ird1	0	1.5	1.5	0	0	0	0	0	0	0	0	0	0	0	0	0	0	0	1.5	0	0	0	0	0	0	0	0	0	0	0	0
Gtse1	0	0	0	0.5	0	0	0	0	0	0	0	0	0.5	0	0	0	0	0	0	0	0	0	0	0	0	0	0	0	0	0.5	0
H1f0	0	1.5	0	0	0	0	0	0	1.5	1.5	0	0	0	0	0	0	0	0	0	0	0	0	0	0	1.5	0	0	0	1.5	1.5	0
H2-dma	0	1.5	0	0	0	0	0	1.5	0	1.5	0	0	0	0	0	0	1.5	0	0	0	0	0	0	0	1.5	0	0	0	1.5	0	0
H2-dmb1	0	-1.5	-1.5	0	0	0	0	0	0	0	0	0	0	0	0	0	-0.5	0	0	0	0	0	0	0	0	0	0	0	-1.5	0	0
H2-oa	0	0	0	0	0	0	0	0	0	0	0	0	0	0	0	0	0	1.5	1.5	0	0	0	0	0	0	0	0	0	0	0	0
H2-t23	0	0	0	0	0	0	0	0	0	0	0	0	0	0	1.5	0	0	1.5	1.5	0	0	0	0	0	0	0	0	0	0	0	0
Haao	0	0	0	0	0	0	0	0	0	1.5	0	0	0	0	0	0	0	1.5	1.5	0	0	1.5	0	0	0	0	0	0	0	1.5	0
Hadh	0	0	0	0	0	0	0	0	0	0	0	0	0	0	0	0	0.5	0	0	0	0	0	0	0	0	0	0	0	0	0	0
Hap1	0	-1.5	-1.5	0	0	0	0	-1.5	0	0	0	0	0	0	0	0	0	0	0	0	0	0	0	0	0	0	0	0	0	0	0
Havcr2	0	0	0	0	0	0	0	0	0	0	0	0	0	0	0	0	0	0	0	0	0	1.5	0	0	0	0	0	0	0	0	0
Hck	0	0	0	-1.5	0	0	0	0	0	0	0	0	0	0	0	0	0	0	0	0	0	0	0	0	0	0	0	0	0	0	0
Hcst	0	1.5	0	0	0	0	0	0	0	0	0	0	0	0	0	1.5	0	0	1.5	0	0	0	0	0	0	0	0	1.5	0	1.5	1.5
Hdac5	0	0	0	0	0	0	0	0	-1.5	0	0	0	0	0	0	0	0	0	0	0	0	-1.5	0	0	-1.5	0	0	0	0	0	0
Herc6	0	0.5	0.5	0	0	0	0	0	0	0	0	0	0	0	0	0	1.5	1.5	1.5	0	0	0	0.5	0	0	0	0	0	0	0	0
Hexdc	0	-1.5	-0.5	0	0	0	0	-1.5	0	0	0	0	0	0	0	0	0	0	0	0	0	0	0	0	0	0	0	0	-1.5	-1.5	0
Hexim1	0	0	0	0	0	0	0	-1.5	0	0	0	0	0	0	0	0	0	0	0	0	0	0	0	0	0	0	0	0	-1.5	-1.5	0
Hhat	0	-1.5	-1.5	0	0	0	0	0	0	0	0	0	0	0	0	0	0	0	0	0	0	0	0	0	0	0	0	0	0	0	0
Higd1a	0	0	0	0	0	0	0	1.5	0	0	0	0	1.5	0	0	0	0	0	0	0	0	0	0	0	0	0	0	0	0	0	0
Hip1	0	1.5	0	0	0	1.5	0	0	1.5	0	0	0	0	0	0	0	0	0	0	0	0	0	0	0	1.5	0	0	0	0	0	0
Hist3h2ba	0	0	0	0	0	0	0	1.5	0	0	0	0	0	0	0	0	1.5	0	0	0	0	0	0	0	0	0	0	1.5	1.5	0	0
Hook2	0	-1.5	0	0	0	0	0	0	0	0	0	0	0	0	0	0	0	0	0	0	0	0	-1.5	-1.5	0	0	0	0	0	0	0
Hopx	0	-1.5	-1.5	0	0	0	0	0	0	0	0	0	0	0	0	0	0	0	0	0	0	0	0	0	0	0	0	0	0	0	0
Hpse2	0	0	0	-1.5	0	0	0	0	0	0	0	0	0	0	0	0	0	0	0	0	0	0	0	0	-1.5	0	0	0	0	-1.5	0
Hrc	0	-1.5	0	0	0	0	0	0	0	0	0	0	0	0	0	0	0	0	0	0	0	0	0	0	0	0	0	0	0	0	0
Hrh2	0	1.5	0	0	0	0	0	0	0	0	0	0	0	0	0	0	0	0	0	0	0	0	0	0	0	0	0	0	0	0	0
Hrh4	0	1.5	0	0	0	0	0	1.5	0	0	0	0	0	0	0	0	0	0	0	0	0	0	0	0	0	0	0	0	0	0	0
Hrsp12	0	0	0	0	0	0	0	0	0	0	0	0	0	0	0	0	0	1.5	1.5	0	0	0	0	0	0	0	0	0	0	0	0
Hs2st1	0	0	0	0	0	0	0	0	0	0	0	0	0	1.5	0	0	0	0	0	0	0	0	0	0	0	0	0	0	0	0	0
Hs3st3b1	0	1.5	1.5	1.5	0	0	0	0	0	1.5	0	0	0	0	0	0	0	0	0	0	0	0	0	1.5	0	0	0	0	0	1.5	1.5
Hsbp1l1	0	0	0	0	0	0	0	0	0	0	0	0	0	0	0	0	0	0	0	0	0	0	0	1.5	0	0	0	0	0	1.5	1.5
Hsf4	0	0	0	0	0	0	0	0	0	0	0	0	0	0	0	0	0	0	0	0	0	1.5	0	0	0	0	0	0	0	0	0
Hspa1a	0	1.5	0	0	0	0	0	0	0	0	0	0	0	0	0	0	0	0	0	0	0	0	0	0	0	0	0	0	0	0	0
Hsph1	0	0	0	0	0	0	0	0	0	0	0	0	1.5	0	0	0	0	0	0	0	0	1.5	0	0	0	0	0	0	0	0	0
Hvcn1	0	0	0	0	0	0	0	0	0	0	0	0	0	0	0	0	0	0	0	0	0	0	0	0	0	0	0	0	0	1.5	0
Hyal1	0	0	0	0	0	0	0	0	0	0	0	0	0	0	0	0	0	0	0	0	0	0	0	-1.5	0	0	0	0	0	0	0
Ica1l	0	-1.5	0	0	0	0	0	0	0	0	0	0	0	0	0	0	0	0	0	0	0	0	0	0	0	0	0	0	0	0	0
Icam5	0	-1.5	-1.5	0	0	0	0	0	0	0	0	0	0	0	0	0	0	0	0	0	0	0	0	0	0	0	0	0	0	0	0
Ict1	0	0	0	1.5	0	0	0	0	0	0	0	0	1.5	0	0	0	0	0	0	0	0	0	1.5	0	0	0	0	0	1.5	1.5	0
Ifi204	0	0	0	0	0	0	0	0	0	0	0	0	0	0	0	0	0	0	0	0	0	0	0	0	0	0	0	0	0	1.5	0
Ifi47	0	1.5	1.5	0	0	0	0	0	0	0	0.5	0	0	0	0	0	0.5	0	0	0	0	0	0	0	0	0	0	0	0	0	0
Ifih1	0	0	0	0	0	0	0	0	0	0	0	0	0	0	0	0	0	0	0	0	0	0.5	0	0	0	0	0	0	0	0	0
Ifitm2	0	1.5	0	0	0	0	0	0	0	1.5	0	0	0	0	0	0	0	0	0	0	0	0	0	0	0	0	0	1.5	0	0	0
Ifitm6	0	0	0	0	0	0	0	-1.5	0	0	0	0	0	0	0	0	0	0	0	0	0	0	0	0	0	0	0	0	0	0	0
Ift27	0	0	0	0	0	0	0	0	0	0	0	0	1.5	0	0	0	1.5	0	0	0	0	0	0	0	0	0	0	0	0	0	0
Ift57	0	0.5	0	0	0	0	0	0	0	0.5	0	0	0	0	0	0	0	0	0	0	0	0	0	0	0	0	0	0	0	0	0
Igf1r	0	-1.5	0	0	0	0	0	0	0	0	0	0	0	0	0	0	0	-1.5	-1.5	0	0	0	0	0	0	0.5	0	0	0	0	0
Iglon5	0	0	0	0	0	0	1.5	0	0	0	0	0	1.5	0	0	0	0	1.5	1.5	0	0	0	0	0	0	0	0	0	0	1.5	0
Igsf8	0	-1.5	0	0	0	0	0	0	0	0	0	0	0	0	0	0	-0.5	-1.5	-1.5	0	0	0	0	0	0	0	0	0	0	-1.5	0
Igsf9	0	0	0	0	0	0	0	0	0	0	0	0	0	0	0	0	0	0	0	0	0	0	0	-1.5	0	0	0	0	0	0	0
Ikzf1	0	0	0	0	0	0	0	0	0	0	0	0	0	0	0	0	0	0	0	0	0	1.5	0	0	0	0	0	0	0	0	0
Ikzf2	0	0	0	0	-0.5	0	0	0	0	0	0	0	0	0	0	0	0	0	0	0	0	0	0	0	0	0	0	0	0	0	0
Ikzf3	0	0	0	0	0	0	0	-1.5	0	0	0	0	0	0	0	0	0	0	0	0	0	0	0	0	0	0.5	0	0	0	0	0
Il17a	0	0	0	0	0	0	0	0	0	0	0	0	0	0	0	0	-0.5	-0.5	-0.5	0	1.5	-0.5	-0.5	-0.5	0	0	0	0	0	0	0
Il17c	0	1.5	0	0	0	0	0	0	0	0	0	0	0	0	0	0	0	0	0	0	0	0	1.5	0	0	0	0	0	0	0	0
Il17f	0	0	0	0	0	0	0	0	0	0	0	0	0	1.5	0	0	0	0	0	0	0	0	0	0	0	0	0	0	0	-0.5	0
Il17re	0	0	0	0	0	0	0	0	0	0	0	0	0	1.5	0	0	0	0	0	0	1.5	0	0	0	0	0	0	0	0	0	0
Il1r1	0	0	0	0	0	0	0	0	0	0	0	0	0	1.5	0	0	0	0	0	0	1.5	0	0	0	0	1.5	0	0	0	0	0
Il1r2	0	0	0	0	0	0	0	0	1.5	1.5	0	0	0	0	0	0	0	0	0	0	0	0	0	1.5	1.5	0	0	0	1.5	0	0
Il1rl1	0	1.5	1.5	0	0	0	0	0	0	0	0	0	0	0	0	0	0	0	0	0	0	1.5	1.5	0	0	0	0	0	0	0	0
Il21r	0	-1.5	-1.5	0	0	0	0	-1.5	0	0	0	0	0	0	0	0	-0.5	-1.5	-1.5	0	0	-1.5	0	-1.5	0	0	0	0	0	-1.5	0
Il23r	0	0	0	0	0	0	0	0	0	0	0	0	0	1.5	0	0	0	0	0	0	1.5	-0.5	0	-0.5	0	0	0	0	0	0	0
Il2ra	0	0	0	1.5	0	0	0	1.5	0	0	0	0	0.5	0	0	0	0	1.5	1.5	0	0	0	0	0	0	0	0	0	0	1.5	0
Il4ra	0	-1.5	0	0	0	0	0	0	0	0	-1.0	0	0	0	0	0	0	0	0	0	0	-1.5	0	0	-1.5	0	0	0	0	0	0
Il5	0	0	0	0	0	0	0	0	0	0	0	0	0	-1.0	0	0	0	0	0	0	-1.0	0	0	0	0	0	0	0	0	0	0
Ildr1	0	0	0	0	0	0	0	1.5	0	0	0	0	0	0	0	0	0	0	0	0	0	0	0	0	0	0	0	0	0	1.5	0
Impa2	0	0	0	1.5	0	0	0	1.5	0	0	0	0	0	0	0	0	0	1.5	1.5	0	0	0	0	0	0	0	0	0	0	1.5	0
Impdh2	0	-1.5	-1.5	0	0	0	0	0	0	0	0	0	0	0	0	0	0	0	0	0	0	0	0	0	0	0	0	0	0	0	0
Inadl	0	0	0	0	-0.5	0	0	0	0	0	0	0	0	0	0	0	0	0	0	0	0	0	0	0	0	0	0	0	0	0	0
Inpp5b	0	0	0	0	0	0	0	0	0	0	0	0	0	0	0	0	0	0	0.5	0	0	0	0	0	0	0	0	0	0	0	0
Insig1	0	-1.5	0	0	0	0	0	0	0	0	0	0	0	0	0	0	0	0	0	0	0	-1.5	0	0	0	0	0	0	0	0	0
Insl6	0	0	-1.5	0	0	0	0	0	0	0	0	0	0	0	0	0	0	0	0	0	0	0	0	0	0	0	0	0	0	0	0
Ip6k1	0	0	0	0	0	0	0	-1.5	0	0	0	0	0	0	0	0	0	0	0	0	0	0	0	0	-1.5	0	0	0	-1.5	-1.5	0
Iqcg	0	0	0	1.5	0	0	0	0	0	0	0	0	0	0	0	0	0	1.5	1.5	0	0	0	0	0	0	0	0	0	0	0	0
Ispd	0	0	0	0	-0.5	0	0	0	0	0	0	0	0	0	0	0	0	0	0	0	0	0	0	0	0	0	0	0	0	0	0
Isy1	0	-1.5	0	0	0	0	0	-1.5	0	0	-1.0	0	0	0	0	0	0	0	0	0	0	0	0	0	0	0	0	0	-1.5	-1.5	0
Itga3	0	1.5	0	1.5	0	0	0	1.5	0	0	0	0	0	0	0	0	1.5	0	0	0	0	0	0	1.5	0	0	0	0	1.5	0	0
Itga9	0	0	0	-1.5	0	0	0	0	0	0	0	0	-1.5	0	0	0	0	0	0	0	0	-1.5	0	0	0	0	0	0	0	0	0
Itgae	0	0	0	0	0	0	0	0	0	0	0	0	-1.5	0	0	0	0	0	0	0	0	0	0	0	0	0	0	0	0	-1.5	0
Itgax	0	0	0	0	0	0	0	0	0	0	0	0	0	0	0	0	0	0	0	0	0	0	0	-1.5	0	0	0	0	0	0	0
Itgb1	0	0	0	0	0	0	0	0	0	0	0	0	0	0	0	0	0	1.5	1.5	0	0	0	0	0	0	0	0	0	0	0	0
Itgb2	0	0	0	1.5	0	0	0	1.5	0	0.5	0	0	0	0	0	0	0	0.5	0.5	0	0	0	0	0	0	0	0	0	1.5	0	0
Itgb4	0	-1.5	-1.5	0	0	0	0	0	0	0	0	0	0	0	0	0	0	-1.5	0	0	0	0	0	-1.5	0	0	0	0	0	0	0
Itgb7	0	1.5	0	0	0	0	0	0	0	1.5	0	0	0	0	0	0	0	0	0.5	0	0	1.5	0	0	0	0	0	1.5	0	0	0
Itgb8	0	0	0	0	-0.5	0	0	0	0	0	0	0	0	0	0	0	0	0	0	0	0	0	0	0	0	0	0	0	0	0	0
Itpkb	0	0	0	0	0	0	0	-1.5	-1.5	0	0	0	0	0	0	0	-0.5	-1.5	0	0	0	0	0	0	-1.5	0	0	0	0	0	0
Itpripl2	0	1.5	0	0	0	0	0	0	0	0	0	0	0	0	0	0	0	0	0	0	0	1.5	0	0	0	0	0	0	0	0	0
Jak2	0	-1.5	0	0	0	0	0	0	0	0	0	0	0	0	0	0	0	0	0	0	0	0	0	0	0	0	0	0	-1.5	-1.5	0
Jmjd1c	0	0	0	0	0	0	0	0	0	0	0	0	0	0	0	0	0	0	0	0	0	-0.5	0	0	0	0	0	0	0	0	0
Jrk	0	0	0	-0.5	0	0	0	0	0	0	0	0	0	0	0	0	0	0	0	0	0	0	0	0	0	0	0	0	0	0	0
Kank3	0	0	0	0	0	0	0	0	0	0	0	0	0	0	0	0	0	0	0	0	0	0	0	-1.5	-1.5	0	0	-1.5	-1.5	-1.5	0
Katnal1	0	0	0	1.5	0	0	0	0	1.5	0	0	0	0	0	0	0	0	0	0	0	0	0	0	0	1.5	0	0	0	0	1.5	0
Kcnc1	0	0	0	0	0	0	0	-0.5	0	0	0	0	0	0	0	0	0	0	0	0	0	0	-0.5	0	0	1.5	0	0	-0.5	0	0
Kcnh5	0	0	0	0	0	0	0	0	0	0	0	0	0	1.5	0	0	0	0	0	0	1.5	0	0	0	0	0	0	0	0	0	0
Kcnip1	0	0	0	0	0	0	0	0	0	0	0	0	0	0	0	0	0	0	0	0	0	-1.5	0	0	0	0	0	0	0	0	0
Kcnk7	0	1.5	0	0	0	0	0	0	0	0	0	0	0	0	0	0	0	0	0	0	0	0	0	0	0	0	0	0	1.5	0	0
Kcnmb1	0	0	0	0	0	0	0	0	0	0	0	0	0	0	0	0	0	0	0	0	0	-1.5	0	0	0	0	0	0	0	0	0
Kcnmb4	0	0	0	0	0	0	0	-0.5	0	0	0	0	0	0	0	0	-0.5	0	0	0	0	0	0	0	0	1.5	1.0	0	0	0	0
Kcnn4	0	0	0	0	0	0	0	0	0	0	0	0	0	0	0	0	0	0	0	0	0	0	0	0	0	0	0	0	0	1.5	0
Kcnt1	0	0	0	-1.5	0	0	0	0	0	0	0	0	0	0	0	0	0	0	0	0	0	-1.5	0	0	0	0	0	0	0	0	0
Kdm2b	0	-1.5	-1.5	0	0	0	0	-1.5	0	0	0	0	0	0	0	0	0	0	-1.5	0	0	-1.5	0	-1.5	0	0	0	0	0	0	0
Kif15	0	0	0	0	0	0	0	0	0	0	0	0	0	0	0	0	0	0	0	0	0	1.5	0	0	0	0	0	0	0	1.5	0
Kif18b	0	0	0	0	0	0	0	0	0	0	0	0	1.5	0	0	0	0	0	0	0	0	1.5	0	0	0	0	0	1.5	0	0	0
Kif22	0	0	0	1.5	0	0	0	0	0	1.5	0	0	0	0	0	0	0	0	0	0	0	0	0	0	0	0	0	1.5	1.5	1.5	0
Kif23	0	0	0	0	0	0	0	-1.5	0	0	0	0	-1.5	0	0	0	0	0	0	0	0	0	0	0	0	0	0	0	-1.5	0	0
Kif2c	0	1.5	1.5	0	0	0	0	0	0	0	0	0	0	0	0	0	0	0	0	0	0	0	0	0	0	0	0	0	0	0	0
Kif3b	0	0	0	0	0	1.5	0	1.5	0	0	0	0	0	0	0	0	0	0	0	0	0	1.5	0	0	0	0	0	0	0	0	0
Kit	0	0	0	0	0	0	0	0	0	0	0	0	0	0	0	0	0	0	0	0	0	0	0	0	0	0	1.0	0	0	0	0
Klf10	0	1.5	0	0	0	0	0	0	0	1.5	0	0	0	0	0	0	0	0	0	0	0	0	0	0	0	0	0	0	0	0	0
Klhl10	0	0	0	0	0	0	0	-1.5	0	0	0	0	0	0	0	0	0	0	0	0	0	0	0	0	0	0	0	0	0	0	0
Klhl6	0	0	0	0	0	0	0	0	0	0	0	0	0	0	0	0	0	0	0	0	0	0	0	0	0	0	0	0	0	1.5	0
Klra5	0	0	0	0	0	0	0	0	0	0	0	0	0	0	0	0	0	0	0	0	0	1.5	0	0	0	0	0	0	0	0	0
Klrb1a	0	1.5	0	0	0	0	0	1.5	0	0	0	0	0	0	0	0	0	0	0	0	0	0	0	0	0	0	0	0	0	0	0
Klrc1	0	0	0	0	0	0	0	0	0	0	1.5	0	0	0	0	0	0	0	0	0	0	1.5	0	0	0	0	0	0	0	0	0
Klrc2	0	0	0	0	0	0	0	0	0	0	1.5	0	0	0	0	0	0	0	0	0	0	1.5	0	0	0	0	0	0	0	0	0
Klrd1	0	0	0	0	0	0	0	0	0	0	0	0	0	0	0	0	0	0	0	0	0	1.5	0	1.5	0	0	0	0	0	0	0
Klre1	0	0	0	0	0	0	0	0	0	0	0	0	0	0	0	0	0	0	0	0	0	1.5	0	0	0	0	0	0	0	0	0
Klri2	0	0	0	0	0	0	0	0	0	0	0	0	0	0	0	0	1.5	0	0	0	0	1.5	1.5	0	0	0	0	0	0	1.5	0
Klrk1	0	0	0	0	0	0	0	0	0	0	0	0	0	0	0	0	0	0	0	0	0	0	0	1.5	0	0	0	0	0	0	0
Kntc1	0	0	0	0	0	0	0	0	0	0	0	0	1.5	0	0	0	0	0	0	0	0	0	0	0	0	0	0	0	0	0	0
Kremen2	0	0	0	0	0	0	0	1.5	0	0	0	0	0	0	0	0	1.5	0	0	0	0	0	1.5	0	0	0	0	0	0	1.5	0
Lag3	0	1.5	0	0	0	0	0	1.5	0	0	0	0	0	0	0	0	1.5	0	0	0	0	1.5	0	0	0	0	0	0	0	0	0
Lama3	0	0	0	0	0	0	0	0	0	0	0	0	0	0	0	0	0	-1.5	-1.5	0	0	0	-1.5	-1.5	0	0	0	0	0	0	0
Lamb2	-0.5	0	0	-1.5	0	0	0	-1.5	0	0	0	0	0	0	0	0	0	0	0	0	0	0	0	0	0	0	0	0	-1.5	0	0
Lamc1	0	0	0	0	0	0	0	0	0	0	0	0	0	0	0	0	0	0	0	0	0	0	0	0	0	1.5	0	0	0	0	0
Lcn2	0	-1.5	0	0	0	0	0	0	0	0	0	0	0	0	0	0	0	0	0	0	0	0	0	-1.5	0	0	0	0	0	-1.5	0
Lcn4	0	0	0	0	0	0	0	0	0	0	0	0	0	0	0	0	0	0	0	0	0	0	0	0	0	0	0	0	0	0	1.5
Lcp1	0	1.5	0	0	0	0	0	1.5	0	0.5	0	0	0	0	0	0	0	0	0	0	0	0	0	0	0	0	0	0	0	0	0
Ldlrap1	0	0	0	0	0	0	0	1.5	0	1.5	1.5	0	0	0	0	0	0	0	0	0	0	0	0	0	0	0	0	0	1.5	0	0
Lef1	0	1.5	1.5	0	0	0	0	1.5	1.5	1.5	0	0	0	0	1.5	0	1.5	1.5	1.5	0	0	0	0	0	0	0	0	1.5	1.5	0	0
Lfng	0	0	0	0	0	0	0	1.5	0	0	0	0	0	0	0	1.5	1.5	1.5	1.5	0	0	1.5	0	1.5	0	0	0	0	1.5	1.5	0
Lgals1	0	0	0	0	0	0	0	0	0	0	0	0	0	0	0	0	0	0	0	0	0	1.5	0	1.5	0	0	0	0	0	0	0
Lgals3	0	0	0	0	0	0	0	0	0	0	0	0	0	0	0	0	0	0	0	0	0	0	0	1.5	0	0	0	0	0	0	0
Lgals3bp	0	0	0	1.5	0	0	0	0	0	0	0	0	0	0	0	0	1.5	0	0	0	0	0	0	0	0	0	0	0	0	0	0
Lif	0	1.5	0	0	0	0	0	1.5	0	1.5	0	0	0	0	0	0	0	0	0	0	0	0	0	0	0	0	0	0	0	0	0
Lima1	0	0	-1.5	0	0	0	0	0	0	0	0	0	0	0	0	0	0	0	0	0	0	0	-1.5	0	0	0	0	0	0	0	0
Litaf	0	0	0	0	0	0	0	0	0	0	0	0	0	0	0	1.5	1.5	1.5	1.5	0	0	0	0	0	0	0	0	0	0	0	0
Lmna	0	-1.5	-1.5	0	0	0	0	0	-1.5	0	0	0	0	0	0	0	0	0	0	0	0	0	0	0	0	0	0	0	0	0	0
Lmo2	0	0	0	0	0	0	0	0	0	0	0	0	0	1.5	0	0	0	0	0	0	0	0	0	0	0	0	0	0	0	0	0
Lpin1	0	-1.5	0	0	0	0	0	-0.5	0	0	0	0	0	0	0	0	-0.5	-1.5	-1.5	0	0	0	0	0	0	0	0	0	0	-0.5	0
Lrfn4	0	0	0	0	0	0	0	0	0	0	0	0	0	0	0	0	0	0	0	0	0	0	0	0	0	0	0	0	0	-1.5	0
Lrp5	0	0	0	0	0	0	0	1.5	0	1.5	0	0	0	0	0	0	1.5	1.5	1.5	0	0	0	0	0	0	0	0	0	1.5	0	0
Lrrc20	0	1.5	1.5	0	0	0	0	0	1.5	0	0	0	0	0	1.5	0	0	0	1.5	0	0	0	0	0	0	0	0	0	0	0	0
Lrrc8c	0	1.5	0	0	0	0	0	1.5	0	1.5	0	0	0	0	0	0	0	0.5	0.5	0	0	1.5	0	0.5	0	0	0	0	1.5	1.5	0
Lrrc8d	0	-1.5	-1.5	0	0	0	0	-1.5	0	0	0	0	0	0	0	0	0	0	0	0	0	0	0	0	0	0	0	0	-1.5	0	0
Lrrfip1	0	1.5	0	0	0	0	1.5	0	0	0	0	0	1.5	0	1.5	0	0	1.5	1.5	0	0	1.5	0	0	0	0	0	0	0	1.5	0
Lrrn2	0	0	0	0	0	0	0	0	0	0	0	0	0	1.5	0	0	0	0	0	0	0	0	0	0	0	1.5	0	0	0	0	0
Lsm2	0	1.5	0	0	0	0	0	0	0	0	0	0	0	0	0	0	0	0	0	0	0	0	0	0	0	0	0	0	0	0	0
Lsp1	0	0	0	0	0	0	0	0	0	1.5	0	0	0	0	0	0	0	0	0.5	0	0	0	0	0	0	0	0	0	0	0	0
Lta	0	1.5	1.5	0	0	0	0	1.5	0	0	1.5	0	0	0	0	0	0	0	0	0	0	0	0	1.5	0	0	0	0	1.5	1.5	0
Ltb	0	1.5	1.5	0	0	0	0	1.5	0	0	1.5	0	0	0	0	0	0	0	0	0	0	0	0	1.5	0	0	0	0	1.5	1.5	0
Ltb4r1	0	0	0	0	0	0	0	0.5	0	0	0	0	0	1.5	0	0	1.5	0	0	0	0	1.5	0	0	0	1.5	0	0	0.5	0	0
Ltbp3	0	0	0	-1.5	0	0	0	0	0	0	0	0	0	0	0	0	0	-1.5	-1.5	0	0	0	0	0	0	0	0	0	0	0	0
Ltbp4	0	0	0	0	0	0	0	0	0	0	0	0	0	0	0	0	0	0	0	0	0	0	0	0	0	0	0	-1.5	0	0	0
Ly6g5b	0	0	0	1.5	0	0	0	0	0	0	0	0	0	0	0	0	0	0	0	0	0	0	0	0	0	0	0	0	0	1.5	0
Lysmd2	0	0	0	0	0	0	0	0	0	0	0	0.5	0	0	0	0	0	0	0	0	0	0	0	0	0	0	0	0	0	0	0
Lzts2	0	-1.5	0	-1.5	0	0	0	-1.5	0	0	0	0	0	0	0	0	0	0	0	0	0	0	0	0	0	0	0	0	0	0	0
Macrod1	0	0	0	0	0	0	0	-1.5	0	0	0	0	0	0	0	0	0	0	0	0	0	0	0	0	0	0	0	0	-1.5	0	0
Maf	0	0	0	0	0	0	0	0	0	0	0	0	0	0	0	0	0	0	0	0	0	0	0	-1.5	0	0	0	0	0	0	0
Magix	0	0	0	1.5	0	0	0	0	0	0	0	0	0	0	0	0	0	0	0	0	0	0	0	0	0	0	0	0	1.5	1.5	0
Man1a	0	0	0	0	0	0	0	0	0	0	0	0	0	0	0	0	0	0	-0.5	0	0	0	0	0	0	0	0	0	0	0	0
Man1c1	0	0	0	0	0	0	1.5	1.5	0	0	0	0	0	0	0	0	0	0	0	0	0	0	0	0	0	0	0	0	0	0	0
Man2a2	0	0	0	0	0	0	0	0	0	0	0	0	0	0	0	0	0	0	0	0	0	-1.5	0	-1.5	0	0	0	0	0	0	0
Map3k1	0	-1.5	-1.5	0	0	0	0	0	0	0	0	0	0	0	0	0	0	0	0	0	0	0	0	0	0	0	0	0	0	0	0
Map4k1	0	1.5	0	0	0	0	0	0	0	0	0	0	0	0	0	0	0	0	0	0	0	0	0	1.5	0	0	0	0	0	0	0
Mapk12	0	0	0	0	0	0	0	0	0	0	0	0	0	0	0	0	0	-1.5	0	0	0	0	0	0	0	0	0	0	0	0	0
Mapk8ip2	0	0	0	0	0	0	0	0	0	0	0	0	0	0	0	0	0	0	0	0	0	0	0	0	0	0	0	0	0	1.5	0
Mapkapk3	0	0	0	0	0	0	0	1.5	1.5	1.5	0	0	1.5	0	0	0	0	1.5	1.5	0	0	1.5	0	1.5	0	0	0	0	1.5	0	1.5
March3	0	-1.5	-1.5	0	0	0	0	0	0	0	0	0	0	0	0	0	0	0	0	0	0	0	0	0	0	0	0	0	0	0	0
Marveld1	0	1.5	1.5	0	0	0	0	0	0	0	0	0	0	0	0	0	0	1.5	1.5	0	0	1.5	0	0	0	0	0	0	1.5	0	0
Mast4	0	0	0	-1.5	0	0	0	-0.5	0	0	0	0	0	1.5	0	0	-0.5	0	0	0	0	-0.5	0	0	0	1.5	1.0	0	0	0	0
Maz	0	0	0	1.5	0	0	0	0	0	1.5	0	0	0	0	0	0	0	0	0	0	0	0	0	1.5	0	0	0	1.5	1.5	1.5	0
Mdfic	0	0	0	0	0	0	1.5	0	0	0	0.5	0	0	0	0	0	1.5	0	0	0	0	0	0	0	0	0	0	0	0	1.5	0
Med13	0	0	0	0	0	0	0	-1.5	-1.5	0	0	0	0	0	0	0	0	0	0	0	0	0	0	0	-1.5	0	0	0	0	0	0
Med31	0	-1.5	0	-1.5	0	0	0	0	0	0	0	0	0	0	0	0	0	0	0	0	0	0	0	0	0	0	0	0	-1.5	-1.5	0
Mex3d	0	-1.5	-1.5	0	0	0	0	-1.5	0	0	0	0	0	0	0	0	0	0	0	0	0	0	0	0	-1.5	0	0	0	-1.5	0	0
Mfap4	0	0	0	0	0	0	0	0	0	0	0	0	0	0	0	0	0	0	0	0	0	0	0	0	0	0	0	0	-1.5	-1.5	0
Mfhas1	0	0	0	0	0	0	0	0	0	0	0	0	0	0	0	0	0	0	0	0	0	1.5	0	0	0	0	0	0	0	0	0
Mfng	0	0	0	0	0	0	0	1.5	0	1.5	0	0	0	0	0	0	0	1.5	1.5	0	0	1.5	0	1.5	0	0	0	0	1.5	0	0
Mfsd11	0	0	0	0	0	1.5	0	1.5	1.5	0	0	0	1.5	0	0	0	0	0	0	0	0	0	0	0	0	0	0	0	1.5	1.5	0
Mgat4b	0	0	0	0	0	0	0	0	0	0	0	0	0	0	0	0	0	0	0	0	0	0	0	0	0	0	0	0	-1.5	0	0
Mgea5	0	0	0	0	0	0	0	-1.5	0	0	0	0	0	0	0	0	0	0	0	0	0	0	0	0	0	0	0	0	-1.5	-1.5	0
Mgll	0	0.5	0.5	0	0	0	0	1.5	0	0	0	0	0	0	0	0	0	0	0	0	0	1.5	0	0	0	0	0	0	0.5	0.5	0
Mina	0	0	0	0	0	0	0	0	0	0.5	0	0	0	0	0	0	0	0	0	0	0	0	0	0	0	0	0	0	0	0	0
Mir27a	0	-1.5	-1.5	0	0	0	0	-1.5	0	0	0	0	0	0	0	0	0	0	0	0	0	0	0	-1.5	0	0	0	0	-1.5	-1.5	0
Mirlet7g	0	-1.5	-1.5	0	0	0	0	-1.5	0	0	0	0	0	0	0	0	0	0	0	0	0	0	0	0	0	0	0	0	-1.5	-1.5	0
Mkrn2	0	0	0	0	0	0	0	0	0	0	0	0	0	0	0	0	0	0	0	0	0	0	-1.5	0	0	0	0	0	0	0	0
Mlx	0	0	0	0	0	0	0	0	1.5	0	1.5	0	1.5	0	0	0	0	0	0	0	0	0	0	0	1.5	0	0	0	0	0	0
Mmgt2	0	1.5	1.5	0	0	0	0	1.5	0	0	0	0	0	0	0	0	1.5	0	0	0	0	0	0	0	0	0	0	0	1.5	1.5	0
Mmp24	0	0	-1.5	0	0	0	0	0	0	0	0	0	0	0	0	0	0	0	0	0	0	0	0	0	0	0	0	0	0	0	0
Mogs	0	0	0	0	0	0	0	0	0	0	0	0	0	0	0	0	0	1.5	0	0	0	0	0	0	0	0	0	0	0	0	0
Mpzl2	0	0	0	0	0	0	0	0	0	0	0	0	1.5	0	0	0	0	0	0	0	0	0	0	0	0	0	0	0	0	0	0
Mrgpre	0	1.5	0	0	0	0	0	0	0	0	1.5	0	0	0	0	0	0	0	0	0	0	0	0	0	0	0	0	0	0	1.5	0
Ms4a6d	0	0	0	0	0	0	0	0	0	1.5	0	0	0	0	0	0	0	0	0	0	0	0	0	0	0	0	0	0	0	0	0
Msh5	0	0	0	0	0	0	0	1.5	0	1.5	0	0	1.5	0	0	0	0	0	0	0	0	1.5	0	1.5	0	0	0	1.5	1.5	0	0
Mtap	0	0	0	0	0	0	1.5	0	0	0	0	0	0	0	0	0	0	0	0	0	0	1.5	1.5	0	0	0	0	0	0	0	0
Mtap7d3	0	0	0	0	0	0	0	0	0	0	0	0	0	0.5	0	0	0	0	0	0	0.5	0	0	0	0	0	0	0	0	0	0
Mtfp1	0	0	0	0	0	0	0	1.5	0	0	0	0	1.5	0	0	0	0	0	1.5	0	0	0	0	0	1.5	0	0	0	0	0	0
Mus81	0	1.5	0	0	0	0	0	0	0	0	0	0	0	0	0	0	0	0	0	0	0	0	0	0	0	0	0	0	1.5	1.5	0
Mxi1	0	0	0	0	0	0	0	0	0	0	0	0	0	0	0	0	-0.5	-1.5	0	0	0	-1.5	0	0	0	0	0	0	-1.5	-1.5	0
Myg1	0	1.5	0	0	0	0	0	0	0	0	0	0	0	0	0	0	0	0	0	0	0	0	0	0	0	0	0	0	0	0	0
Myo10	0	0	0	0	0	0	0	1.5	0	0	0	0	0	0	0	0	0	0	0	0	0	0	0	0	0	0	0	0	0	0	0
Myo16	0	1.5	0	1.5	0	0	0	0	0	0	0	0	0	0	0	0	1.5	0	0	0	0	1.5	0	0	0	0	0	0	0	0	0
Myo18a	0	1.5	0	1.5	0	0	1.5	0	0	0	0	0	0	0	0	0	0	1.5	1.5	0	0	0	0	1.5	0	0	0	0	1.5	0	1.5
Myo1f	0	0	0	0	0	0	0	0	0	0	0	0	0	0	0	0	0	0	0	0	0	0	0	0	0	0	0	0	1.5	0	0
Myo5c	0	0	0	-1.5	0	0	0	0	0	0	0	0	0	0	0	0	0	0	0	0	0	0	0	-1.5	0	0	0	0	0	0	0
Myt1	0	-1.5	-1.5	0	0	0	0	-1.5	0	0	0	0	0	0	0	0	0	0	0	0	0	0	0	0	0	0	0	0	0	-1.5	0
Nab2	0	1.5	1.5	1.5	0	0	0	1.5	0	1.5	0	0	0	0	1.5	1.5	1.5	0	0	0	0	0	0	0	1.5	0	0	0	1.5	0	0
Nat9	0	0	0	0	0	0	0	0	0	0	0	0	0	0	0	0	0	0	0	0	0	-1.5	0	0	0	0	0	0	0	0	0
Nav1	0	0	0	0	0	0	0	0	1.5	0	1.5	0	0	0	0	0	0	1.5	0	0	0	1.5	0	1.5	0	0	0	0	0	0	0
Nav2	0	0	0	0	0	0	0	0	0	0	0	0	0	0	0	0	0	-1.5	-1.5	0	1.5	0	0	0	0	0	0	0	0	0	0
Nbeal2	0	0	0	1.5	0	0	0	1.5	0	0	0	0	0	0	1.5	0	0	0	0	0	0	1.5	0	0	0	0	0	0	1.5	1.5	0
Nck2	0	0	0	0	0	1.5	0	0	0	0	0	0	0	0	0	0	1.5	0	1.5	0	0	0	0	0	0	0	0	0	0	0	0
Nckap5	0	0	0	0	0	0	0	0	0	0	0	0	0	0	0	0	-0.5	-0.5	-0.5	0	0	0	0	-0.5	0	0	0	0	0	0	0
Ndufaf3	0	1.5	1.5	0	0	0	0	0	0	0	0	0	0	0	0	0	0	0	0	0	0	0	0	0	0	0	0	0	0	0	0
Ndufb7	0	0	0	0	0	0	0	0	0	0	0	0	0	0	0	0	0	0	0	0	0	1.5	0	0	0	0	0	0	0	0	0
Neat1	0	-1.5	-1.5	0	0	0	0	0	0	0	0	0	0	0	0	0	0	-1.5	-1.5	-1.5	0	0	0	-1.5	0	0	0	0	-1.5	0	0
Nebl	0	0	0	0	0	0	0	0	0	0	0	0	0	1.5	0	0	0	0	0	0	0	0	0	0	0	0	0	0	0	0	0
Nek6	0	0	0	0	0	0	0	0	0	0	0	0	0	0	0	0	0	1.5	1.5	0	0	0	0	0	0	0	0	0	0	0	0
Neurl3	0	0	0	0	0	0	0	0	0	0	0	0	0	0	0	0	-0.5	0	0	0	0	-1.5	0	0	0	0	0	0	0	0	0
Nfia	0	0	0	0	0	0	0	0	0	0	0	0	0	0	0	0	0	0	0	0	0	-0.5	0	0	0	0	0	0	0	0	0
Nfix	0	0	0	0	0	0	0	0	0	0	0	0	0	0	0	0	0	0	-0.5	0	0	0	0	0	0	0	0	0	0	0	0
Nfkb2	0	-1.5	-1.5	0	0	0	0	-1.5	0	0	0	0	0	0	0	0	0	0	0	0	0	0	0	0	0	0	0	0	-1.5	0	0
Nfkbia	0	1.5	0	1.5	0	0	0	0	0	0	0	0	0	0	0	0	0	0	0	0	0	0	0	0	0	0	0	0	0	0	0
Nfkbid	0	1.5	0	0	0	0	0	0	0	0	0	0	0	0	0	1.5	0	0	1.5	0	0	0	0	0	0	0	0	1.5	0	1.5	1.5
Nfkbil1	0	1.5	0	1.5	0	0	0	1.5	0	0	0	0	0	0	0	0	1.5	1.5	1.5	0	0	1.5	0	1.5	0	0	0	0	1.5	1.5	0
Nhsl1	0	0	0	0	0	0	0	0	0	0	0	0	0	-1.0	0	0	0	0	0	0	-1.0	0	0	0	0	0	0	0	0	0	0
Nipal3	0	0	0	0	0	0	1.5	0	0	0	0	0	0	0	0	0	1.5	1.5	0	0	0	0	0	0	0	0	0	0	0	1.5	0
Nipsnap1	0	0	0	1.5	0	0	0	0	0	0	0	0	0	0	0	0	0	0	0	0	0	0	0	0	0	0	0	0	0	0	0
Nkd1	0	0	0	0	0	0	0	0	0	0	-1.0	0	0	0	0	0	0	0	0	0	0	0	0	0	0	0	0	0	0	0	0
Nlrx1	0	0	0	0	0	0	0	0	0	0	0	0	0	0	1.5	0	0	0	0	0	0	0	0	0	0	0	0	0	0	1.5	0
Nol10	0	0	0	0	0	0	0	0	0	0	0	0	0	0	0	0	0	0	-1.5	0	0	0	0	0	0	0	0	0	0	0	0
Nos3	0	0	0	0	0	0	0	0	0	0	0	0	-0.5	0	0	0	0	-0.5	-0.5	0	0	0	0	0	0	0	0	0	0	0	0
Notch4	0	-1.5	-1.5	-1.5	0	0	0	-1.5	0	0	0	0	0	0	0	0	0	0	0	0	0	0	0	0	0	0	0	0	-1.5	-1.5	0
Npc2	0	0	0	0	0	0	0	0	0	0	0	0	0	0	0	0	0	0	1.5	0	0	1.5	1.5	0	0	0	0	0	0	0	0
Nr1d1	0	-1.5	0	0	0	0	0	0	-1.5	0	0	0	0	0	0	0	0	0	0	0	0	0	-1.5	0	0	0	0	0	-1.5	0	0
Nr1h3	0	0	0	-1.5	0	0	0	0	0	0	0	0	0	0	0	0	0	0	0	0	0	0	0	0	0	0	0	0	0	0	0
Nr4a1	0	1.5	1.5	1.5	0	0	0	1.5	0	1.5	0	0	0	0	0	0	0	0	0	0	0	0	0	0	0	0	0	0	1.5	0	0
Nrbp2	0	0	0	1.5	0	0	0	0	0	0	0	0	0	0	0	0	0	0	0	0	0	0	0	0	0	0	0	0	1.5	0	0
Nrgn	0	0	0	0	0	0	0	0	0	0	0	0	0	0	0	0	0	1.5	1.5	0	0	1.5	0	0	0	0	0	0	0	0	0
Nrip1	0	-1.5	-1.5	0	0	0	0	0	0	0	0	0	0	0	0	0	0	0	0	0	0	0	0	0	0	0	0	0	0	0	0
Nrm	0	1.5	0	0	0	0	0	1.5	0	1.5	0	0	0	0	0	0	0	0	0	0	0	0	0	0	0	0	0	0	1.5	1.5	0
Nrp1	0	1.5	0	1.5	0	1.5	1.5	1.5	0	1.5	0	0	0	0	0	1.5	1.5	1.5	1.5	0	0	1.5	1.5	1.5	0	0	0	0	1.5	0	1.5
Nrxn2	0	0	0	0	0	0	0	-1.5	0	0	0	0	0	0	0	0	0	0	0	0	0	0	0	0	0	0	0	0	-1.5	0	0
Nsg2	0	0	0	0	0	0	0	0	0	0	0	0	0	0	0	0	0	0	0	0	0	-1.5	0	0	0	0	0	0	0	0	0
Nt5c2	0	-1.5	0	0	0	0	0	0	0	0	0	0	0	0	0	0	0	0	0	0	0	0	0	0	0	0	0	0	0	0	0
Nt5dc1	0	0	1.5	0	0	0	0	0	0	0	0	0	0	0	0	0	0	0	0	0	0	0	0	0	0	0	0	0	0	0	0
Nt5m	0	1.5	0	1.5	0	0	0	1.5	0	1.5	1.5	0	0	0	0	0	0	0	0	0	0	0	1.5	0	0	0	0	0	1.5	1.5	0
Ntng2	0	0	0	0	0	0	0	0	0	0	0	0	0	0	0	0	0	0	0	0	0	0	0	0	0	0	0	0	-1.5	0	0
Nuak2	0	0	0	0	0	0	0	0	0	0	0	0	-1.5	0	0	0	0	-1.5	0	0	0	0	-1.5	0	0	0	0	0	0	0	0
Nudt22	0	1.5	0	0	0	0	1.5	0	0	0	0	0	0	0	0	0	0	0	0	0	0	0	0	0	0	0	0	0	0	0	0
Obfc1	0	0	0	0	0	0	0	-1.5	0	0	0	0	0	0	0	0	-0.5	-1.5	-1.5	0	0	0	0	0	0	0	0	0	0	-1.5	0
Olfr60	0	0	0	0	0	0	0	0	0	0	0	0	0	1.5	0	0	0	0	0	0	1.5	0	0	0	0	1.5	0	0	0	0	0
Orai3	0	0	0	0	0	0	0	1.5	0	0	0	0	0	0	0	0	0	0	0	0	0	0	0	0	0	0	0	0	0	0	0
Osbpl5	0	0	0	0	0	0	0	0	0	0	0	0	0	0	0	0	0	0	0	0	0	0	0	0	0	0	0	0	1.5	1.5	0
Osbpl9	0	0	0	0	0	0	0	0	0	0	0	0	0	0	0	0	0	0	0	0	0	0	0	-0.5	0	0	0	0	0	0	0
Ostf1	0	0	0	0	0	0	0	0	0	0	0	0	0	0	0	0	0	0	0	0	0	0	0	0	0	0	1.0	0	0	0	0
Otud7b	0	0	0	0	0	0	0	0	0	0	0	0	0	0	0	0	0	1.5	0	0	0	0	0	0	0	0	0	0	1.5	0	0
Oxsr1	0	1.5	0	0	0	0	0	0	0	0	0	0	0	0	0	0	0	0	0	0	0	0	0	0	0	0	0	0	0	0	0
P2rx1	0	-1.5	0	0	0	0	0	0	0	0	0	0	0	0	0	0	0	0	0	0	0	-1.5	0	0	0	0	0	0	-1.5	-1.5	0
P2rx7	0	0	0	0	0	0	0	0	0	0	0	0	0	0	0	0	0	-1.5	-1.5	0	0	0	0	0	0	0	0	0	0	-1.5	0
P2ry14	0	0	0	0	0	0	0	0	0	0	0	0	0	0	0	0	0	0	0	0	0	-1.5	-1.5	0	0	0	0	0	0	0	0
P2ry6	0	0	0	0	0	0	0	0	0	0	0	0	0	0	0	0	0	0	-1.5	0	0	0	0	-1.5	0	0	0	0	0	0	0
P4ha1	0	0	0	1.5	0	0	0	0	0	0	0	0	0	0	0	0	0	0	0	0	0	0	0	0	0	0	0	0	0	0	0
Pacs2	0	1.5	0	0	0	0	0	1.5	0	0	1.5	0	0	0	0	0	0	0	0	0	0	1.5	0	1.5	0	0	0	0	0	0	0
Pacsin1	0	1.5	1.5	0	0	0	0	1.5	0	0	0	0	0	0	0	0	0	0	1.5	0	0	0	0	0	0	0	0	0	1.5	1.5	0
Pacsin2	0	0	0	0	0	0	0	0	0	0	0	0	0	0	0	0	0	0	0	0	0	1.5	0	0	0	0	0	0	0	0	0
Paics	0	0	0	0	0	0	0	0	0	0	0	0	0	0	0	0	0	1.5	0	0	0	0	0	0	0	0	0	0	0	0	0
Palm	0	1.5	1.5	0	0	0	0	1.5	0	0	0	0	0	0	0	0	0	0	0	0	0	0	0	0	0	0	0	0	1.5	0	0
Paox	0	0	0	0	0	0	0	0	0	0	0	0	0	0	0	0	0	0	0	0	0	0	0	0	0	0	0	0	0	1.5	0
Paqr4	0	1.5	1.5	0	0	0	0	1.5	0	0	0	0	0	0	0	0	1.5	0	0	0	0	0	1.5	0	0	0	0	0	0	1.5	0
Paqr7	0	0	0	0	0	0	0	0	0	0	0	0	0	0	0	0	0	0.5	0	0	0	0	0	0	0	0	0	0	0	0	0
Pbx2	0	1.5	1.5	1.5	0	0	0	1.5	0	1.5	0	0	1.5	0	0	0	0	0	0	0	0	0	0	0	0	0	0	0	1.5	1.5	0
Pcbp3	0	1.5	0	0	0	0	0	0	0	0	0	0	0	0	0	0	0	0	0	0	0	0	0	0	0	0	0	0	0	0	0
Pcdhga1	0	-0.5	0	0	0	0	0	-0.5	0	0	0	0	0	0	0	0	0	0	0	0	0	-0.5	0	0	0	0	0	0	0	0	0
Pcdhga10	0	-0.5	0	0	0	0	0	-0.5	0	0	0	0	0	0	0	0	0	0	0	0	0	-0.5	0	0	0	0	0	0	0	0	0
Pcdhga11	0	-0.5	0	0	0	0	0	-0.5	0	0	0	0	0	0	0	0	0	0	0	0	0	-0.5	0	0	0	0	0	0	0	0	0
Pcdhga12	0	-0.5	0	0	0	0	0	-0.5	0	0	0	0	0	0	0	0	0	0	0	0	0	-0.5	0	0	0	0	0	0	0	0	0
Pcdhga3	0	-0.5	0	0	0	0	0	-0.5	0	0	0	0	0	0	0	0	0	0	0	0	0	-0.5	0	0	0	0	0	0	0	0	0
Pcdhga4	0	-0.5	0	0	0	0	0	-0.5	0	0	0	0	0	0	0	0	0	0	0	0	0	-0.5	0	0	0	0	0	0	0	0	0
Pcdhga5	0	-0.5	0	0	0	0	0	-0.5	0	0	0	0	0	0	0	0	0	0	0	0	0	-0.5	0	0	0	0	0	0	0	0	0
Pcdhga6	0	-0.5	0	0	0	0	0	-0.5	0	0	0	0	0	0	0	0	0	0	0	0	0	-0.5	0	0	0	0	0	0	0	0	0
Pcdhga7	0	-0.5	0	0	0	0	0	-0.5	0	0	0	0	0	0	0	0	0	0	0	0	0	-0.5	0	0	0	0	0	0	0	0	0
Pcdhga8	0	-0.5	0	0	0	0	0	-0.5	0	0	0	0	0	0	0	0	0	0	0	0	0	-0.5	0	0	0	0	0	0	0	0	0
Pcdhga9	0	-0.5	0	0	0	0	0	-0.5	0	0	0	0	0	0	0	0	0	0	0	0	0	-0.5	0	0	0	0	0	0	0	0	0
Pcdhgb1	0	-0.5	0	0	0	0	0	-0.5	0	0	0	0	0	0	0	0	0	0	0	0	0	-0.5	0	0	0	0	0	0	0	0	0
Pcdhgb2	0	-0.5	0	0	0	0	0	-0.5	0	0	0	0	0	0	0	0	0	0	0	0	0	-0.5	0	0	0	0	0	0	0	0	0
Pcdhgb4	0	-0.5	0	0	0	0	0	-0.5	0	0	0	0	0	0	0	0	0	0	0	0	0	-0.5	0	0	0	0	0	0	0	0	0
Pcdhgb5	0	-0.5	0	0	0	0	0	-0.5	0	0	0	0	0	0	0	0	0	0	0	0	0	-0.5	0	0	0	0	0	0	0	0	0
Pcdhgb6	0	-0.5	0	0	0	0	0	-0.5	0	0	0	0	0	0	0	0	0	0	0	0	0	-0.5	0	0	0	0	0	0	0	0	0
Pcdhgb7	0	-0.5	0	0	0	0	0	-0.5	0	0	0	0	0	0	0	0	0	0	0	0	0	-0.5	0	0	0	0	0	0	0	0	0
Pcdhgb8	0	-0.5	0	0	0	0	0	-0.5	0	0	0	0	0	0	0	0	0	0	0	0	0	-0.5	0	0	0	0	0	0	0	0	0
Pcdhgc3	0	-0.5	0	0	0	0	0	-0.5	0	0	0	0	0	0	0	0	0	0	0	0	0	-0.5	0	0	0	1.5	0	0	0	0	0
Pcdhgc4	0	-0.5	0	0	0	0	0	-0.5	0	0	0	0	0	0	0	0	0	0	0	0	0	-0.5	0	0	0	1.5	0	0	0	0	0
Pcdhgc5	0	-0.5	0	0	0	0	0	-0.5	0	0	0	0	0	0	0	0	0	0	0	0	0	-0.5	0	0	0	1.5	0	0	0	0	0
Pcgf2	0	0	0	0	0	0	0	0	0	0	0	0	0	0	0	0	0	0	0	0	0	1.5	0	1.5	0	0	0	0	0	0	0
Pdcd1	0	0	0	0	0	0	0	0	0	1.5	0	0	0	0	0	0	1.5	0	0	0	0	0	0	0	0	0	0	0	0	0	0
Pdcd1lg2	0	0	0	0	0	0	0.5	0.5	0	0	0	0	0	0	0	0	0	0	0	0	0	0	0	0	0	0	0	0	0	1.5	0
Pde10a	0	0	0	0	0	0	0	0	0	0	-1.0	0	0	0	0	0	0	0	0	0	0	0	0	0	0	0	0	0	0	0	0
Pde4a	0	1.5	0	1.5	0	0	0	1.5	0	0	0	0	0	0	1.5	0	0	1.5	1.5	0	0	0	0	1.5	0	0	0	0	1.5	0	0
Pde5a	0	0	0	0	0	0	0	0	0	0	0	0	0	1.5	0	0	0	0	0	0	1.5	-0.5	-0.5	0	0	0	0	0	0	0	0
Pde8a	0	-1.5	-1.5	0	0	0	0	0	0	0	0	0	0	0	0	0	0	0	0	0	0	0	0	0	0	0	0	0	0	0	0
Pdgfb	0	1.5	1.5	0	0	0	0	0	0	0	0	0	0	0	0	0	0	0	0	0	0	0	0	0	0	0	0	0	0	0	0
Pdlim1	0	0	-1.5	0	0	0	0	-1.5	0	0	0	0	0	0	0	0	0	0	0	-1.5	0	0	0	-1.5	0	0	0	0	-1.5	-1.5	0
Pdpr	0	0	0	0	0	0	0	0	0	0	0	0	0	0	0	0	0	0	0	0	0	0	0	0	0	0	0	0	-1.5	-1.5	0
Pdxp	0	0	0	0	0	0	0	0	0	0	0	0	0	0	0	0	0	0	0	0	0	1.5	0	1.5	0	0	0	0	0	0	0
Peli2	0	0	0	-1.5	0	0	0	0	0	0	0	0	0	0	0	0	-0.5	0	0	0	0	0	0	0	0	0	0	0	0	0	0
Per3	0	0	0	0	0	0	0	0	-1.5	0	0	0	0	0	0	0	0	0	0	0	0	-1.5	0	0	-1.5	0	0	0	0	0	0
Pfdn1	0	1.5	0	0	0	0	0	0	0	0	0	0	0	0	0	0	0	0	0	0	0	0	0	0	0	0	0	0	0	0	0
Pfkfb3	0	0	0	0	0	0	0	0	0	0	0	0	0	0	0	0	0	0	0	0	0	0	0	0	0	0	0	0	0	1.5	0
Pfn1	0	0	0	1.5	0	0	0	1.5	0	1.5	0	0	0	0	0	0	0	0	0	0	0	0	0	0	0	0	0	1.5	1.5	1.5	0
Pgap1	0	0	0	0	-0.5	0	0	0	0	0	0	0	0	0	0	0	0	0	0	0	0	0	0	0	0	0	0	0	0	0	0
Pgc	0	0	0	0	0	0	0	-1.5	0	0	0	0	0	0	0	0	0	0	0	0	0	-1.5	0	-1.5	0	0	0	0	-1.5	0	0
Pglyrp1	0	0	0	0	0	0	0	1.5	0	0	0	0	0	0	0	0	0	0	0	0	0	0	1.5	0	0	0	0	0	0	0	0
Pgm2	0	1.5	0	0	0	0	0	1.5	0	0	0	0	0	0	0	0	0	0	0	0	0	0	0	0	0	0	0	0	0	1.5	0
Phf21b	0	0	0	0	0	0	0	1.5	0	0	0	0	0	0	0	0	1.5	0	0	0	0	0	0	0	0	0	0	0	1.5	0	0
Phf23	0	1.5	0	1.5	0	0	0	1.5	1.5	0	0	0	0	0	0	0	0	0	0	0	0	1.5	0	1.5	1.5	0	0	0	1.5	1.5	0
Pif1	0	0	0	1.5	0	0	0	0	0	1.5	0	0	0	0	0	0	0	0	0	0	0	0	0	1.5	0	0	0	0	1.5	1.5	0
Pigw	0	1.5	0	0	0	0	0	0	0	0	0	0	0	0	1.5	0	0	1.5	1.5	0	0	1.5	0	0	0	0	0	0	1.5	0	0
Pik3cd	0	1.5	1.5	1.5	0	0	0	0	0	0	0	0	0	0	0	0	0	0	0	0	0	0	0	0	0	0	0	0	0	0	0
Pik3r1	0	-1.5	0	0	0	0	0	-1.5	0	0	0	0	0	0	0	0	0	0	0	0	0	0	0	0	0	0	0	0	0	-1.5	0
Pik3r6	0	0	-1.5	0	0	0	0	0	0	0	0	0	0	0	0	0	-0.5	0	0	0	0	0	-1.5	-1.5	0	0	0	0	0	-1.5	0
Pip4k2b	0	1.5	0	0	0	0	0	1.5	0	0	0	0	1.5	0	0	0	0	0	0	0	0	1.5	0	0	0	0	0	1.5	1.5	1.5	1.5
Pitpnm2	0	1.5	1.5	0	0	0	0	0	0	0	0	0	0	0	0	0	0	0	0	0	0	0	0	1.5	0	0	0	0	1.5	1.5	0
Pkd1	0	0	0	0	0	0	0	0	0	0	0	0	0	0	0	0	0	0	0	0	0	0	0	0	0	0	0	0	-1.5	0	0
Pkib	0	1.5	1.5	0	0	0	0	0	0	0	0	0	0	0	0	0	0	0	0	0	0	0	0	0	0	0	0	0	0	0	0
Pkp3	0	1.5	1.5	0	0	0	0	0	0	0	0	0	0	0	0	0	0	0	0	0	0	1.5	0	1.5	0	0	0	0	1.5	1.5	0
Pla2g2d	0	0	0	0	0	0	0	0	0	0	0	0	0	0	0	0	0	0	0	0	0	0	0	0	0	1.5	0	0	0	0	0
Plac8	0	0	0	0	0	0	0	0	0	0	0	0	1.5	0	0	0	0	0	1.5	0	0	1.5	0	0	0	0	0	0	1.5	0	0
Plcb4	0	0	0	0	0	0	0	0	0	0	0	0.5	0	1.5	0	0	0	-0.5	0	0	1.5	-0.5	0	0	0	0	0	0	0	0	0
Plcg1	0	0	0	0	0	0	0	0	0	0	0	0	0	0	0	0	0	0	0	0	0	1.5	0	0	0	0	0	0	0	0	0
Plcg2	0	0	0	0	0	0	0	0	0	0	0	0	0	0	0	0	0	-1.5	0	0	0	0	0	0	0	0	0	0	0	0	0
Pld3	0	1.5	0	0	0	0	0	0	0	0	0	0	0	0	0	0	0	0	0	0	0	0	0	0	0	0	0	0	0	1.5	0
Plekhg5	0	0.5	0	1.5	0	0	0	0.5	0	0	0	0	0	0	0	0	0	0	0	0	0	0	0	0	0	0	0	0	0	0.5	0
Plekhg6	0	0	0	0	0	0	0	0	0	0	0	0	0	0	0	0	0	0	0	0	0	0	0	-0.5	0	0	0	0	0	0	0
Plp2	0	0	0	1.5	0	0	0	0	0	0	0	0	0	0	0	0	0	0	0	0	0	0	0	0	0	0	0	0	1.5	1.5	0
Pls1	0	0	0	0	0	0	0	0	0	0	0	0	0	0	0	0	0	0	0	0	0	-1.5	-1.5	0	0	0	0	0	0	0	0
Plscr1	0	0	0	0	-0.5	0	0	0	0	0	0	0	0	0	0	0	0	0	0	0	0	0	0	0	0	0	0	0	0	0	0
Pltp	0	-1.5	0	0	0	0	0	0	0	0	0	0	0	0	0	0	0	0	0	0	0	0	0	0	0	0	0	0	0	0	0
Plxdc1	0	0	0	1.5	0	0	0	1.5	0	0	0	0	0	0	0	0	0	0	0	0	0	0	0	0	0	0	0	0	0	0	0
Plxnc1	0	0	0	0	0	0	0	0	0	0	0	0	0	0	0	0	0	0	0	0	0	0	0	0	0	1.5	0	0	0	0	0
Plxnd1	0	0	0	1.5	0	0	0	0	0	0	0	0	0	0	0	0	0	0	0	0	0	0	0	1.5	0	0	0	0	0	0	0
Pnkd	0	0	0	1.5	0	0	0	1.5	0	1.5	0	0	0	0	0	0	0	0	0	0	0	0	0	1.5	0	0	0	0	0	1.5	0
Pnpla3	0	0	0	0	0	0	0	0	0	0	0	0	0	0	0	0	0	0	0	0	0	0	0	0	0	0	0	-1.5	0	0	0
Pold4	0	0	0	0	0	0	0	0	0	1.5	0	0	1.5	0	0	0	1.5	1.5	0	0	0	0	0	0	0	0	0	0	0	1.5	0
Polk	0	1.5	0	0	0	0	0	0	0	0	0	0	0	0	0	0	0	0	0	0	0	0	0	0	0	0	0	0	0	0	0
Polr2a	-0.5	0	0	0	0	0	0	-1.5	0	0	0	0	0	0	0	0	0	0	0	0	0	0	0	0	0	0	0	0	0	-1.5	0
Popdc2	0	0	0	1.5	0	0	0	0	0	1.5	0	0	0	0	0	0	0	0	0	0	0	0	0	1.5	0	0	0	0	0	0	0
Ppfibp2	0	0	0	0	0	0	0	-1.5	0	0	0	0	0	0	0	0	0	0	0	0	0	0	0	-1.5	0	0	0	0	-1.5	-1.5	0
Ppil6	0	0	0	0	0	0	0	0	-1.5	0	0	0	0	0	0	0	0	0	0	0	0	0	0	0	-1.5	0	0	0	0	0	0
Ppm1d	-0.5	-1.5	-1.5	0	0	0	0	0	0	0	0	0	-1.5	0	0	0	0	0	0	0	0	0	0	0	0	0	0	-1.5	-1.5	0	0
Ppm1j	0	1.5	0	0	0	0	0	1.5	0	0	0	0	0	0	0	0	1.5	0	0	0	0	0	0	0	0	0	0	0	1.5	0	0
Ppme1	0	0	0	-1.5	0	0	0	-1.5	0	0	0	0	0	0	0	0	0	0	0	0	0	0	0	0	0	0	0	0	-1.5	-1.5	0
Ppp1ca	0	0	0	0	0	0	0	1.5	0	0	0	0	0	0	0	0	0	0	0	0	0	0	0	0	0	0	0	0	1.5	0	0
Ppp1r14b	0	1.5	1.5	0	0	0	0	1.5	0	0	1.5	0	0	0	0	0	0	1.5	1.5	0	0	0	0	0	0	0	0	0	1.5	1.5	0
Ppp1r3f	0	0	0	0	0	0	0	0	0	0	0	0	0	0.5	0	0	0	0	0	0	0	0	0	0	0	0	1.0	0	0	0	0
Ppp1r9b	0	1.5	0	1.5	0	0	0	1.5	0	0	0	0	0	0	0	0	0	1.5	1.5	0	0	0	0	0	0	0	0	0	1.5	0	0
Pqlc3	0	0	0	0	0	0	0	0	0	0	0	0	0	0	0	1.5	0	1.5	1.5	0	0	0	0	0	0	0	0	0	0	0	0
Prelid2	0	0	0	0	0	0	0	0	0	0	0	0	0	0	0	0	0	0	0	0	1.5	0	0	0	0	0	1.0	0	0	0	0
Prkag2	0	0	0	1.5	0	0	0	0	0	0	0	0	0	0	0	0	0	0	0	0	0	0	0	0	0	0	0	1.5	0	1.5	0
Prkcq	0	1.5	0	0	0	0	0	0	0	0	0	0	0	0	0	0	0	0	0	0	0	0	0	0	0	0	0	0	0	0	0
Proca1	0	0	0	0	0	0	0	0	0	0	0	0	0	0	0	0	0	0	0	0	0	0	0	0	0	0	0	0	0	-1.5	0
Prr11	0	0	0	0	0	0	1.5	0	0	0	0	0	1.5	0	0	0	0	0	0	0	0	0	0	0	0	0	0	0	1.5	0	0
Prr5l	0	0	0	0	0	0	0	-0.5	0	0	0	0	0	0	0	0	0	0	-0.5	0	0	-0.5	0	-0.5	0	0	0	0	-0.5	0	0
Prrg2	0	0	0	0	0	0	0	0	0	0	0	0	0	0	0	0	0	0	0	0	0	0	1.5	1.5	0	0	0	0	0	0	0
Prss12	0	0	0	0	0	0	0	0	0	0	0	0	0	0	0	0	0	-0.5	-0.5	0	0	0	0	0	0	0	0	0	0	0	0
Prss30	0	0	0	0	0	0	1.5	0	0	0	0	0	0	0	0	0	1.5	0	0	0	0	1.5	0	1.5	0	0	0	0	0	1.5	0
Prss51	0	0	0	0	0	0	0	0	0	0	0	0	0	1.5	0	0	0	0	0	0	0	0	0	0	0	0	0	0	0	0	0
Prss53	0	-1.5	-1.5	0	0	0	0	-1.5	0	0	0	0	0	0	0	0	0	0	0	0	0	0	0	0	0	0	0	0	-1.5	-1.5	0
Psmb8	0	0	0	0	0	0	0	1.5	0	0	0	0	0	0	0	0	0	0	0	0	0	0	0	0	0	0	0	0	0	0	0
Psmc3ip	0	0	0	0	0	0	0	0	1.5	0	1.5	0	1.5	0	0	0	0	0	0	0	0	0	0	0	1.5	0	0	0	0	0	0
Pstpip1	0	0	0	0	0	0	1.5	0	0	0	0	0	0	0	0	0	1.5	1.5	1.5	0	0	1.5	1.5	1.5	0	0	0	0	0	0.5	0
Ptger4	-0.5	0	-1.5	0	0	0	0	-1.5	0	0	0	0	0	0	0	0	0	0	0	0	0	-1.5	0	0	0	0	0	0	0	0	0
Ptgfrn	0	0	1.5	0	0	0	0	0	0	0	0	0	0	0	0	0	0	0	0	0	0	1.5	0	0	0	0	0	0	0	0	0
Ptgr2	0	0	0	1.5	0	0	0	0	0	0	0	0	0	0	0	0	0	0	1.5	0	0	0	0	0	0	0	0	0	0	0	0
Ptgs1	0	0	0	0	0	0	0	-1.5	0	0	0	0	0	0	0	0	0	0	0	0	0	-1.5	0	0	0	0	0	0	-1.5	0	0
Ptpn3	0	1.5	1.5	1.5	0	0	0	0	0	0	0	0	0	0	0	0	0	0	0	0	0	0	0	0	0	0	0	0	1.5	0	0
Ptpn5	0	0	0	0	0	0	0	0	0	0	0	0	0	0	0	0	0	1.5	0	0	0	0	0	0	0	0	0	0	0	0	1.5
Ptpn6	0	0	0	0	0	0	0	0	0	1.5	0	0	0	0	0	0	0	0	0	0	0	0	0	1.5	0	0	0	0	0	1.5	0
Ptpn7	0	0	0	1.5	0	0	0	1.5	0	0	0	0	0	0	0	0	0	0	0	0	0	0	0	1.5	0	0	0	0	1.5	0	0
Ptprb	0	-1.5	-1.5	0	0	0	0	-1.5	0	0	0	0	0	0	0	0	0	0	-1.5	0	0	0	0	0	0	0	0	0	0	0	0
Ptprj	0	0	1.5	1.5	0	0	0	1.5	0	0	0	0	1.5	0	1.5	0	0	1.5	1.5	0	0	1.5	1.5	1.5	0	0	0	0	0	1.5	1.5
Ptprk	0	1.5	0	0	0	0	0	0	0	0	0	0	0	0	0	0	0	0	0	0	0	1.5	0	0	0	0	0	0	0	0	0
Ptprs	0	0	0	0	0	1.5	0	0	0	0	0	0	0	0	0	0	0	0	1.5	0	0	0	0	1.5	0	0	0	0	0	0	0
Pvrl4	0	0	0	0	0	0	0	0	0	0	0	0	0	0	0	0	0	-1.5	-1.5	0	0	0	0	0	0	0	0	0	0	0	0
Pwwp2b	0	0	0	0	0	0	0	0	0	0	0	0	0	0	0	0	0	0	0	0	0	0	0	0	0	0	0	0	1.5	0	0
Pycard	0	0	0	0	0	0	0	1.5	0	0	0	0	0	0	0	0	0	0	0	0	0	0	0	0	0	0	0	0	0	1.5	0
Qrfp	0	0	0	0	0	0	0	0	0	0	0	0	0	0	0	0	0	0	0	0	0	1.5	0	0	0	0	0	0	0	0	0
Rab11fip4	0	1.5	1.5	1.5	0	0	0	0	0	0	0	0	0	0	0	0	1.5	0	0	0	0	1.5	1.5	1.5	0	0	0	1.5	1.5	1.5	0
Rab27a	0	0	0	0	0	0	1.5	0	0	0	0	0	0	0	0	0	0	0	0	0	0	1.5	0	1.5	0	0	0	0	0	0	0
Rab34	0	0	0	0	0	0	0	-0.5	0	0	0	0	0	0	0	0	0	0	0	0	0	0	0	0	0	0	0	0	-0.5	-1.5	0
Rab40b	0	0	0	0	0	0	0	0	0	0	0	0	0	0	0	0	0	0	0	0	0	-1.5	0	0	0	0	0	-1.5	0	0	0
Rab44	0	0	0	0	0	0	0	0	0	0	0	0	0	0	0	0	0	-1.5	-1.5	0	0	0	0	0	0	0	0	0	0	0	0
Rab4a	0	0	0	0	0	0	0	1.5	0	1.5	0	0	0	0	0	0	0	0	0	0	0	0.5	0	0	0	0	0	0	1.5	0	0
Rab8b	0	0	0	0	0	0	0	-1.5	0	0	0	0	0	0	0	0	0	0	0	0	0	0	0	0	0	0	0	0	-1.5	-1.5	0
Rac2	0	1.5	0	1.5	0	0	0	1.5	0	0	1.5	0	0	0	0	0	0	0	0	0	0	0	0	1.5	0	0	0	0	1.5	1.5	0
Racgap1	0	0	0	0	0	0	0	0	0	0	0	0	1.5	0	0	0	0	0	0	0	0	0	0	0	0	0	0	0	0	0	0
Rad50	0	0	0	0	0	0	0	0	1.5	0	0.5	0	0	0	0	0	0	1.5	0	0	0	0	0	0	1.5	0	0	0	0	1.5	0
Rad51c	0	0	0	0	0	0	0	0	0	0	0	0	0	0	0	0	0	0	0	0	0	0	1.5	0	0	0	0	0	0	0	0
Rad9b	0	0	0	0	0	0	0	0	0	0	0	0	0	0	0	0	0	0	0	0	0	0	0	-1.5	0	0	0	0	0	-1.5	0
Ralgps1	0	-1.5	0	0	0	0	0	0	0	0	0	0	0	0	0	0	0	0	0	0	0	-1.5	0	-0.5	0	0	0	0	0	0	0
Ramp1	0	0	0	0	0	0	0	0	0	1.5	1.5	0	0	0	0	0	0	0	0	0	0	1.5	1.5	1.5	0	0	0	0	0	1.5	0
Rangrf	0	0	0	0	0	0	0	1.5	0	0	0	0	1.5	0	0	0	0	0	0	0	0	0	0	0	0	0	0	0	0	0	0
Rap1gap2	0	1.5	0	0	0	0	0	0	0	0	0	0	0	0	0	0	0	0	1.5	0	0	0	0	1.5	0	0	0	0	1.5	1.5	0
Rapgef3	0	0	0	-1.5	0	0	0	0	0	0	-1.0	0	0	0	0	0	0	0	0	0	0	0	0	0	0	0	0	0	0	0	0
Rara	0	1.5	1.5	1.5	0	0	0	1.5	1.5	1.5	1.5	0	1.5	0	0	0	1.5	1.5	1.5	0	0	1.5	0	1.5	1.5	0	0	0	1.5	1.5	0
Rarg	0	1.5	1.5	0	0	0	0	1.5	1.5	1.5	0	0	0	0	0	0	0	1.5	1.5	0	0	1.5	0	0	1.5	0	0	1.5	1.5	1.5	0
Rasa3	0	0	0	0	0	0	0	0	0	0	1.5	0	0	0	0	0	0	1.5	1.5	0	0	1.5	1.5	1.5	0	0	0	0	1.5	0	0
Rasal3	0	1.5	0	0	0	0	0	1.5	1.5	1.5	0	0	0	0	0	0	0	1.5	1.5	0	0	0	0	0	1.5	0	0	0	1.5	0	0
Rasip1	0	-1.5	-1.5	0	0	0	0	0	0	0	0	0	0	0	0	0	0	0	0	0	0	0	0	0	0	0	0	0	0	0	0
Rasl10a	0	0	0	-1.5	0	0	0	0	0	0	0	0	0	0	0	0	0	0	0	0	0	0	0	-1.5	0	0	0	0	0	-1.5	0
Rassf3	0	0	0	0	0	0	0	-1.5	0	0	0	0	0	0	0	0	0	0	0	0	0	0	0	0	0	0	0	0	-1.5	-1.5	0
Rassf8	0	0	0	0	0	0	0	0	0	0	0	0	0	0	0	0	0	0	0	0	0	-1.5	0	0	0	0	0	0	0	0	0
Rbl1	0	1.5	1.5	0	0	0	0	0	0	0	0	0	0	0	0	0	0	0	0	0	0	0	1.5	0	0	0	0	0	0	0	0
Rbm44	0	0	0	0	0	0	0	0	0	0	1.5	0	0	0	0	0	0	0	0	0	0	0	1.5	0	0	0	0	0	0	0	0
Rbm47	0	0	0	0	0	0	0	1.5	0	0.5	0	0	0	0	0	1.5	1.5	1.5	1.5	0	0	1.5	0	0	0	0	0	0	0	0	0
Rbm4b	-0.5	-1.5	-1.5	0	0	0	0	-1.5	0	0	0	0	0	0	0	0	0	0	0	0	0	0	0	0	0	0	0	0	-1.5	-1.5	0
Rbms1	0	0	0	0	0	0	0	0	0	0	0	0	0	0	0	0.5	0	1.5	0.5	0	0	0	0	0	0	0	0	0	0	0	0
Rcan3	0	0	0	0	0	0	1.5	0	0	0	0	0	0	0	0	0	1.5	1.5	0	0	0	0	0	0	0	0	0	0	0	1.5	0
Rcc1	0	0	0	0	0	0	0	1.5	0	1.5	0	0	0	0	0	0	0	0	0	0	0	0	0	0	0	0	0	0	1.5	0	0
Reck	0	1.5	1.5	0	0	0	0	1.5	0	0	0	0	0	0	0	0	0	0	0	0	0	0	0	0	0	0	0	0	1.5	0	0
Reep2	0	0	0	0	0	0	0	0	0	0	0	0	0	0	0	0	0	0.5	0.5	0	0	0	0	0	0	0	0	0	0	0	0
Rem2	0	1.5	1.5	0	0	0	0	0	0	0	0	0	0	0	0	0	0	0	0	0	0	0	0	0	0	0	0	0	0	0	0
Rgs10	0	1.5	1.5	0	0	0	0	1.5	0	1.5	1.5	0	0	0	0	0	0	0	0	0	0	0	0	0	0	0	0	0	1.5	1.5	0
Rgs16	0	1.5	0	0	0	0	0	0	0	0	0	0	0	0	0	0	0	0	0	0	0	1.5	0	1.5	0	0	0	0	0	0	0
Rgs3	0	1.5	1.5	0	0	0	0	0	0	1.5	0	0	0	0	0	0	1.5	1.5	1.5	0	0	1.5	0	0	0	0	0	0	0	0	1.5
Rgs9	0	0	0	-1.5	0	0	0	0	0	0	0	0	0	0	0	0	0	0	0	0	0	0	0	0	0	0	0	0	0	0	0
Rhbdf2	0	1.5	1.5	0	0	0	0	1.5	0	0	0	0	0	0	0	0	0	0	0	0	0	0	0	1.5	0	0	0	0	1.5	1.5	0
Rhob	0	-1.5	0	0	0	0	0	-1.5	0	0	0	0	0	0	0	0	-0.5	-1.5	-1.5	0	0	0	0	0	0	0	0	0	-1.5	-1.5	0
Rhobtb1	0	0	0	0	0	0	0	0	0	0	0	0	0	0	0	0	0	0	0	0	0	0	0	0	0	0.5	0	0	0	0	0
Rhoq	0	0	0	0	0	0	0	0	0	0	0	0	0	0	0	0	0	0	0	0	0	0	1.5	0	0	0	0	0	0	1.5	0
Riiad1	0	0	0	0	0	0	0	0	0	0	0	0	0	0	0	0	-0.5	0	0	0	0	0	0	0	0	0	0	0	0	0	0
Rin1	0	-1.5	0	0	0	0	0	0	0	0	0	0	0	0	0	0	0	0	0	0	0	0	0	0	0	0	0	0	0	0	0
Rinl	0	0	0	0	0	0	0	0	0	0	0	0	0	0	0	0	0	0	0	0	0	0	0	0	0	0	0	0	1.5	0	1.5
Rnf125	0	0	0	0	0	0	0	-1.5	0	0	0	0	0	0	0	0	0	0	0	0	0	-0.5	0	0	0	0	0	0	0	0	0
Rnf157	0	-1.5	0	0	0	0	0	-1.5	0	0	0	0	0	0	0	0	0	-1.5	-1.5	0	0	-1.5	-1.5	0	0	0	0	0	-1.5	-1.5	0
Rnf166	0	0	0	0	0	0	0	1.5	0	1.5	0	0	0	0	0	0	1.5	0	0	0	0	0	0	0	0	0	0	0	0	0	0
Rnf43	0	0	0	-1.5	0	0	0	-1.5	0	0	0	0	0	0	0	0	0	0	0	0	0	-1.5	0	0	0	0	0	-1.5	-1.5	-1.5	0
Rnu11	0	0	0	1.5	0	0	0	1.5	0	1.5	0	0	0	0	0	0	0	0	0	0	0	0	0	0	0	0	0	0	1.5	0	0
Rom1	0	0	0	1.5	0	0	0	0	0	0	0	0	0	0	0	0	0	0	0	0	0	0	0	0	0	0	0	0	1.5	0	0
Rora	-0.5	-1.5	-1.5	-1.5	0	0	0	0	0	0	0	0	-1.5	0	0	0	-0.5	-1.5	-1.5	0	0	-1.5	-1.5	0	0	0	0	0	-0.5	-1.5	0
Rpl13a	0	0	0	0	0	0	0	0	0	0	0	0	0	0	0	0	0	1.5	1.5	0	0	0	0	0	0	0	0	0	0	0	0
Rpl24	0	0	0	0	0	0	0	0	0	0	0	0	1.5	0	0	0	0	0	0	0	0	0	0	0	0	0	0	0	0	0	0
Rpl27	0	0	0	0	0	0	0	1.5	0	0	0	0	0	0	1.5	0	1.5	0	0	0	0	0	0	0	0	0	0	0	0	0	0
Rpl29	0	1.5	0	0	0	0	0	0	0	0	0	0	0	0	1.5	0	0	0	0	0	0	0	0	0	0	0	0	0	0	0	0
Rpl3l	0	-1.5	-1.5	0	0	0	0	0	0	0	0	0	0	0	0	0	0	0	0	0	0	0	0	0	0	0	0	0	0	0	0
Rps15a	0	0	0	0	0	0	0	0	0	0	0	0	0	0	0	0	1.5	0	0	0	0	0	0	0	0	0	0	0	0	0	0
Rps6ka1	0	0	0	0	0	0	0	1.5	0	1.5	0	0	1.5	0	0	0	0	0	0	0	0	1.5	0	0	0	0	0	0	0	1.5	0
Rragd	0	0	0	0	-0.5	0	0	0	0	0	0	0	0	0	0	0	0	0	0	0	0	0	0	0	0	0	0	0	0	0	0
Rras2	0	0	0	0	0	0	0	0	0	0	0	0	0	0	0	0	0	-0.5	-0.5	0	0	0	0	0	0	0	0	0	0	0	0
Rsad1	0	0	0	0	0	0	0	0	0	0	0	0	0	0	0	0	-0.5	-1.5	0	0	0	0	0	0	0	0	0	0	0	0	0
Rtkn2	0	0	0	0	0	0	0	0	0	0	0	0	0	0	0	0	0	0	0	0	0	-1.5	0	0	0	0	0	0	0	0	0
Runx2	0	0	0	0	0	0	1.5	0	0	0	0	0	0	0	0	0	1.5	0	0	0	0	0	0	0	0	0	0	0	0	0	0
Ruvbl2	0	1.5	1.5	0	0	0	0	0	0	0	0	0	0	0	0	0	0	0	0	0	0	0	0	1.5	0	0	0	0	1.5	1.5	0
S100a10	0	0	0	0	0	1.5	0	0	0	0	0	0	0	0	0	0	0	0	0	0	0	0	0	0	0	0	0	0	0	0	0
S100a13	0	1.5	1.5	0	0	0	0	1.5	0	0	0	0	0	0	0	0	0	0	0	0	0	0	0	0	0	0	0	0	1.5	0	0
S100a5	0	0	0	0	0	0	0	0	0	1.5	0	0	0	0	0	0	0	0	0	0	0	0	0	1.5	0	0	0	0	0	1.5	0
S100a6	0	0	0	0	0	0	0	0	0	1.5	0	0	0	0	0	0	0	0	0	0	0	0	0	1.5	0	0	0	0	0	1.5	0
S1pr2	0	0	0	0	0	0	0	-0.5	0	0	0	0	0	0	0	0	0	0	0	0	0	0	0	0	0	0	0	0	0	0	0
Sac3d1	0	0	0	0	0	0	0	0	0	0	0	0	0	0	0	0	1.5	0	0	0	0	0	0	0	0	0	0	0	0	1.5	0
Sae1	0	0	0	0	0	0	0	0	0	0	0	0	0	0	0	0	0	0	0	0	0	1.5	0	1.5	0	0	0	0	0	0	0
Samd1	0	1.5	1.5	0	0	0	0	1.5	0	0	0	0	0	0	0	0	0	0	0	0	0	0	0	0	0	0	0	0	1.5	1.5	0
Samd14	0	-1.5	0	-1.5	0	0	0	-1.5	0	0	0	0	0	0	0	0	0	-1.5	-1.5	0	0	0	0	0	0	0	0	0	-1.5	0	0
Samhd1	0	0	0	0	0	0	0	0	0	0	0	0	0	0	0	0	0	0	0	0	0	0	1.5	0	0	0	0	0	0	0	0
Sash3	0	0	0	0	0	0	0	0	0	0	0	0	0	0	0	0	0	0	1.5	0	0	1.5	0	1.5	0	0	0	0	0	0	0
Sbk1	0	0	0	1.5	0	1.5	0	0	0	0	1.5	0	0	0	0	0	0	0	0	0	0	0	0	1.5	0	0	0	1.5	1.5	0	0
Scd1	0	-1.5	0	0	0	0	0	0	0	0	0	0	-1.5	0	0	0	0	-1.5	-1.5	0	0	0	0	0	0	0	0	0	0	0	0
Scn1b	0	1.5	0	0	0	0	0	1.5	0	0	0	0	0	0	0	0	1.5	0	0	0	0	0	0	0	0	0	0	0	1.5	1.5	0
Scn4a	0	0	0	0	0	0	0	0	0	0	0	0	0	0	0	0	0	0	0	0	0	0	0	0	0	0	0	0	0	-1.5	0
Scpep1	0	0	0	0	0	0	0	0	0	0	0	0	0	0	0	0	0	0	0	0	0	0	0	0	0	0	0	0	-1.5	0	0
Sdc4	0	0	0	0	0	0	0	0	0	0	0	0	0	0	0	0	0	0	0	0	0	0	0	0	0	1.5	0	0	0	0	0
Sdk2	0	0	0	0	0	0	0	0	0	0	0	0	0	0	0	0	0	0	0	0	0	-1.5	0	0	0	0	0	0	0	0	0
Sec14l1	0	-1.5	-1.5	0	0	0	0	-1.5	0	0	0	0	0	0	0	0	0	0	0	0	0	0	0	0	0	0	0	0	-1.5	0	0
Sema4a	0	1.5	1.5	0	0	0	0	0	0	1.5	0	0	1.5	0	1.5	0	0	1.5	1.5	0	0	0	0	1.5	0	0	0	0	0	1.5	0
Sema4c	0	0	0	0	0	0	0	0	0	0	0	0	1.5	0	0	0	0	0	0	0	0	0	0	0	0	0	0	0	0	0	0
Sema4d	0	0	0	0	0	0	0	1.5	1.5	1.5	1.5	0	0	0	1.5	0	0	1.5	0	0	0	1.5	1.5	1.5	0	0	0	0	0	1.5	1.5
Sema7a	0	1.5	0	0	0	0	0	1.5	0	0	0	0	0	0	0	0	0	1.5	0	0	0	0	1.5	0	0	0	0	0	1.5	0	0
Senp8	0	0	1.5	0	0	0	0	1.5	0	0	0	0	0	0	0	0	0	0	0	0	0	0	0	0	0	0	0	1.5	1.5	1.5	0
Sept11	0	0	0	0	0	0	0	0	0	0	0	0	0	0	0	0	0	0	0	0	0	0	0	0	0	0	1.0	0	0	0	0
Sept4	0	0	0	-1.5	0	0	0	-1.5	0	0	0	0	0	0	0	0	0	0	0	0	0	0	0	0	0	0	0	0	-1.5	-1.5	0
Sept9	0	1.5	1.5	1.5	0	0	1.5	1.5	0	1.5	0	0	0	0	0	1.5	1.5	1.5	1.5	0	0	0	1.5	1.5	0	0	0	0	1.5	1.5	0
Serinc2	0	0	0	0	0	0	0	0	0	0	0	0	0	0.5	0	0	0	0	0	0	0.5	0	0	0	0	0	0	0	0	0	0
Serpine1	0	0	0	0	0	0	0	0	0	0	0	0	0	0	0	0	0	0	0	0	0	-1.5	0	0	0	0	0	0	0	0	0
Set	0	0	0	0	0	0	0	1.5	0	1.5	0	0	0	0	0	0	0	0	0	0	0	1.5	0	0	0	0	0	0	1.5	1.5	0
Setbp1	0	-1.5	0	0	0	0	0	0	0	0	0	0	0	0	0	0	0	0	0	0	0	-1.5	0	0	0	0	0	0	0	0	0
Sfmbt2	0	0	0	0	0	0	0	0	0	0	0	0	0	1.5	0	0	0	0	0	0	0	0	0	0	0	0	0	0	0	0	0
Sgms1	0	1.5	0	0	0	0	1.5	1.5	0	0	0	0	0	0	0	0	0	1.5	0	0	0	1.5	0	0	1.5	0	0	0	0	0	1.5
Sgol2	0	0	0	1.5	0	0	0	0	0	1.5	0	0	0	0	0	0	0	0	0	0	0	0	0	0	0	0	0	0	0	0	0
Sh2b3	0	0	0	0	0	0	0	0	-1.5	0	0	0	0	0	0	0	0	0	0	0	0	0	0	-1.5	0	0	0	-1.5	0	0	0
Sh2d3c	0	0	0	1.5	0	0	0	1.5	0	0	0	0	0	0	0	0	0	0	0	0	0	0	0	0	0	0	0	0	0	1.5	0
Sh3bp1	0	0	0	1.5	0	0	0	0	0	0	0	0	0	0	0	0	0	0	0	0	0	1.5	0	0	0	0	0	0	0	0	0
Sh3bp2	0	1.5	1.5	0	0	0	0	1.5	0	0	0	0	0	0	0	0	0	1.5	0	0	0	1.5	0	0	0	0	0	0	0	0	0
Sh3bp5l	0	0	0	-1.5	0	0	0	0	0	0	0	0	0	0	0	0	0	0	0	0	0	0	0	0	0	0	0	0	0	0	0
Sigirr	0	1.5	1.5	0	0	0	0	0	0	0	0	0	0	0	0	0	0	0	0	0	0	1.5	0	1.5	0	0	0	0	1.5	1.5	0
Sipa1	0	0	0	1.5	0	0	0	0	0	0	0	0	0	0	1.5	0	0	0	1.5	0	0	0	0	0	0	0	0	0	1.5	0	0
Sipa1l1	0	-1.5	0	0	0	0	0	0	0	0	-1.0	0	0	0	0	0	0	0	-1.5	0	0	0	-1.5	0	0	0	0	0	0	0	0
Sirt4	0	0	0	0	0	0	0	0	0	0	0	0	0	0	0	0	0	0	0	0	0	0	0	0	0	0	0	0	0	-0.5	0
Sirt6	0	0	0	0	0	0	0	0	0	0	0	0	0	0	0	0	1.5	0	0	0	0	0	0	0	0	0	0	0	0	1.5	0
Six5	0	0	0	0	0	0	0	-1.5	0	0	0	0	0	0	0	0	0	0	0	0	0	0	0	-1.5	0	0	0	0	-1.5	0	0
Slain1	0	0	0	0	0	0	0	-0.5	0	0	0	0	0	0	0	0	0	0	0	0	0	-0.5	0	0	0	0	0	0	0	0	0
Slc12a3	0	0	0	0	0	0	0	0	0	0	0	0	0	0	0	0	0	0	1.5	0	0	0	0	0	0	0	0	0	0	0	0
Slc12a8	0	0	0	0	0	0	0	0	0	0	0	0	0	0	0	0	0	0	0	0	0	-1.5	0	0	0	0	0	0	0	-1.5	0
Slc16a13	0	0	0	0	0	0	0	0	0	0	0	0	0	0	0	0	0	0	0	0	0	-1.5	0	0	0	0	0	0	0	0	0
Slc16a3	0	0	0	0	0	0	0	1.5	0	0	0	0	0	0	0	0	0	0	0	0	0	0	0	0	0	0	0	0	1.5	0	0
Slc16a6	0	0	0	0	0	0	0	-1.5	0	0	0	0	0	0	0	0	0	-1.5	-1.5	0	0	0	0	0	0	0	0	-1.5	-1.5	-1.5	0
Slc22a15	0	0	0	0	0	0	0	0	0	0	0	0	0	0	0	0	0	-0.5	-0.5	0	1.5	0	0	0	0	0	0	0	0	0	0
Slc24a3	0	0	0	-1.5	0	0	0	-1.5	0	0	0	0	0	0	0	0	0	0	0	0	0	-1.5	0	-1.5	0	0	0	0	-1.5	-1.5	0
Slc25a24	0	0	0	0	0	0	0	0	0	0	0	0	0	0	0	0	0	0.5	0.5	0	0	0.5	0	0	0	0	0	0	0	0	0
Slc29a2	0	0	0	0	0	0	0	-1.5	0	0	0	0	0	0	0	0	0	0	-1.5	0	0	0	0	0	0	0	0	0	0	-1.5	0
Slc29a3	0	0	0	0	0	0	1.5	0	0	0	0	0	0	0	0	0	0	1.5	0	0	0	0	0	0	0	0	0	0	0	0	0
Slc2a1	0	0	0	0	0	0	0	0	0	0	0	0	0	0	0	0	1.5	0	0	0	0	0	0	1.5	0	0	0	0	0	0	0
Slc35c2	0	0	0	0	0	0	0	0	0	0	0	0	0	0	0	0	0	0	0	0	0	0	0	1.5	0	0	0	0	0	0	0
Slc35f3	0	0	0	0	0	0	0	0	0	0	0	0	0	0	0	0	0	0	0	0	0	-0.5	0	0	0	0	0	0	0	0	0
Slc36a1	0	1.5	0	0	0	0	0	0	0	0	0	0	0	0	0	0	0	0	0	0	0	0	0	0	0	0	0	0	0	0	0
Slc37a2	0	1.5	0	1.5	0	0	0	0	0	0.5	1.5	0	0	0	0	0	0	0	0	0	0	0	0	0	0	0	0	0	0	1.5	0
Slc38a11	0	-1.5	0	0	0	0	0	-1.5	0	0	0	0	0	0	0	0	0	0	0	0	0	0	-1.5	0	0	0	0	0	0	-1.5	0
Slc38a7	0	0	0	0	0	0	0	0	0	0	0	0	0	0	0	0	1.5	0	0	0	0	0	0	0	0	0	0	0	0	1.5	0
Slc39a14	0	1.5	0	0	0	0	0	0	0	0	0	0	0	0	0	0	1.5	0	0	0	0	0	0	1.5	0	0	0	0	0	0	0
Slc39a3	0	0	0	1.5	0	0	0	0	0	0	0	0	0	0	0	0	0	0	0	0	0	0	0	0	0	0	0	0	0	0	0
Slc41a2	0	1.5	0	0	0	0	0	0	0	0	1.5	0	0	0	0	0	0	0	0	0	0	1.5	0	0	0	0	0	0	1.5	0	0
Slc43a2	0	0	0	0	0	0	0	0	0	0	0	0	0	0	0	0	1.5	0	1.5	0	0	0	0	0	0	0	0	0	0	0	0
Slc44a2	0	0	0	0	0	0	0	1.5	0	0	0	0	0	0	0	0	0	0	0	0	0	0	0	0	0	0	0	0	0	0	0
Slc4a5	0	-1.5	0	0	0	0	0	0	0	0	0	0	0	0	0	0	0	0	0	0	0	0	0	-1.5	0	0	0	0	0	0	0
Slc5a10	0	1.5	0	0	0	0	0	0	1.5	0	0	0	0	0	0	0	0	0	0	0	0	0	0	0	1.5	0	0	0	0	0	0
Slc5a5	0	0	0	0	0	0	0	0	0	0	0	0	0	0	0	0	0	0	-1.5	0	0	0	0	0	0	0	0	0	0	0	0
Slc9a5	0	0	0	0	0	0	0	0	0	1.5	0	0	0	0	0	0	0	0	0	0	0	0	0	0	0	0	0	0	0	0	0
Slfn10-ps	0	1.5	0	0	0	0	0	0	0	0	0	0	0	0	0	0	0	0	0	0	0	0	0	0	0	0	0	0	1.5	0	0
Slfn2	0	1.5	1.5	1.5	0	0	0	0	0	0	0	0	0	0	0	0	0	1.5	1.5	0	0	1.5	0	0	0	0	0	0	0	0	0
Slfn3	0	0	0	0	0	0	0	1.5	0	0	0	0	0	0	0	0	0	0	0	0	0	0	0	0	0	0	0	0	0	0	0
Slx1b	0	1.5	0	0	0	0	0	0	1.5	0	0	0	0	0	1.5	0	0	0	0	0	0	0	0	0	1.5	0	0	0	1.5	1.5	0
Smap2	0	0	0	-1.5	0	0	0	0	0	0	0	0	0	0	0	0	0	0	0	0	0	0	0	0	0	0	1.0	0	0	0	0
Smox	0	0	0	0	0	0	0	0	0	0	0	0	0	0	0	0	0	0	0	0	0	0	0	0	0	0	1.0	0	0	0	0
Smpdl3b	0	1.5	0	0	0	0	0	0	0	0	0	0	0	0	0	0	0	0	0	0	0	1.5	0	0	0	0	0	0	0	0	0
Snai3	0	0	0	0	0	0	0	1.5	0	0	0	0	0	0	0	0	1.5	0	0	0	0	0	0	0	0	0	0	0	0	0	0
Snord35b	0	0	0	0	0	0	0	0	0	0	0	0	0	0	0	0	0	1.5	1.5	0	0	0	0	0	0	0	0	0	0	0	0
Snord43	-0.5	0	0	0	0	0	0	0	0	0	0	0	0	0	0	0	0	0	0	0	0	0	0	0	0	0	0	0	0	0	0
Snord49a	0	-1.5	-1.5	0	0	0	0	0	0	0	0	0	0	0	0	0	0	0	0	0	0	0	0	-1.5	0	0	0	0	0	-1.5	0
Snrpd3	0	0	0	1.5	0	0	0	0	0	0	0	0	0	0	0	0	0	0	0	0	0	1.5	0	1.5	0	0	0	0	0	0	0
Snx10	0	1.5	1.5	0	0	0	0	1.5	0	0	0	0	0	0	0	0	0	0	0	0	0	0	0	0	0	0	0	0	1.5	0	0
Socs1	0	0	0	0	0	0	0	0	0	1.5	0	0	0	0	0	0	0	0	0	0	0	0	0	0	0	0	0	0	0	1.5	0
Socs3	0	0	-1.5	0	0	0	0	-1.5	0	0	0	0	0	0	0	0	0	0	0	0	0	0	-1.5	-1.5	0	0	0	0	-1.5	-1.5	0
Sp100	0	0	0	0	0	0	0	1.5	0	0	0	0	0	0	0	0	0	0	0	0	0	0	0	0	0	0	0	0	0	0	0
Spag5	0	0	0	0	0	0	0	0	0	0	0	0	0	0	0	0	0	0	0	0	0	1.5	0	0	0	0	0	0	0	0	0
Spag9	0	0	0	0	0	0	0	-1.5	0	0	0	0	0	0	0	0	0	0	0	0	0	0	0	0	0	0	0	-1.5	-1.5	0	0
Spata7	0	-0.5	0	0	0	0	0	0	0	0	0	0	0	0	0	0	0	0	0	0	0	-0.5	0	0	0	0	0	0	0	-0.5	0
Specc1	0	0	0	0	0	0	0	0	0	0	0	0	0	0	0	0	0	0	0	0	0	0	0	1.5	0	0	0	0	0	0	0
Specc1l	0	0	0	0	0	0	0	0	0	0	0	0	0	0	0	0	0	-0.5	-0.5	0	0	0	0	-1.5	0	0	0	0	0	0	0
Spink2	0	0	0	0	0	0	0	0	0	0	0	0	0	0	0	0	0	0	0	0	0	0	0	0	0	0	0	0	0	1.5	0
Srgap3	0	0	0	0	0	0	0	0	0	0	0	0	0	0	0	0	0	0	0	0	1.5	0	0	0	0	0	1.0	0	0	-0.5	0
Ssbp4	0	1.5	1.5	0	0	0	0	1.5	0	0	0	0	0	0	0	0	0	0	0	0	0	0	0	1.5	0	0	0	0	1.5	1.5	0
Sssca1	0	0	0	1.5	0	0	0	0	0	0	0	0	0	0	0	0	0	1.5	0	0	0	0	0	0	0	0	0	0	0	1.5	0
Ssx2ip	0	0	0	0	0	0	0	0	0	0	0	0	0	0	0	0	0	1.5	1.5	0	0	0	0	0	0	0	0	0	0	0	0
St3gal1	0	1.5	0	1.5	0	0	1.5	0	0	0	0	0	0	0	0	0	1.5	0	0	0	0	0	0	1.5	0	0	0	0	1.5	0	0
St3gal3	0	1.5	0	0	0	0	0	1.5	0	0	0	0	0	0	0	0	1.5	0	0	0	0	0	1.5	0	0	0	0	0	0	0	0
St3gal4	0	1.5	0	0	0	0	0	0	0	0	0	0	1.5	0	0	0	0	0	0	0	0	0	0	1.5	0	0	0	0	0	0	0
St6gal1	0	0	0	-1.5	0	0	0	0	0	0	0	0	0	0	0	0	0	-1.5	-1.5	0	0	0	0	0	0	0	0	0	0	0	0
St6galnac2	0	-0.5	0	0	0	0	0	0	0	0	0	0	0	0	0	0	0	0	-1.5	0	0	-1.5	0	0	0	0	0	0	0	-1.5	0
St6galnac6	0	0	0	0	0	0	0	1.5	0	0	0	0	1.5	0	0	0	0	1.5	0	0	0	0	0	1.5	0	0	0	1.5	1.5	0	0
St8sia1	0	1.5	1.5	0	0	0	0	1.5	0	0	0	0	0	0	0	0	0	0	0	0	0	0	1.5	0	0	0	0	0	0	0	0
Stat4	0	0	0	0	0	0	0	-1.5	0	0	0	0	0	0	0	0	0	-1.5	-1.5	0	0	-1.5	0	0	0	0	0	0	0	0	0
Stat5b	0	-1.5	0	0	0	0	0	0	0	0	0	0	0	0	0	0	0	0	0	0	0	0	0	0	0	0	0	0	0	0	0
Steap3	0	0	0	0	0	0	0	0	-1.5	0	0	0	0	0	0	0	0	0	0	0	0	0	0	0	0	0	0	0	0	0	0
Stk11	0	-1.5	-1.5	0	0	0	0	-1.5	0	0	0	0	0	0	0	0	-0.5	-1.5	0	0	0	0	0	0	0	0	0	0	-1.5	0	0
Stk32c	0	1.5	1.5	0	0	0	0	1.5	0	0	0	0	0	0	0	0	0	0	0	0	0	1.5	0	0	0	0	0	0	0	1.5	0
Stk38l	0	0	0	0	0	0	0	0	0	0	0	0	0	0	0	0	0	0	0	0	0	0	-1.5	0	0	0	0	0	0	0	0
Stk4	0	-1.5	-1.5	-1.5	0	0	0	-1.5	0	0	0	0	0	0	0	0	0	0	0	0	0	0	0	0	-1.5	0	0	0	0	0	0
Stmn1	0	0	0	0	0	0	0	0	0	0	0	0	1.5	0	0	0	0	0	0	0	0	0	0	0	0	0	0	0	0	0	0
Ston2	0	0	0	0	0	0	0	0	0	0	0	0	0	1.5	0	0	-0.5	0	0	0	0	0	0	0	0	1.5	0	0	0	0	0
Stx5a	0	0	0	-1.5	0	0	0	-1.5	0	0	0	0	0	0	0	0	0	0	0	0	0	0	0	0	0	0	0	0	0	0	0
Sulf2	0	0	0	0	0	0	0	0	0	0	0	0	0	0	0	0	0	0	0	0	0	-1.5	-1.5	0	0	0	0	0	0	0	0
Sult1a1	0	0	-0.5	0	0	0	0	0	0	0	0	0	0	0	0	0	0	-0.5	-0.5	0	0	0	0	0	0	0	0	0	0	0	0
Suox	0	1.5	0	0	0	0	0	0	0	0	0	0	0	0	0	0	0	0	0	0	0	0	0	0	0	0	0	0	0	0	0
Susd1	0	0	0	-1.5	0	0	0	0	0	0	-1.0	0	0	0	0	0	0	0	-1.5	0	0	0	0	0	0	0	0	0	0	0	0
Susd3	0	1.5	0	0	0	0	0	0	0	0	0	0	0	0	0	0	0	0	0	0	0	0	0	0	0	0	0	0	0	1.5	0
Sv2c	0	0	0	0	0	0	0	1.5	0	0	0	0	0.5	0	0	0	0	1.5	0	0	0	1.5	1.5	0	0	0	0	0	0	1.5	0
Swap70	0	0	0	0	0	0	0	0	0	1.5	0	0	0	0	0	0	0	0	0	0	0	1.5	0	1.5	0	0	0	0	0	0	0
Syn1	0	0	0	0	0	0	0	0	0	0	0	0	0	0	0	0	0	0	0	0	0	0	0	0	0	0	0	0	0	1.5	0
Syne2	0	0	0	-1.5	0	0	0	0	0	0	0	0	0	0	0	0	0	-1.5	-1.5	0	0	-1.5	0	-1.5	0	0	0	0	0	0	0
Syt11	0	0	0	0	0	0	0	1.5	0	1.5	0	0	0	0	0	0	0	0	0	0	0	0	0	0	0	0	0	0	0	0	0
Sytl1	0	0	0	0	0	0	0	1.5	0	1.5	1.5	0	0	0	0	0	0	0	0	0	0	0	0	1.5	0	0	0	0	1.5	0	0
Sytl2	0	1.5	1.5	0	0	0	0	0	0	0	0	0	0	0	0	0	0	0	0	0	0	0	0	0	0	0	0	0	0	0	0
Syvn1	0	-1.5	0	-1.5	0	0	0	0	0	0	0	0	-1.5	0	0	0	0	0	0	0	0	0	0	-1.5	0	0	0	0	0	-1.5	0
Tab1	0	0	0	0	0	0	1.5	0	0	0	0	0	0	0	0	0	0	0	0	0	0	0	0	0	0	0	0	0	0	0	0
Tagln	0	0	0	-1.5	0	0	0	0	0	0	0	0	0	0	0	0	0	0	0	0	0	0	0	-1.5	0	0	0	0	0	0	0
Tagln2	0	0	0	0	0	0	0	0	0	0	0	0	0	0	0	0	0	0	0	0	0	0	0	1.5	0	0	0	0	0	0	0
Tanc1	0	0	0	1.5	0	0	0	0	0	0	0	0	0	0	0	0	0	0	0	0	0	0	0	0	0	0	0	0	0	0	0
Tap1	0	0	0	0	0	0	0	1.5	0	0	0	0	0	0	0	0	0	0	0	0	0	0	0	0	0	0	0	0	0	0	0
Tbc1d10c	0	0	0	0	0	0	0	1.5	0	0	0	0	0	0	0	0	0	0	0	0	0	0	0	0	0	0	0	0	1.5	0	0
Tbc1d14	0	0	0	0	0	0	0	0	0	0	0	0	0	0	0	0	0	0	0	0	0	1.5	0	0	0	0	0	0	1.5	0	0
Tbc1d2	0	1.5	0	0	0	0	0	0	0	1.5	0	0	0	0	0	0	0	1.5	0	0	0	0	0	0	0	0	0	0	0	0	0
Tbc1d24	0	0	0	0	0	0	0	0	0	0	0	0	0	0	0	0	-0.5	0	0	0	0	-1.5	0	0	0	0	0	0	0	0	0
Tbcc	0	0	0	0	0	0	0	-1.5	0	0	0	0	0	0	0	0	0	0	0	0	0	0	0	0	0	0	0	0	0	0	0
Tbkbp1	0	0	0	0	0	0	0	1.5	0	0	0	0	0	0	0	0	0	0	0	0	0	0	1.5	0	0	0	0	0	0	0	0
Tbxa2r	0	0	0	0	0	0	0	0	0	0	0	0	0	0	0	0	0	0	0	0	0	0	0	1.5	0	0	0	1.5	0	0	0
Tcea3	0	0	0	0	0	0	0	0	0	0	0	0	0	0	0	0	0	0	0	0	0	-1.5	0	0	0	0	0	0	0	0	0
Tcf19	0	0	0	1.5	0	0	0	0	0	0	0	0	1.5	0	0	0	0	0	0	0	0	0	0	0	0	0	0	1.5	1.5	0	0
Tcf7l1	0	0	0	0	0	0	0	0	0	0	0	0	0	0	0	0	0	0	0	0	0	-0.5	0	0	0	0	0	0	0	0	0
Tctex1d1	0	0	0	0	0	0	0	0	0	0	0	0	0	1.5	0	0	0	0	0	0	0	0	0	0	0	0	0	0	0	0	0
Tef	0	0	0	0	0	0	0	-1.5	-1.5	0	0	0	0	0	0	0	0	0	0	0	0	0	0	-1.5	-1.5	0	0	0	-1.5	0	0
Tenc1	0	0	-1.5	0	0	0	0	0	0	0	0	0	0	0	0	0	0	0	0	0	0	0	0	0	0	0	0	0	0	-1.5	0
Tex14	0	-1.5	0	0	0	0	0	0	0	0	0	0	0	0	0	0	0	0	0	0	0	0	-1.5	0	0	0	0	0	0	-1.5	0
Tex2	0	-1.5	0	-1.5	0	0	0	-1.5	0	0	0	0	0	0	0	0	0	0	0	0	0	-1.5	0	0	0	0	0	0	-1.5	-1.5	0
Tex9	0	0	0	0	0	0	0	0	0	0	0	0	0	0	0	0	0	0	0	0	0	1.5	0	0	0	0	0	0	0	0	0
Tgds	0	0	0	0	0	0	0	0	0	0	0	0	0	0	0	0	0	0	0	0	0	1.5	1.5	0	0	0	0	0	0	0	0
Tgfbr3	0	0	0	0	0	0	0	0	0	0	0	0	0	0	0	0	0	0	0	0	0	0	-1.5	0	0	0	0	0	0	0	0
Tgm2	0	0	0	0	0	0	0	0	0	0	0	0	0	0	0	0	0	0	0	0	0	0	0	0	0	0	0	0	0	-1.5	0
Tgm4	0	0	0	0	0	0	0	0	0	1.5	0	0	0	0	0	0	0	0	0	0	0	0	0	0	0	0	0	0	0	0	0
Thsd7b	0	0	0	0	0	0	0	0	0	0	0	0	0	1.5	0	0	0	0	0	0	1.5	0	0	0	0	1.5	0	0	0	0	0
Timp2	0	0	0	0	0	0	0	0	0	0	0	0	0	0	0	0	0	0	0	0	0	-1.5	0	0	0	0	0	0	0	-1.5	0
Tk1	0	0	0	0	0	0	0	1.5	0	0	0	0	0	0	0	0	0	0	0	0	0	0	0	1.5	0	0	0	0	1.5	0	0
Tlcd1	0	-1.5	-1.5	0	0	0	0	-0.5	0	0	0	0	0	0	0	0	0	0	0	0	0	0	0	0	0	0	0	0	-0.5	-1.5	0
Tmc6	0	1.5	1.5	1.5	0	0	0	1.5	1.5	0	0	0	0	0	0	1.5	1.5	1.5	1.5	0	0	0	0	0	1.5	0	0	0	1.5	1.5	1.5
Tmc8	0	1.5	1.5	1.5	0	0	0	1.5	1.5	0	0	0	0	0	0	1.5	1.5	1.5	1.5	0	0	0	0	0	1.5	0	0	0	1.5	1.5	1.5
Tmem143	0	1.5	0	1.5	0	0	0	1.5	0	0	0	0	0	0	0	0	0	0	0	0	0	0	0	0	0	0	0	0	0	1.5	0
Tmem151b	0	0	0	0	0	0	0	-1.5	0	0	0	0	0	0	0	0	0	0	0	0	0	0	0	0	0	0	0	0	0	-1.5	0
Tmem163	0	0	0	0	0	0	1.5	1.5	0	0	0	0	0	0	0	0	0	0	0	0	0	0	0	0	0	0	0	0	1.5	1.5	0
Tmem173	0	0	0	0	0	0	1.5	0	1.5	0	0	0	0	0	0	0	0	0	0	0	0	0	0	0	0	0	0	0	0	0	0
Tmem180	0	1.5	0	0	0	0	0	0	0	0	0	0	0	0	0	0	0	0	0	0	0	0	0	0	0	0	0	0	0	0	0
Tmem216	0	-1.5	0	0	0	0	0	0	0	0	0	0	0	0	0	0	0	0	0	0	0	0	0	0	0	0	0	0	-1.5	-1.5	0
Tmem218	0	1.5	0	1.5	0	0	0	0	0	0	0	0	0	0	0	0	0	0	0	0	0	0	0	0	0	0	0	0	0	1.5	0
Tmem229b	0	0	0	0	0	0	0	0	0	0	0	0	0	0	0	0	0	0	0	0	0	0.5	0	0	0	0	0	0	0	0	0
Tmem51	0	0	0	0	0	0	0	0	0	0	0	0	0	0	0	0	0	0	0	0	0	-1.5	0	0	0	0	0	0	0	0	0
Tmem55a	0	0	0	0	0	0	1.5	0	0	0	0	0	0	0	0	0	1.5	0	0	0	0	0	0	0	0	0	0	0	0	0	0
Tmem79	0	0	0	0	0	0	0	0	0	0	0	0	0	0	0	0	0	0	0	0	0	0	0	0	0	0	0	0	1.5	0	0
Tmigd1	0	0	0	0	0	0	0	0	0	0	0	0	0	1.5	0	0	0	0	0	0	0	0	0	0	0	0	0	0	0	0	0
Tmod2	0	0	0	0	0	0	0	0	0	0	0	0	0	0	0	0	0	0	0	0	0	0	0	-0.5	0	0	0	0	0	0	0
Tmprss3	0	0	0	0	0	0	0	0	0	0	0	0	0	0	0	0	0	1.5	1.5	0	0	0	0	0	0	0	0	0	0	0	0
Tmsb10	0	0	0	0	0	0	0	0	0	0	0	0	0	0	0	0	0	0	0	0	0	0	0	0	0	0	0	0	1.5	1.5	0
Tnf	0	1.5	1.5	0	0	0	0	1.5	0	0	1.5	0	0	0	0	0	0	0	0	0	0	0	0	1.5	0	0	0	0	1.5	1.5	0
Tnfrsf1a	0	0	0	0	0	0	0	0	0	0	0	0	0	0	0	0	0	0	0	0	0	0	0	-0.5	0	0	0	0	0	0	0
Tnfrsf1b	-0.5	0	0	-1.5	0	0	0	-1.5	0	0	-1.0	0	0	0	0	0	-0.5	-1.5	-1.5	-1.5	0	0	0	0	0	0	0	0	0	-1.5	0
Tnfrsf4	0	0	0	1.5	0	0	0.5	0	0	0	0	0	0	0	0	0	0	0	0	0	0	0.5	0	0	0	0	0	0	0	0	0
Tnfrsf9	0	0	0	0	0	0	0	1.5	0	0	0	0	0	0	0	0	0	0	0	0	0	1.5	0	1.5	1.5	0	0	0	0	1.5	0
Tnfsf10	0	0	0	0	0	0	0	0	0	0	0	0	0	0	0	0	0	0	0	0	0	0	0	0	0	0	0	0	0	0.5	0
Tnfsf14	0	0	0	0	0	1.5	0	0	0	0	0	0	0	0	0	0	0	0	0	0	0	1.5	0	0	0	0	0	0	0	0	0
Tnfsf8	0	0	0	0	0	0	0	0	0	0	0	0	0	0	0	0	0	0	-0.5	0	0	0	0	0	0	0	0	0	0	0	0
Tnip3	0	0	0	0	0	0	0	0	0	0	0	0	0	0	0	0	1.5	0	0	0	0	0	0	0	0	0	0	0	0	0	0
Tnp2	0	0	0	0	0	0	0	0	0	1.5	0	0	0	0	0	0	0	0	0	0	0	0	0	0	0	0	0	0	0	1.5	0
Tns4	0	0	0	0	0	0	0	0	0	0	0	0	0	0	0	0	0	0	0	0	0	0	-1.5	0	0	0	0	0	0	0	0
Tnxb	0	0	0	0	0	0	0	0	0	0	0	0	0	0	0	0	0	0	0	0	0	-1.5	0	0	0	0	0	0	0	0	0
Tob2	0	0	0	0	0	0	0	0	0	0	0	0	0	0	0	0	0	0	0	-1.5	0	0	0	0	0	0	0	0	-1.5	-1.5	0
Tomm34	0	-1.5	-1.5	-1.5	0	0	0	-1.5	0	0	0	0	0	0	0	0	0	0	0	0	0	0	0	0	-1.5	0	0	0	0	0	0
Tpcn1	0	0	0	0	0	0	0	0	0	0	0	0	0	0	0	0	0	1.5	1.5	0	0	0	0	0	0	0	0	0	0	0	0
Tpx2	0	1.5	1.5	0	0	0	0	0	0	0	0	0	0	0	0	0	0	0	1.5	0	0	0	1.5	0	0	0	0	0	0	0	0
Traf4	0	-1.5	0	0	0	0	0	0	0	0	0	0	0	0	0	0	0	0	0	0	0	0	0	0	0	0	0	0	0	0	0
Treml2	0	0	0	1.5	0	0	0	0	0	0	0	0	0	0	0	0	0	1.5	0	0	0	1.5	0	0	0	0	0	0	0	0	0
Trim16	0	0	0	0	0	0	0	0	0	0	1.5	0	0	0	0	0	1.5	0	0	0	0	0	0	0	0	0	0	0	0	1.5	0
Trim34a	0	0	0	0	0	0	0	0	0	0	0	0	0	0	0	0	0	0	0	0	0	0	0	1.5	0	0	0	0	0	0	0
Trim46	0	0	0	0	0	0	0	0	0	0	0	0	0	0	0	0	0	0	0	0	0	0	0	0	0	0	0	0.5	0	0.5	0
Trim66	0	0	0	0	0	0	0	1.5	0	0	0	0	0	0	0	0	0	0	0	0	0	0	0	0	0	0	0	0	0	0	0
Trnau1ap	0	0	0	0	0	0	0	1.5	0	1.5	0	0	0	0	0	0	0	0	0	0	0	0	0	0	0	0	0	0	0	0	0
Trp53i11	0	0	0	0	0	0	0	0	0	1.5	0	0	0	0	0	0	0	0	0	0	0	1.5	0	1.5	0	0	0	0	1.5	0	0
Trpm6	0	1.5	1.5	0	0	0	0	0	0	0	0	0	0	0	0	0	1.5	0	0	0	0	1.5	0	0	0	0	0	0	0	0	0
Trps1	0	0	0	0	0	0	0	0	0	0	0	0	0	0	0	0	-0.5	0	0	0	0	-0.5	0	0	0	0	0	0	0	0	0
Trpv2	0	1.5	1.5	0	0	0	0	0	0	0	0	0	0	0	0	0	0	0	0	0	0	0	0	1.5	0	0	0	0	0	1.5	0
Tsc22d4	0	0	0	1.5	0	0	0	1.5	0	0	0	0	0	0	0	0	1.5	0	0	0	0	0	0	0	0	0	0	0	1.5	0	0
Tspan1	0	0	0	0	0	0	0	0	0	0	0	0	0	0	0	0	0	0	0	0	0	0	0	-1.5	0	0	0	0	0	-1.5	0
Tspan14	0	0	0	0	0	0	0	0	0	0	0	0	0	0	0	0	0	0	0	0	0	0	0	0.5	0	0	0	0	0	0	0
Tspan17	0	1.5	1.5	0	0	0	0	0	0	0	0	0	0	0	0	0	0	0	0	0	0	0	1.5	0	0	0	0	0	1.5	0	0
Tspan18	0	0	0	0	0	0	0	0	0	0	0	0	0	0	0	0	0	0	0	0	0	-1.5	0	-1.5	0	0	0	0	-1.5	0	0
Tspan2	0	1.5	0	1.5	0	0	0	1.5	0	0	0	0	0	0	0	0	0	0	0	0	0	1.5	0	1.5	0	0	0	0	0	0	0
Tspyl3	0	0	0	0	0	0	0	0	0	0	0	0	0	0	0	0	0	0	0	0	0	1.5	0	0	0	0	0	0	0	0	0
Tst	0	0	0	0	0	0	0	0	0	0	0	0	0	1.5	0	0	0	0	0	0	0	0	0	0	0	0	0	0	0	0	0
Ttc13	0	0	0	0	0	0	0	0	0	0	0	0	0	0	0	0	0	0	0	0	0	0	0	0	0	0	0	0	0	1.5	0
Ttc39b	0	0	0	0	0	0	0	0	0	0	0.5	0	0	0	0	0	0	0	0	0	0	0	0	1.5	0	0	0	0	0	0	0
Ttll10	0	1.5	0	1.5	0	0	0	1.5	0	1.5	0	0	0	0	0	0	0	1.5	1.5	0	0	1.5	1.5	1.5	0	0	0	0	0	0	0
Ttll12	0	0	0	0	0	0	0	0	0	0	0	0	0	0	0	0	0	0	0	0	0	1.5	0	0	0	0	0	0	0	1.5	0
Tuba1b	0	1.5	1.5	0	0	0	0	0	0	0	0	0	0	0	0	0	0	0	0	0	0	0	0	0	0	0	0	1.5	1.5	0	0
Tubb5	0	0	0	0	0	0	0	1.5	1.5	0	0	0	0	0	0	0	0	0	0	0	0	1.5	0	0	1.5	0	0	0	1.5	1.5	0
Tubg1	0	1.5	1.5	0	0	0	0	0	0	0	0	0	0	0	0	0	0	0	0	0	0	0	0	0	0	0	0	0	0	0	0
Txndc11	0	0	0	0	0	0	0	0	0	0	0	0	0	0	0	0	0	0	0	0	0	0	0	0	0	0	0	0	-1.5	0	0
Ubash3b	0	1.5	0	0	0	0	1.5	1.5	0	0	0	0	0	0	0	0	1.5	0	0	0	0	0	0	0	0	0	0	0	0	0	0
Ube2j2	0	0	0	-1.5	0	0	0	0	0	0	0	0	0	0	0	0	0	0	0	0	0	0	0	0	0	0	0	0	0	0	0
Ube4b	0	0	0	0	0	0	0	0	0	0	0	0	0	0	0	0	0	0	0	0	0	0	0	-0.5	0	0	0	0	0	0	0
Ublcp1	0	0	0	1.5	0	0	0	1.5	0	1.5	0	0	0	0	1.5	0	0	0	0	0	0	0	0	0	0	0	0	0	0	0	0
Ugcg	0	0	0	0	-0.5	0	0	0	0	0	0	0	0	0	0	0	0	0	0	0	0	0	0	0	0	0	0	0	0	0	0
Ulk1	0	0	0	0	0	0	0	-1.5	0	0	-1.0	0	0	0	0	0	0	0	0	0	0	0	0	0	0	0	0	-1.5	-1.5	0	0
Unc13a	0	1.5	1.5	0	0	0	0	1.5	0	1.5	0	0	0	0	0	0	0	0	1.5	0	0	1.5	0	0	0	0	0	0	1.5	1.5	0
Unc13d	0	0	0	0	0	0	0	0	0	0	0	0	0	0	0	0	0	0	0	0	0	0	0	0	0	0	0	0	0	1.5	0
Ung	0	1.5	1.5	1.5	0	0	0	1.5	0	0	0	0	0	0	0	0	0	1.5	1.5	0	0	0	0	0	0	0	0	0	1.5	1.5	0
Uqcr11	0	0	0	0	0	0	0	0	0	0	0	0	0	0	0	0	0	0	0	0	0	0	0	1.5	0	0	0	0	0	0	0
Usp2	0	0	0	0	0	0	0	0	0	0	0	0	0	0	0	0	0	0	0	0	0	0	0	0	0	0	0	-1.5	0	0	0
Vash1	0	0	0	1.5	0	0	0	0	0	0	0	0	0	0	0	0	0	0	0	0	0	0	0	0	0	0	0	0	0	0	0
Vav1	0	0	0	1.5	0	0	0	0	0	0	0	0	0	0	0	0	0	0	0	0	0	0	0	0	0	0	0	0	0	0	0
Vax2	0	0	0	0	0	0	0	1.5	0	0	0	0	0	0	0	0	0	0	0	0	0	0	0	0	0	0	0	0	0	0	0
Vcan	-0.5	0	0	0	0	0	0	0	0	0	0	0	0	0	0	0	0	0	0	0	0	0	0	0	0	0	0	0	0	0	0
Vill	0	1.5	1.5	0	0	0	0	0	0	0	0	0	0	0	0	0	0	0	0	0	0	1.5	0	0	0	0	0	0	0	0	0
Vipr1	0	0	0	0	0	0	0	0	0	0	0	0	0	0	0	0	0	0	0	0	0	0	0	0	0	0	0	0	0	1.5	0
Vipr2	0	0	0	0	0	0	0	0	0	0	0	0	0	0	0	0	0	0	0	0	0	0	0	0	0	0	1.0	0	0	0	0
Vmn2r97	0	0	0	0	0	0	0	0	0	0	0	0	0	0	0	0	0	0	0	0	0	1.5	0	0	0	0	0	0	0	0	0
Vps37b	0	0	0	0	0	0	0	0	0	0	0	0	0	0	0	0	0	-1.5	-1.5	0	0	0	0	0	0	0	0	0	0	-1.5	0
Vps53	0	0	0	1.5	0	0	0	0	0	0	0	0	0	0	0	0	0	0	0	0	0	0	0	0	0	0	0	0	0	0	0
Vsig10	0	-0.5	-0.5	0	0	0	0	-1.5	0	0	0	0	0	0	0	0	0	0	0	0	0	0	0	0	0	0	0	0	-0.5	-0.5	0
Wdr12	0	0	0	0	0	0	0	0	0	0	0	0	0	0	0	0	0	1.5	0	0	0	0	0	0	0	0	0	0	0	0	0
Wdr46	0	0	0	1.5	0	1.5	0	1.5	0	0	0	0	0	0	0	0	0	0	0	0	0	0	0	1.5	0	0	0	0	0	0	0
Wdr78	0	0.5	0	0	0	0	0.5	0	0	0	0	0	0	0	0	0	0	0	0	0	0	0.5	0	0	0	0	0	0	0	0	0
Wdr81	0	0	0	0	0	0	0	1.5	0	1.5	0	0	1.5	0	0	0	0	0	0	0	0	0	0	1.5	1.5	0	0	0	1.5	0	0
Wdr95	0	0	0	1.5	0	0	0	0	0	0	0	0	1.5	0	0	0	0	0	0	0	0	1.5	0	0	0	0	0	0	0	0	0
Whrn	0	-1.5	0	0	0	0	0	0	0	0	0	0	0	0	0	0	0	0	-1.5	0	0	0	0	-1.5	0	0	0	0	0	0	0
Wipf1	0	0	0	0	0	0	0	0	0	0	0	0	0	0	0	0	0	0	1.5	0	0	1.5	0	1.5	0	0	0	0	0	0	0
Wisp1	0	0.5	0	0	0	0	0	0	0	0.5	0	0	0	0	0	0	1.5	0	0.5	0	0	0	0	1.5	0	0	0	0	0	1.5	0
Wnk4	0	0	0	0	0	0	0	0	0	0	0	0	-1.5	0	0	0	0	0	0	0	0	0	0	0	0	0	0	0	0	-1.5	0
Wnt10b	0	0	0	0	0	0	0	0	0	0	0	0	0	0	0	0	0	0	0	0	0	0	0	0	0	0	0	0	0	0	1.5
Wscd2	0	0	0	0	0	0	0	1.5	0	0	0	0	0	0	0	1.5	1.5	1.5	1.5	0	0	0	0	1.5	0	0	0	0	0	0	0
Xpnpep3	0	0	0	0	0	1.5	0	0	0	0	0	0	0	0	0	0	0	0	0	0	0	0	0	0	0	0	0	0	1.5	0	0
Xrra1	0	0	0	0	0	0	0	0	0	0	0	0	0	1.5	0	0	0	0	0	0	0	0	0	0	0	1.5	0	0	0	0	0
Ywhag	0	0	0	0	0	0	0	0	0	0	0	0	0	0	0	0	0	0	0	0	0	0	0	0	0	0	0	0	1.5	0	0
Zbtb20	0	-1.5	0	0	0	0	0	0	0	0	0	0	0	0	0	0	0	0	0	0	0	0	0	0	0	0	0	0	0	0	0
Zbtb32	0	0	0	0	0	0	0	1.5	0	0	0	0	0	0	0	0	1.5	0	0	0	0	0	0	0	0	0	0	0	0	0	0
Zbtb46	0	-1.5	-1.5	0	0	0	0	0	0	0	0	0	0	0	0	0	0	0	0	0	0	-1.5	0	0	0	0	0	0	0	0	0
Zbtb7b	0	0	0	0	0	0	1.5	1.5	0	1.5	0	0	0	0	0	0	0	0	0	0	0	0	0	0	0	0	0	0	1.5	1.5	0
Zc3h12c	0	0	0	0	0	0	0	1.5	0	1.5	0	0	0	0	0	0	0	0	0	0	0	0	0	0	0	0	0	0	1.5	0	0
Zcchc14	0	0	0	0	0	0	0	0	0	0	0	0	0	0	0	0	0	0	0	0	0	-1.5	0	0	0	0	0	0	0	0	0
Zfp1	0	0	0	0	0	0	0	0	0	0	0	0	0	0	0	0	0	0	0	0	0	1.5	0	0	0	0	0	0	0	0	0
Zfp287	0	0	0	0	0	0	0	0	0	0	0	0	0	0	0	0	0	0	0	0	0	0	0	0	0	0	0	0	1.5	0	0
Zfp296	0	0	0	0	0	0	0	1.5	0	1.5	0	0	0	0	0	0	0	0	0	0	0	0	0	0	0	0	0	0	0	0	0
Zfp3	0	1.5	1.5	1.5	0	0	0	0	0	0	0	0	0	0	0	0	0	0	0	0	0	0	0	1.5	0	0	0	0	1.5	0	0
Zfp36l2	0	0	0	0	0	0	0	1.5	0	0	0	0	0	0	0	0	0	0	0	0	0	0	0	0	0	0	0	0	1.5	0	0
Zfp532	0	0	0	0	0	0	0	0	0	0	0	0	0	0	0	0	0	0	0	0	0	0	0	0	0	0	0	0	-0.5	0	0
Zfp64	0	0	0	0	0	0	0	0	0	0	0	0	0	0	0	0	1.5	0	0	0	0	0	0	0	0	0	0	0	0	1.5	0
Zfp672	0	0	0	-1.5	0	0	0	0	0	0	0	0	0	0	0	0	0	0	0	0	0	0	0	0	0	0	0	0	0	0	0
Zfp768	0	0	0	0	0	0	0	-1.5	0	0	0	0	0	0	0	0	0	0	0	0	0	0	0	0	0	0	0	0	-1.5	0	0
Zmat5	0	0	0	0	0	0	0	0	0	0	0	0	0	0	0	0	0	0	0	0	0	0	0	0	0	0	0	0	0	1.5	0
Zmynd15	0	0	0	-1.5	0	0	0	0	0	0	0	0	0	0	0	0	0	0	0	0	0	0	0	0	0	0	0	0	0	-1.5	0
Znhit1	0	0	0	0	0	0	0	0	0	1.5	0	0	0	0	0	0	0	0	0	0	0	0	0	0	0	0	0	0	0	0	0
Zscan10	0	1.5	1.5	1.5	0	0	0	1.5	0	0	0	0	0	0	0	0	0	0	0	0	0	1.5	0	0	0	0	0	1.5	1.5	1.5	0
Zswim4	0	-1.5	-1.5	0	0	0	0	-1.5	0	0	0	0	0	0	0	0	0	0	0	0	0	0	0	-1.5	0	0	0	0	-1.5	-1.5	0
Zxdc	0	0	0	0	0	0	0	0	0	0	0	0	0	0	0	0	0	0	0	0	0	0	0	0	0	0	0	0	-0.5	0	0
Zyx	0	0	0	1.5	0	0	0	0	0	0	0	0	0	0	0	0	0	0	0	0	0	0	0	0	0	0	0	0	0	0	0
