	Atf3	Bhlhe40	Ctcf	E2f4	E2f6	Egr1	Elf1	Elf2	Elk1	Elk3	Elk4	Etv6	Fos	Gabpa	Hmbox1	Irf1	Irf3	Klf16	Klf4	Klf7	Mitf	Nfe2l2	Nfya	Nfyb	Nrf1	Pbx3	Rfx5	Setdb1	Sin3a	Smarcc2	Sp1	Sp2	Sp3	Sp4	Srf	Taf1	Tbp	Tfeb	Usf1	Usf2	Zbtb7b	Zfp523
1700029i15rik	-0.25	0	0	-0.25	-0.25	-0.25	0	-0.25	0	0	-0.25	0	-0.25	-0.25	0	-0.25	-0.25	0	0	0	0	0	-0.25	0	-0.25	-0.25	-0.25	0	0	0	-0.25	-0.25	0	-0.25	0	0	-0.25	0	0	0	0	0
2310022b05rik	-0.25	-0.25	-0.25	-0.25	0	-0.25	-0.25	0	0	0	0	0	0	-0.25	0	-0.25	0	-0.25	-0.25	-0.25	0	0	0	0	-0.25	0	0	0	0	0	-0.25	-0.25	-0.25	-0.25	-0.25	-0.25	-0.25	0	-0.25	0	0	0
5730508b09rik	0.25	0	0	0	0	0	0	0	0	0	0	0	0	0	0	0	0	0	0	0	0	0	0	0	0	0	0	0	0	0	0	0	0	0	0	0	0	0	0	0	0.25	0
6330416g13rik	-0.25	0	0	-0.25	-0.25	-0.25	-0.25	-0.25	0	0	0	-0.25	-0.25	-0.25	0	-0.25	0	0	0	0	0	0	0	0	0	0	0	0	0	0	0	-0.25	0	-0.25	0	-0.25	0	0	0	0	-0.25	0
8430427h17rik	-0.25	-0.25	-0.25	-0.25	-0.25	-0.25	-0.25	0	0	0	0	0	-0.25	-0.25	0	-0.25	0	-0.25	-0.25	-0.25	-0.25	0	0	0	-0.25	0	-0.25	-0.25	-0.25	0	-0.25	-0.25	-0.25	-0.25	0	-0.25	-0.25	-0.25	-0.25	-0.25	-0.25	0
9130023h24rik	0	0	-0.25	0	-0.25	-0.25	-0.25	0	0	0	-0.25	-0.25	0	-0.25	0	-0.25	-0.25	-0.25	-0.25	-0.25	0	0	0	0	-0.25	0	0	-0.25	-0.25	-0.25	-0.25	-0.25	-0.25	-0.25	0	-0.25	-0.25	0	0	0	-0.25	-0.25
9130230l23rik	0.25	0	0	0	0	0	0	0	0	0	0	0	0	0	0	0	0	0	0	0	0	0	0	0	0	0	0	0	0	0	0	0	0	0	0	0	0	0	0	0	0	0
9430015g10rik	-0.25	0	0	-0.25	-0.25	-0.25	0	0	0	0	0	0	-0.25	0	0	0	0	-0.25	-0.25	0	0	0	-0.25	0	0	-0.25	0	-0.25	0	-0.25	-0.25	-0.25	-0.25	-0.25	0	0	0	0	0	0	0	-0.25
9930104l06rik	0	0	-0.25	0	0	-0.25	0	0	0	0	0	0	0	0	0	-0.25	-0.25	0	0	-0.25	0	0	0	0	0	0	0	-0.25	0	-0.25	-0.25	0	0	0	0	0	-0.25	0	0	0	0	0
A530054k11rik	0.25	0	0	0	0	0	0	0	0	0	0	0	0	0	0	0	0	0	0	0	0	0	0	0	0	0	0	0	0	0	0	0	0	0	0	0	0	0	0	0	0	0
Abhd15	-0.25	0	-0.25	-0.25	0	-0.25	0	0	-0.25	0	0	0	-0.25	0	0	-0.25	0	0	0	0	0	0	0	0	0	0	0	-0.25	-0.25	0	-0.25	-0.25	-0.25	-0.25	0	0	-0.25	0	0	-0.25	-0.25	0
Ablim1	0	0	-0.25	0	0	-0.25	-0.25	-0.25	-0.25	0	-0.25	-0.25	0	-0.25	0	-0.25	-0.25	0	0	0	0	0	0	0	0	0	-0.25	0	0	0	0	0	0	0	0	-0.25	0	0	0	0	0	0
Acvr2a	0.25	0	0	0	0	0	0	0	0	0	0	0	0	0	0	0	0	0	0	0	0	0	0	0	0	0	0	0	0	0	0	0	0	0	0	0	0	0	0	0	0.25	0
Adamts2	-0.25	0	-0.25	0	0	0	-0.25	0	-0.25	0	0	0	0	0	0	-0.25	0	0	0	0	0	0	0	0	0	0	0	0	0	0	0	0	0	0	0	0	0	0	0	0	0	0
Adamts4	-0.25	0	-0.25	-0.25	0	0	0	0	0	0	0	0	0	0	0	0	0	0	0	0	0	0	0	0	0	0	0	0	0	0	0	0	0	0	0	-0.25	0	0	0	0	0	0
Adamts6	0.25	0	0	0	0	0	0	0	0	0	0	0	0	0	0	0	0	0	0	0	0	0	0	0	0	0	0	0	0	0	0	0	0	0	0	0	0	0	0	0	0	0
Adarb1	0	0	-0.25	-0.25	0	-0.25	-0.25	0	0	0	0	0	0	-0.25	0	-0.25	0	0	-0.25	-0.25	0	0	0	0	-0.25	0	-0.25	0	0	0	-0.25	-0.25	-0.25	-0.25	0	0	-0.25	0	0	0	-0.25	0
Adck5	-0.25	0	-0.25	-0.25	0	-0.25	-0.25	0	0	0	0	0	0	-0.25	0	-0.25	0	-0.25	-0.25	-0.25	0	0	0	0	-0.25	0	0	-0.25	0	0	-0.25	-0.25	-0.25	-0.25	0	-0.25	-0.25	0	0	0	0	-0.25
Adcy4	0	-0.25	-0.25	-0.25	0	-0.25	-0.25	0	0	0	0	0	-0.25	-0.25	0	-0.25	-0.25	0	0	0	0	0	0	0	0	0	0	0	0	0	-0.25	0	-0.25	-0.25	0	-0.25	-0.25	0	0	-0.25	0	0
Adss	0.25	0	0	0	0	0	0	0	0	0	0	0	0	0	0	0	0	0	0	0	0	0	0	0	0	0	0	0	0	0	0	0	0	0	0	0	0	0	0	0	0.25	0
Aebp1	0	0	-0.25	-0.25	-0.25	0	0	0	0	0	0	-0.25	0	0	0	-0.25	-0.25	0	0	0	0	0	0	0	-0.25	0	0	0	0	0	-0.25	-0.25	-0.25	-0.25	0	0	-0.25	0	0	0	0	0
Agrn	0.25	0	0	0	0	0	0	0	0	0	0	0	0	0	0	0	0	0	0	0	0	0	0	0	0	0	0	0	0	0	0	0	0	0	0	0	0	0	0	0	0.25	0
Ahsa2	-0.25	0	-0.25	-0.25	0	-0.25	-0.25	0	0	0	0	0	-0.25	-0.25	0	-0.25	0	-0.25	-0.25	-0.25	0	0	0	0	-0.25	0	-0.25	0	-0.25	0	-0.25	-0.25	-0.25	-0.25	0	-0.25	-0.25	0	0	0	-0.25	0
Akap12	-0.25	-0.25	-0.25	0	0	-0.25	0	0	0	0	0	0	0	0	0	-0.25	0	-0.25	-0.25	-0.25	0	0	0	0	0	0	0	0	-0.25	0	-0.25	-0.25	-0.25	-0.25	-0.25	0	-0.25	-0.25	-0.25	-0.25	0	0
Alkbh4	0	0	-0.25	0	-0.25	-0.25	-0.25	0	0	0	0	0	0	0	0	0	0	0	0	0	0	0	0	0	-0.25	0	0	-0.25	0	-0.25	-0.25	-0.25	0	-0.25	0	-0.25	0	0	0	0	0	-0.25
Alpk2	0.25	0	0	0	0	0	0	0	0	0	0	0	0	0	0.25	0	0	0	0	0	0	0	0	0	0	0	0	0	0	0	0	0	0	0	0	0	0	0	0	0	0	0
Amica1	0	0	0	0	0	-0.25	-0.25	0	-0.25	0	0	0	-0.25	-0.25	0	-0.25	-0.25	0	0	0	0	0	0	0	0	-0.25	0	0	0	0	0	-0.25	0	0	0	0	0	0	0	0	0	0
Ankrd10	-0.25	0	-0.25	-0.25	0	-0.25	-0.25	0	0	0	0	0	-0.25	0	0	-0.25	0	0	-0.25	-0.25	0	0	-0.25	0	-0.25	-0.25	0	0	-0.25	0	-0.25	-0.25	-0.25	-0.25	-0.25	0	-0.25	0	0	0	0	0
Anks3	0	0	0	0	0	-0.25	0	0	0	0	0	0	-0.25	-0.25	0	-0.25	0	0	-0.25	-0.25	0	0	0	0	-0.25	0	-0.25	0	0	0	-0.25	-0.25	-0.25	-0.25	0	0	-0.25	0	0	0	-0.25	0
Anln	-0.25	-0.25	-0.25	-0.25	-0.25	-0.25	-0.25	0	0	0	0	-0.25	-0.25	0	0	-0.25	0	-0.25	-0.25	-0.25	-0.25	0	0	0	-0.25	-0.25	0	0	-0.25	0	-0.25	-0.25	-0.25	-0.25	-0.25	-0.25	-0.25	-0.25	-0.25	-0.25	-0.25	0
Anxa3	0	0	-0.25	0	0	0	-0.25	0	-0.25	-0.25	-0.25	-0.25	-0.25	-0.25	0	0	0	-0.25	0	-0.25	0	-0.25	0	0	-0.25	0	0	0	0	0	-0.25	0	-0.25	-0.25	-0.25	0	0	0	0	0	0	0
Appl1	0.25	0	0	0	0	0	0	0	0	0	0	0	0	0	0	0	0	0	0	0	0	0	0	0	0	0	0	0	0	0	0	0	0	0	0	0	0	0	0	0	0	0
Arap2	0.25	0	0	0	0	0	0	0	0	0	0	0	0	0	0	0	0	0	0	0	0	0	0	0	0	0	0	0	0	0	0	0	0	0	0	0	0	0	0	0	0.25	0
Arc	0.25	0	0	0	0	0	0	0	0	0	0	0	0	0	0	0	0	0	0	0	0	0	0	0	0	0	0	0	0	0	0	0	0	0	0	0	0	0	0	0	0.25	0
Arid4b	0	0	0	0	0	0	0	0	0	0	0	0	0	0	0	0	0	0	0	0	0	0	0	0	0	0	0	0	0	0	0	0	0	0	0	0	0	0	0	0	0.25	0
Asb2	0	0	-0.25	0	0	0	0	-0.25	-0.25	0	0	0	-0.25	0	0	0	0	0	0	0	0	-0.25	0	0	0	0	0	0	0	0	0	-0.25	0	0	-0.25	0	0	0	0	0	0	0
Atad1	0.25	0	0	0	0	0	0	0	0	0	0	0	0	0	0	0	0	0	0	0	0	0	0	0	0	0	0	0	0	0	0	0	0	0	0	0	0	0	0	0	0.25	0
Atf3	-0.25	-0.25	-0.25	-0.25	-0.25	-0.25	-0.25	0	0	0	0	0	-0.25	-0.25	0	-0.25	-0.25	-0.25	-0.25	-0.25	-0.25	0	-0.25	0	-0.25	-0.25	-0.25	0	-0.25	0	-0.25	-0.25	-0.25	-0.25	-0.25	-0.25	-0.25	-0.25	-0.25	-0.25	-0.25	-0.25
Atf7ip	-0.25	0	-0.25	-0.25	-0.25	-0.25	0	0	0	0	0	0	-0.25	0	0	-0.25	0	0	0	0	0	-0.25	-0.25	-0.25	-0.25	-0.25	-0.25	-0.25	-0.25	0	-0.25	-0.25	-0.25	-0.25	-0.25	0	-0.25	0	-0.25	-0.25	0	0
Atp11b	0.25	0	0	0	0	0	0	0	0	0	0	0	0	0	0	0	0	0	0	0	0	0	0	0	0	0	0	0	0	0	0	0	0	0	0	0	0	0	0	0	0.25	0
Atp13a2	0	0	0	0	-0.25	-0.25	0	0	0	0	0	0	0	-0.25	0	-0.25	0	-0.25	-0.25	-0.25	0	0	0	0	0	0	0	-0.25	0	-0.25	-0.25	-0.25	-0.25	-0.25	-0.25	0	-0.25	0	0	0	0	0
Atp8b2	-0.25	0	-0.25	-0.25	-0.25	-0.25	-0.25	-0.25	-0.25	0	-0.25	-0.25	-0.25	-0.25	0	-0.25	0	-0.25	-0.25	-0.25	0	0	0	0	-0.25	0	0	0	-0.25	0	-0.25	-0.25	-0.25	-0.25	-0.25	-0.25	-0.25	0	0	0	-0.25	0
B3gat2	0	0	-0.25	0	0	0	0	0	0	0	0	0	0	0	0	0	0	0	0	0	0	0	0	0	0	0	0	0	0	0	0	0	0	0	0	0	0	0	0	0	0	0
Bace1	0	0	-0.25	0	0	-0.25	0	-0.25	-0.25	0	-0.25	0	0	-0.25	0	0	0	0	0	0	0	0	0	0	0	0	-0.25	0	0	0	-0.25	0	0	-0.25	0	-0.25	0	0	0	0	0	0
Bach2	0.25	0	0	0	0	0	0	0	0	0	0	0	0	0	0.25	0	0	0	0	0	0	0	0	0	0	0	0	0	0	0	0	0	0	0	0	0	0	0	0	0	0.25	0
Bag2	0	0	-0.25	0	0	-0.25	0	0	0	0	0	0	0	-0.25	0	-0.25	0	0	0	0	0	0	0	0	0	0	0	0	0	0	-0.25	0	-0.25	-0.25	-0.25	0	0	0	0	0	0	0
Banp	-0.25	0	-0.25	-0.25	-0.25	-0.25	-0.25	-0.25	0	0	0	0	-0.25	-0.25	0	-0.25	-0.25	-0.25	-0.25	-0.25	0	0	-0.25	0	-0.25	-0.25	-0.25	-0.25	-0.25	-0.25	-0.25	-0.25	-0.25	-0.25	-0.25	0	-0.25	0	0	0	-0.25	0
Bc017643	0	0	-0.25	-0.25	0	-0.25	-0.25	-0.25	0	0	0	0	-0.25	-0.25	0	-0.25	-0.25	0	-0.25	-0.25	0	0	-0.25	-0.25	-0.25	-0.25	-0.25	0	0	0	-0.25	-0.25	-0.25	-0.25	0	0	-0.25	0	0	0	0	0
Bc029214	0	0	0	-0.25	-0.25	-0.25	-0.25	0	0	0	0	0	-0.25	0	0	-0.25	0	0	-0.25	-0.25	0	0	0	0	-0.25	0	0	-0.25	0	0	-0.25	-0.25	-0.25	-0.25	-0.25	-0.25	-0.25	0	0	0	0	0
Bcl2l1	0.25	0	0	0	0	0	0	0	0	0	0	0	0	0	0	0	0	0	0	0	0	0	0	0	0	0	0	0	0	0	0	0	0	0	0	0	0	0	0	0	0.25	0
Bcl6	-0.25	0	-0.25	0	0	0	-0.25	0	0	-0.25	0	0	0	0	0	-0.25	-0.25	-0.25	-0.25	-0.25	-0.25	0	0	0	-0.25	0	0	0	-0.25	0	-0.25	-0.25	-0.25	-0.25	-0.25	-0.25	-0.25	0	-0.25	-0.25	-0.25	-0.25
Bgn	0	0	-0.25	0	0	0	0	0	0	0	0	0	0	0	0	0	0	0	0	0	0	0	0	0	0	0	0	0	0	0	0	0	0	0	0	0	0	0	0	0	0	0
Bloc1s3	-0.25	-0.25	-0.25	0	0	-0.25	-0.25	-0.25	0	0	0	-0.25	-0.25	-0.25	0	-0.25	-0.25	0	0	0	0	0	-0.25	0	0	-0.25	0	0	-0.25	0	-0.25	-0.25	0	-0.25	0	0	-0.25	-0.25	-0.25	-0.25	0	0
Blvra	0	0	0	-0.25	0	0	-0.25	0	-0.25	0	-0.25	-0.25	0	-0.25	0	0	-0.25	0	0	0	0	0	0	0	0	0	0	0	0	0	0	-0.25	0	0	-0.25	0	0	0	0	0	0	0
Brms1l	0	0	-0.25	-0.25	-0.25	-0.25	-0.25	0	0	0	0	-0.25	-0.25	0	0	-0.25	0	0	0	0	0	0	-0.25	0	-0.25	0	0	-0.25	-0.25	-0.25	-0.25	-0.25	-0.25	-0.25	0	-0.25	-0.25	0	0	0	-0.25	0
Brsk1	-0.25	0	0	-0.25	0	-0.25	-0.25	0	-0.25	-0.25	-0.25	0	-0.25	-0.25	0	-0.25	0	-0.25	-0.25	-0.25	0	0	0	0	-0.25	0	-0.25	-0.25	0	-0.25	-0.25	-0.25	-0.25	-0.25	0	0	-0.25	0	0	0	-0.25	0
Btg2	-0.25	0	0	-0.25	-0.25	-0.25	-0.25	-0.25	-0.25	0	0	0	-0.25	0	0	0	0	0	0	0	0	0	-0.25	0	-0.25	-0.25	-0.25	0	0	0	-0.25	-0.25	-0.25	-0.25	-0.25	-0.25	0	0	0	0	-0.25	0
C1qtnf1	0	0	-0.25	0	-0.25	-0.25	-0.25	0	0	0	-0.25	-0.25	-0.25	-0.25	0	0	0	0	0	0	0	-0.25	0	0	-0.25	0	0	-0.25	-0.25	0	0	0	0	0	0	-0.25	0	0	0	0	-0.25	0
C2cd2l	-0.25	0	-0.25	-0.25	-0.25	-0.25	0	0	0	0	-0.25	0	0	-0.25	0	-0.25	-0.25	-0.25	-0.25	-0.25	0	0	-0.25	0	-0.25	-0.25	-0.25	0	-0.25	-0.25	-0.25	-0.25	-0.25	-0.25	-0.25	0	-0.25	0	0	0	-0.25	0
C330018d20rik	0	0	-0.25	0	0	-0.25	-0.25	0	-0.25	-0.25	-0.25	-0.25	0	-0.25	0	-0.25	0	0	0	0	0	0	0	0	0	0	0	0	-0.25	0	0	0	0	-0.25	-0.25	-0.25	0	0	0	0	0	0
Calm2	0	0	0	0	0	0	0	0	0	0	0	0	0	0	0	0	0	0	0	0	0	0	0	0	0	0	0	0	0	0	0	0	0	0	0	0	0	0	0	0	0.25	0
Capn10	0	0	-0.25	0	0	0	-0.25	0	0	0	0	0	0	0	0	0	0	0	-0.25	-0.25	0	0	0	0	0	0	-0.25	0	0	0	0	0	0	0	0	0	0	0	0	0	0	-0.25
Capn3	-0.25	0	-0.25	0	0	-0.25	-0.25	0	0	-0.25	0	0	0	-0.25	0	-0.25	-0.25	0	0	0	-0.25	0	0	0	0	0	0	0	-0.25	0	0	0	0	0	-0.25	0	-0.25	-0.25	-0.25	-0.25	0	0
Carf	-0.25	0	-0.25	-0.25	-0.25	-0.25	-0.25	0	0	0	0	0	0	-0.25	0	-0.25	-0.25	-0.25	0	0	0	0	0	0	-0.25	0	0	-0.25	0	-0.25	-0.25	-0.25	-0.25	-0.25	-0.25	-0.25	0	0	0	0	-0.25	0
Caskin2	-0.25	0	-0.25	-0.25	-0.25	-0.25	-0.25	0	0	0	0	0	0	-0.25	0	-0.25	0	-0.25	-0.25	-0.25	0	0	0	0	-0.25	0	0	-0.25	-0.25	0	-0.25	-0.25	-0.25	-0.25	-0.25	0	-0.25	0	0	0	-0.25	0
Casp2	0	0	-0.25	-0.25	-0.25	-0.25	0	0	0	0	0	0	0	0	0	0	0	0	-0.25	0	0	0	0	0	-0.25	0	0	-0.25	0	0	-0.25	-0.25	-0.25	-0.25	0	-0.25	-0.25	0	0	0	0	0
Cav2	0.25	0	0	0	0	0	0	0	0	0	0	0	0	0	0	0	0	0	0	0	0	0	0	0	0	0	0	0	0	0	0	0	0	0	0	0	0	0	0	0	0.25	0
Cc2d1a	0	0	0	-0.25	-0.25	-0.25	0	0	0	0	0	0	0	0	0	0	0	0	-0.25	-0.25	0	0	0	0	-0.25	0	0	-0.25	0	-0.25	-0.25	0	-0.25	-0.25	0	-0.25	-0.25	0	0	0	0	0
Ccdc22	-0.25	-0.25	0	0	0	-0.25	-0.25	0	0	0	0	0	0	-0.25	0	-0.25	0	0	0	0	0	0	0	0	0	0	0	-0.25	-0.25	-0.25	-0.25	0	0	0	0	0	0	-0.25	-0.25	-0.25	0	0
Ccdc69	0	0	-0.25	-0.25	-0.25	-0.25	-0.25	-0.25	-0.25	0	0	0	-0.25	-0.25	0	-0.25	0	0	0	0	0	0	0	0	0	0	0	0	0	-0.25	0	0	0	0	0	-0.25	0	0	0	0	0	0
Ccdc80	0	0	-0.25	0	0	0	0	0	0	0	0	0	-0.25	0	0	0	0	0	0	0	0	0	0	0	0	0	0	0	0	0	0	0	0	0	-0.25	0	0	0	0	0	0	0
Ccdc84	0	0	0	0	-0.25	-0.25	-0.25	0	0	0	0	0	-0.25	-0.25	0	-0.25	0	-0.25	-0.25	-0.25	0	0	0	0	-0.25	0	0	-0.25	-0.25	0	-0.25	-0.25	-0.25	-0.25	-0.25	-0.25	-0.25	0	0	0	-0.25	0
Ccdc96	-0.25	0	-0.25	-0.25	-0.25	-0.25	-0.25	-0.25	-0.25	-0.25	-0.25	-0.25	0	-0.25	0	-0.25	0	0	-0.25	-0.25	0	0	-0.25	0	-0.25	0	0	-0.25	-0.25	0	-0.25	0	0	-0.25	-0.25	-0.25	-0.25	0	0	0	-0.25	-0.25
Ccl4	0	0	0	0	0	0	0	-0.25	0	0	0	0	0	0	0	-0.25	-0.25	0	0	0	0	0	0	0	0	-0.25	0	0	0	0	0	0	0	0	0	0	0	0	0	0	0	0
Ccr5	0.25	0	0	0	0	0	0	0	0	0	0	0	0	0	0	0	0	0	0	0	0	0	0	0	0	0	0	0	0	0	0	0	0	0	0	0	0	0	0	0	0	0
Cd14	0.25	0	0	0	0	0	0	0	0	0	0	0	0	0	0	0	0	0	0	0	0	0	0	0	0	0	0	0	0	0	0	0	0	0	0	0	0	0	0	0	0	0
Cd151	0	0	-0.25	0	0	-0.25	-0.25	0	0	0	0	0	0	0	0	-0.25	0	-0.25	-0.25	-0.25	0	-0.25	0	0	0	-0.25	0	0	-0.25	-0.25	-0.25	-0.25	-0.25	-0.25	-0.25	-0.25	-0.25	0	0	0	-0.25	0
Cd79a	0.25	0	0	0	0	0	0	0	0	0	0	0	0	0	0	0	0	0	0	0	0	0	0	0	0	0	0	0	0	0	0	0	0	0	0	0	0	0	0	0	0.25	0
Cd86	0	0	0	0	0	0	0	0	0	0	0	0	0	0	0	0	0	0	0	0	0	0	0	0	0	0	0	0	0	0	0	0	0	0	0	0	0	0	0	0	0.25	0
Cd99l2	-0.25	0	0	-0.25	0	-0.25	-0.25	0	0	0	0	0	-0.25	-0.25	0	-0.25	0	-0.25	-0.25	-0.25	0	-0.25	0	0	-0.25	0	0	0	0	0	-0.25	-0.25	-0.25	-0.25	0	0	-0.25	0	0	0	-0.25	-0.25
Cdca2	0	0	-0.25	-0.25	0	-0.25	0	0	-0.25	0	0	0	-0.25	0	0	-0.25	-0.25	-0.25	-0.25	-0.25	0	-0.25	-0.25	-0.25	-0.25	-0.25	-0.25	0	-0.25	0	-0.25	-0.25	-0.25	-0.25	0	-0.25	-0.25	0	0	0	0	0
Cdh23	0	0	0	0	0	0	0	0	0	0	0	0	0	0	0	0	0	0	0	0	0	0	0	0	0	0	0	0	0	0	0	0	0	0	0	0	0	0	0	0	0.25	0
Cdk20	-0.25	-0.25	-0.25	0	0	-0.25	0	0	0	0	0	0	0	0	0	0	0	0	0	0	-0.25	0	0	0	-0.25	0	0	-0.25	0	0	0	0	0	0	0	0	-0.25	-0.25	-0.25	-0.25	0	0
Cecr5	0	0	-0.25	-0.25	-0.25	-0.25	-0.25	-0.25	0	0	0	0	-0.25	-0.25	0	0	-0.25	0	0	0	0	0	-0.25	-0.25	-0.25	-0.25	-0.25	-0.25	0	-0.25	-0.25	0	0	0	0	0	0	0	0	0	0	0
Celf3	0	0	0	0	0	0	0	0	0	0	0	0	-0.25	0	0	0	0	0	-0.25	0	0	0	0	0	0	0	0	0	-0.25	0	0	0	0	0	0	0	0	0	0	0	0	0
Cep97	0	0	0	0	0	-0.25	-0.25	0	0	0	0	0	-0.25	0	0	-0.25	-0.25	-0.25	-0.25	-0.25	0	0	0	0	-0.25	-0.25	0	-0.25	-0.25	-0.25	-0.25	-0.25	-0.25	-0.25	-0.25	0	-0.25	0	0	0	-0.25	-0.25
Chchd4	0	0	-0.25	0	-0.25	-0.25	-0.25	0	0	0	0	0	-0.25	0	0	-0.25	0	-0.25	0	0	0	0	0	0	-0.25	0	-0.25	-0.25	-0.25	-0.25	-0.25	-0.25	-0.25	-0.25	-0.25	0	0	0	0	-0.25	0	-0.25
Chid1	0	0	-0.25	0	-0.25	-0.25	-0.25	-0.25	-0.25	-0.25	-0.25	-0.25	0	-0.25	0	-0.25	-0.25	-0.25	-0.25	-0.25	0	-0.25	0	0	0	0	0	0	0	0	-0.25	-0.25	-0.25	-0.25	0	0	-0.25	0	0	0	0	0
Chordc1	0	0	0	0	0	0	0	0	0	0	0	-0.25	0	0	0	0	0	0	0	0	0	-0.25	0	0	-0.25	0	0	0	0	0	0	-0.25	0	0	0	-0.25	0	0	0	0	0	0
Ciita	0	-0.25	-0.25	0	0	-0.25	-0.25	-0.25	-0.25	-0.25	0	-0.25	0	-0.25	0	-0.25	0	-0.25	0	0	0	0	0	0	0	0	-0.25	0	0	0	0	0	-0.25	0	0	-0.25	-0.25	-0.25	0	-0.25	0	0
Cish	0.25	0	0	0	0	0	0	0	0	0	0	0	0	0	0	0	0	0	0	0	0	0	0	0	0	0	0	0	0	0	0	0	0	0	0	0	0	0	0	0	0.25	0
Cmah	0.25	0	0	0	0	0	0	0	0	0	0	0	0	0	0	0	0	0	0	0	0	0	0	0	0	0	0	0	0	0	0	0	0	0	0	0	0	0	0	0	0	0
Col14a1	0	0	0	0	0	-0.25	-0.25	0	0	0	0	0	-0.25	-0.25	0	-0.25	0	0	0	0	0	0	0	0	-0.25	0	0	0	-0.25	0	-0.25	-0.25	-0.25	-0.25	0	-0.25	0	0	0	0	-0.25	0
Col18a1	0	0	-0.25	0	0	0	0	0	0	0	0	0	0	0	0	0	0	0	0	0	0	0	0	0	0	0	0	0	0	0	0	0	0	0	0	0	0	0	0	0	0	0
Col1a1	0	0	-0.25	0	0	0	0	0	0	0	0	0	0	0	0	0	0	-0.25	0	-0.25	0	0	0	0	0	0	0	0	0	0	-0.25	0	-0.25	-0.25	0	0	0	0	0	0	0	0
Col1a2	0	0	-0.25	0	0	0	0	0	0	0	0	0	0	0	0	0	0	0	0	0	0	0	0	0	0	0	0	0	0	0	0	0	0	0	0	0	0	0	0	0	0	0
Col4a1	0	0	-0.25	0	0	-0.25	-0.25	-0.25	0	0	-0.25	0	0	-0.25	0	-0.25	0	0	0	0	0	0	0	0	0	0	0	0	0	0	0	0	0	-0.25	0	0	0	0	0	0	0	0
Commd5	0	0	0	0	-0.25	-0.25	-0.25	-0.25	0	-0.25	-0.25	-0.25	0	-0.25	0	-0.25	0	0	-0.25	-0.25	0	0	0	0	-0.25	0	0	-0.25	0	-0.25	-0.25	-0.25	-0.25	-0.25	0	0	-0.25	0	0	0	0	0
Cops7b	0	0	-0.25	0	0	-0.25	0	0	0	0	0	0	0	0	0	0	0	0	0	0	0	0	0	0	0	-0.25	-0.25	-0.25	0	-0.25	0	-0.25	-0.25	-0.25	0	-0.25	0	0	0	0	-0.25	0
Cp	0	0	0	0	0	0	0	0	0	0	0	0	0	0	0	0	-0.25	0	0	0	0	0	0	0	0	0	0	0	0	0	0	0	-0.25	0	0	0	0	0	0	0	0	0
Cpeb3	0.25	0	0	0	0	0	0	0	0	0	0	0	0	0	0	0	0	0	0	0	0	0	0	0	0	0	0	0	0	0	0	0	0	0	0	0	0	0	0	0	0.25	0
Cpm	0	0	-0.25	0	-0.25	0	-0.25	0	0	0	0	0	0	0	0	-0.25	0	-0.25	0	-0.25	0	0	0	0	-0.25	0	-0.25	0	0	-0.25	-0.25	-0.25	-0.25	-0.25	-0.25	0	0	0	0	0	0	0
Creb3	0	0	-0.25	0	-0.25	-0.25	-0.25	-0.25	0	0	0	0	0	0	0	0	0	-0.25	-0.25	-0.25	0	0	0	0	0	-0.25	0	-0.25	0	-0.25	-0.25	0	-0.25	-0.25	0	-0.25	-0.25	0	0	0	-0.25	-0.25
Csrp2bp	-0.25	-0.25	0	0	0	-0.25	-0.25	0	0	-0.25	0	0	0	-0.25	0	0	0	0	0	0	-0.25	0	0	0	0	0	0	0	-0.25	0	0	0	0	-0.25	0	-0.25	0	-0.25	-0.25	-0.25	0	0
Cxxc5	-0.25	0	-0.25	0	0	-0.25	-0.25	-0.25	-0.25	0	0	-0.25	-0.25	0	0	0	-0.25	0	0	0	0	0	0	0	0	0	0	0	-0.25	0	0	0	-0.25	-0.25	0	-0.25	0	0	0	0	0	0
Cyr61	0	0	0	0	0	0	0	0	0	0	0	0	0	0	0	0	0	0	0	0	0	0	0	0	0	0	0	0	0	0	0	0	0	0	-0.25	0	0	0	0	0	0	0
D030056l22rik	0.25	0	0	0	0	0	0	0	0	0	0	0	0	0	0	0	0	0	0	0	0	0	0	0	0	0	0	0	0	0	0	0	0	0	0	0	0	0	0	0	0	0
D11wsu47e	-0.25	0	-0.25	-0.25	0	-0.25	-0.25	0	-0.25	-0.25	-0.25	-0.25	-0.25	-0.25	0	-0.25	0	-0.25	-0.25	-0.25	0	-0.25	0	0	-0.25	0	0	0	-0.25	0	-0.25	-0.25	-0.25	-0.25	0	-0.25	0	0	0	0	-0.25	0
Daxx	-0.25	0	-0.25	-0.25	0	-0.25	-0.25	-0.25	-0.25	-0.25	-0.25	-0.25	-0.25	-0.25	0	-0.25	-0.25	-0.25	-0.25	-0.25	0	0	-0.25	-0.25	-0.25	-0.25	-0.25	0	0	0	-0.25	-0.25	-0.25	-0.25	-0.25	-0.25	-0.25	0	0	0	-0.25	0
Ddah2	-0.25	0	0	-0.25	0	-0.25	0	-0.25	0	0	0	0	-0.25	0	0	-0.25	0	-0.25	-0.25	-0.25	0	0	-0.25	0	-0.25	0	0	0	0	0	-0.25	-0.25	-0.25	-0.25	-0.25	0	-0.25	0	0	0	0	0
Ddr2	-0.25	0	0	-0.25	0	0	0	0	0	0	0	0	0	-0.25	0	-0.25	-0.25	0	0	0	-0.25	0	-0.25	-0.25	0	-0.25	0	0	-0.25	0	-0.25	-0.25	-0.25	-0.25	-0.25	0	-0.25	-0.25	-0.25	-0.25	0	0
Ddx31	0	0	0	0	0	0	-0.25	0	-0.25	0	0	-0.25	0	-0.25	0	0	0	0	0	0	0	-0.25	0	0	0	0	-0.25	0	0	0	-0.25	-0.25	-0.25	-0.25	0	0	0	0	0	0	0	0
Ddx55	-0.25	-0.25	0	0	0	-0.25	-0.25	0	-0.25	-0.25	-0.25	-0.25	-0.25	-0.25	0	0	0	0	0	0	0	-0.25	0	0	0	0	0	0	0	0	0	0	-0.25	0	0	-0.25	0	-0.25	-0.25	-0.25	0	0
Dedd2	-0.25	-0.25	-0.25	-0.25	-0.25	-0.25	-0.25	-0.25	-0.25	0	0	0	-0.25	-0.25	0	0	-0.25	-0.25	0	-0.25	-0.25	0	-0.25	-0.25	-0.25	-0.25	-0.25	-0.25	-0.25	0	-0.25	-0.25	-0.25	-0.25	-0.25	-0.25	-0.25	-0.25	-0.25	-0.25	-0.25	0
Degs2	0	0	0	0	0	0	-0.25	0	0	0	0	0	0	0	0	0	0	0	0	0	0	0	0	0	0	0	0	0	0	0	0	0	0	0	0	0	0	0	0	0	0	0
Dffb	-0.25	-0.25	-0.25	-0.25	-0.25	-0.25	0	0	0	0	0	-0.25	-0.25	-0.25	0	0	0	0	0	0	-0.25	0	-0.25	-0.25	-0.25	0	-0.25	-0.25	0	0	-0.25	-0.25	-0.25	-0.25	-0.25	0	0	-0.25	-0.25	-0.25	-0.25	0
Dnajb1	-0.25	0	-0.25	-0.25	0	-0.25	0	0	-0.25	-0.25	0	0	0	0	0	-0.25	-0.25	-0.25	-0.25	-0.25	0	-0.25	-0.25	0	-0.25	-0.25	0	-0.25	-0.25	0	-0.25	-0.25	-0.25	-0.25	-0.25	-0.25	-0.25	0	0	0	0	0
Dnajc28	0	0	0	0	0	-0.25	-0.25	-0.25	-0.25	-0.25	-0.25	-0.25	-0.25	-0.25	0	-0.25	0	0	0	0	0	-0.25	0	0	0	-0.25	0	-0.25	-0.25	-0.25	-0.25	-0.25	0	-0.25	-0.25	0	-0.25	0	0	0	0	-0.25
Doc2g	0	0	-0.25	0	0	-0.25	-0.25	-0.25	-0.25	-0.25	-0.25	0	-0.25	-0.25	0	-0.25	0	-0.25	-0.25	0	0	0	0	0	0	0	0	-0.25	0	-0.25	-0.25	0	-0.25	-0.25	0	0	-0.25	0	0	0	0	-0.25
Dscr3	-0.25	-0.25	-0.25	-0.25	0	-0.25	-0.25	-0.25	-0.25	-0.25	-0.25	0	-0.25	-0.25	0	-0.25	0	-0.25	-0.25	-0.25	-0.25	-0.25	-0.25	-0.25	-0.25	-0.25	0	-0.25	-0.25	0	-0.25	0	-0.25	-0.25	-0.25	-0.25	-0.25	-0.25	-0.25	-0.25	-0.25	-0.25
Dse	0	0	0	0	0	0	-0.25	-0.25	0	0	0	0	-0.25	0	0	-0.25	0	0	0	0	0	0	-0.25	-0.25	0	-0.25	0	-0.25	-0.25	0	-0.25	-0.25	-0.25	-0.25	-0.25	-0.25	0	0	0	0	-0.25	0
Dthd1	0.25	0	0	0	0	0	0	0	0	0	0	0	0	0	0	0	0	0	0	0	0	0	0	0	0	0	0	0	0	0	0	0	0	0	0	0	0	0	0	0	0	0
Dusp18	0	0	0	0	0	-0.25	-0.25	0	0	0	0	0	-0.25	0	0	-0.25	0	-0.25	-0.25	-0.25	0	-0.25	-0.25	0	0	0	0	0	0	0	-0.25	-0.25	-0.25	-0.25	-0.25	0	-0.25	0	0	0	-0.25	0
Dusp8	-0.25	0	-0.25	-0.25	0	-0.25	-0.25	0	0	0	0	0	-0.25	0	0	-0.25	-0.25	0	-0.25	-0.25	0	0	-0.25	-0.25	-0.25	-0.25	-0.25	0	0	-0.25	-0.25	-0.25	-0.25	-0.25	-0.25	-0.25	-0.25	0	0	0	0	-0.25
Dynlt3	0	0	0	0	0	0	0	0	0	0	0	0	0	0	0	0	0	0	0	0	0	0	0	0	0	0	0	0	0	0	0	0	0	0	0	0	0	0	0	0	0.25	0
E130311k13rik	0	0	-0.25	0	0	-0.25	-0.25	0	0	0	0	-0.25	0	-0.25	0	-0.25	0	0	0	0	0	0	0	0	0	0	0	0	0	0	-0.25	0	0	0	0	0	0	0	0	0	0	0
E2f7	-0.25	0	-0.25	-0.25	0	-0.25	-0.25	0	0	-0.25	0	0	-0.25	0	0	-0.25	0	-0.25	-0.25	-0.25	0	0	0	0	0	0	-0.25	0	-0.25	0	-0.25	-0.25	-0.25	-0.25	-0.25	-0.25	-0.25	0	0	0	-0.25	0
Ebf1	0	0	-0.25	-0.25	0	0	0	0	0	0	0	0	0	0	0	0	-0.25	0	0	0	0	0	-0.25	0	0	-0.25	0	0	0	0	0	0	0	0	0	0	0	0	0	0	0	0
Edc3	0	0	-0.25	0	0	-0.25	0	0	-0.25	0	0	0	0	0	0	-0.25	0	-0.25	-0.25	-0.25	0	0	0	0	0	0	0	0	0	0	-0.25	-0.25	-0.25	-0.25	0	0	-0.25	0	0	0	0	0
Efnb2	0.25	0	0	0	0	0	0	0	0	0	0	0	0	0	0	0	0	0	0	0	0	0	0	0	0	0	0	0	0	0	0	0	0	0	0	0	0	0	0	0	0	0
Egfr	0	0	0	0	0	-0.25	-0.25	0	0	0	-0.25	-0.25	0	-0.25	0	0	-0.25	0	0	0	0	0	0	0	0	0	0	0	0	0	0	0	0	0	0	-0.25	0	0	0	0	0	0
Egr1	-0.25	0	-0.25	0	0	-0.25	-0.25	-0.25	-0.25	0	-0.25	0	0	-0.25	0	-0.25	0	0	0	-0.25	0	0	0	0	-0.25	0	-0.25	0	-0.25	0	-0.25	-0.25	-0.25	-0.25	-0.25	-0.25	-0.25	0	0	0	-0.25	0
Egr2	-0.25	0	-0.25	-0.25	-0.25	-0.25	-0.25	0	-0.25	-0.25	0	-0.25	0	-0.25	0	-0.25	0	0	0	0	0	-0.25	0	0	-0.25	0	0	-0.25	-0.25	-0.25	-0.25	-0.25	-0.25	-0.25	-0.25	-0.25	-0.25	0	-0.25	-0.25	-0.25	-0.25
Eid1	0.25	0	0	0	0	0	0	0	0	0	0	0	0	0	0	0	0	0	0	0	0	0	0	0	0	0	0	0	0	0	0	0	0	0	0	0	0	0	0	0	0.25	0
Eid3	0.25	0	0	0	0	0	0	0	0	0	0	0	0	0	0	0	0	0	0	0	0	0	0	0	0	0	0	0	0	0	0	0	0	0	0	0	0	0	0	0	0	0
Eif2b1	-0.25	0	0	0	0	-0.25	0	0	0	0	0	0	-0.25	-0.25	0	0	0	0	0	0	0	0	0	0	0	0	0	0	0	0	0	0	0	0	0	0	0	0	0	0	0	0
Eif2b4	-0.25	0	-0.25	-0.25	-0.25	-0.25	-0.25	-0.25	-0.25	-0.25	-0.25	-0.25	-0.25	-0.25	0	-0.25	-0.25	-0.25	-0.25	-0.25	0	-0.25	-0.25	-0.25	-0.25	-0.25	-0.25	-0.25	0	-0.25	-0.25	-0.25	-0.25	-0.25	-0.25	-0.25	-0.25	0	0	0	-0.25	-0.25
Elk1	0	0	-0.25	0	0	-0.25	0	0	0	0	0	0	0	-0.25	0	-0.25	0	-0.25	0	0	0	-0.25	-0.25	0	0	-0.25	-0.25	0	-0.25	0	-0.25	-0.25	-0.25	-0.25	0	-0.25	-0.25	0	0	-0.25	0	0
Entpd6	-0.25	0	-0.25	0	-0.25	-0.25	-0.25	-0.25	0	0	-0.25	-0.25	0	-0.25	0	0	0	-0.25	0	0	0	0	0	0	-0.25	-0.25	0	0	-0.25	0	-0.25	0	0	-0.25	-0.25	0	0	0	0	0	0	0
Ext1	0.25	0	0	0	0	0	0	0	0	0	0	0	0	0	0	0	0	0	0	0	0	0	0	0	0	0	0	0	0	0	0	0	0	0	0	0	0	0	0	0	0	0
Fam134c	-0.25	-0.25	-0.25	-0.25	-0.25	-0.25	-0.25	0	-0.25	0	0	-0.25	-0.25	-0.25	0	-0.25	-0.25	0	0	0	-0.25	0	-0.25	-0.25	-0.25	-0.25	-0.25	-0.25	-0.25	0	-0.25	-0.25	0	0	-0.25	0	0	-0.25	-0.25	-0.25	0	0
Fam136a	0.25	0	0	0	0	0	0	0	0	0	0	0	0	0	0	0	0	0	0	0	0	0	0	0	0	0	0	0	0	0	0	0	0	0	0	0	0	0	0	0	0.25	0
Fam149a	0.25	0	0	0	0	0	0	0	0	0	0	0	0	0	0	0	0	0	0	0	0	0	0	0	0	0	0	0	0	0	0	0	0	0	0	0	0	0	0	0	0.25	0
Fam185a	0	0	0	0	0	-0.25	0	0	0	0	0	0	0	0	0	-0.25	0	0	-0.25	0	0	0	-0.25	0	0	-0.25	0	-0.25	-0.25	-0.25	-0.25	-0.25	0	-0.25	-0.25	0	0	0	0	0	0	0
Fam20c	-0.25	0	0	0	0	-0.25	-0.25	0	0	0	0	0	-0.25	0	0	0	0	0	0	0	0	0	0	0	0	0	0	0	-0.25	0	0	-0.25	-0.25	-0.25	0	0	0	0	0	0	0	0
Fam96b	0	0	-0.25	0	0	-0.25	-0.25	0	-0.25	-0.25	0	-0.25	0	-0.25	0	-0.25	0	-0.25	-0.25	-0.25	0	0	0	0	0	0	0	-0.25	-0.25	-0.25	-0.25	-0.25	-0.25	-0.25	0	-0.25	-0.25	0	0	0	-0.25	0
Fas	0.25	0	0	0	0	0	0	0	0	0	0	0	0	0	0	0	0	0	0	0	0	0	0	0	0	0	0	0	0	0	0	0	0	0	0	0	0	0	0	0	0	0
Fbf1	-0.25	0	-0.25	0	0	-0.25	0	0	0	0	0	-0.25	-0.25	0	0	-0.25	0	0	-0.25	-0.25	0	0	0	0	-0.25	0	0	-0.25	-0.25	-0.25	-0.25	0	0	0	0	0	-0.25	0	0	0	0	-0.25
Fbn1	0	0	-0.25	0	0	-0.25	-0.25	0	0	0	-0.25	-0.25	0	-0.25	0	0	0	0	0	0	0	0	0	0	0	0	0	0	0	0	-0.25	0	0	0	0	-0.25	0	0	-0.25	-0.25	0	-0.25
Fbxl14	-0.25	0	-0.25	-0.25	-0.25	-0.25	-0.25	-0.25	0	0	0	-0.25	0	-0.25	0	0	0	0	0	0	0	-0.25	0	0	-0.25	0	-0.25	-0.25	-0.25	0	-0.25	-0.25	-0.25	-0.25	-0.25	-0.25	0	0	0	0	-0.25	0
Fbxo11	0.25	0	0	0	0	0	0	0	0	0	0	0	0	0	0	0	0	0	0	0	0	0	0	0	0	0	0	0	0	0	0	0	0	0	0	0	0	0	0	0	0.25	0
Fbxo32	-0.25	0	-0.25	0	-0.25	-0.25	0	0	0	0	0	0	-0.25	-0.25	0	-0.25	0	0	-0.25	-0.25	0	-0.25	0	0	0	0	0	0	-0.25	0	-0.25	-0.25	-0.25	-0.25	0	0	-0.25	0	-0.25	-0.25	-0.25	0
Fbxw2	0.25	0	0	0	0	0	0	0	0	0	0	0	0	0	0	0	0	0	0	0	0	0	0	0	0	0	0	0	0	0	0	0	0	0	0	0	0	0	0	0	0	0
Fkbp4	-0.25	0	-0.25	-0.25	0	-0.25	-0.25	-0.25	-0.25	-0.25	-0.25	-0.25	0	-0.25	0	-0.25	0	-0.25	-0.25	-0.25	-0.25	-0.25	0	0	-0.25	-0.25	0	-0.25	0	-0.25	-0.25	-0.25	-0.25	-0.25	-0.25	-0.25	-0.25	-0.25	0	-0.25	-0.25	0
Fndc1	0	0	-0.25	0	0	0	0	0	0	0	0	0	0	0	0	0	0	0	0	0	0	0	0	0	0	0	0	0	0	0	0	0	0	0	0	0	0	0	0	0	0	0
Fos	-0.25	0	-0.25	-0.25	-0.25	-0.25	-0.25	0	-0.25	-0.25	0	-0.25	-0.25	-0.25	0	-0.25	-0.25	-0.25	-0.25	-0.25	-0.25	0	0	0	-0.25	0	0	0	-0.25	0	-0.25	-0.25	-0.25	-0.25	-0.25	-0.25	-0.25	0	0	0	-0.25	-0.25
Fxyd4	0	0	0	0	0	0	0	0	0	0	0	0	0	0	0	0	0	0	0	0	0	0	0	0	0	0	0	0	0	0	0	0	-0.25	0	0	0	0	0	0	0	0	0
Fzd1	0	0	0	0	0	-0.25	0	0	0	0	0	0	0	-0.25	0	0	0	0	0	0	0	0	0	0	0	0	0	0	0	0	0	0	0	0	0	-0.25	0	0	0	0	-0.25	0
G530011o06rik	0	0	0	0	0	0	0	0	0	0	0	0	0	0	0	0	0	0	0	0	0	0	0	0	0	0	0	0	0	0	0	0	0	0	0	0	0	0	0	0	0.25	0
Gadd45gip1	0	0	-0.25	-0.25	-0.25	-0.25	-0.25	0	-0.25	-0.25	-0.25	-0.25	0	-0.25	0	0	0	0	0	0	0	0	0	0	-0.25	0	0	0	-0.25	0	-0.25	-0.25	-0.25	-0.25	0	-0.25	-0.25	0	0	0	-0.25	0
Galk1	-0.25	0	-0.25	-0.25	0	-0.25	-0.25	0	0	0	0	-0.25	0	-0.25	0	-0.25	0	-0.25	-0.25	-0.25	-0.25	0	0	0	-0.25	0	0	0	-0.25	0	-0.25	-0.25	-0.25	-0.25	0	0	-0.25	-0.25	-0.25	-0.25	0	0
Gas8	0	0	0	0	0	0	0	0	0	0	0	0	0	-0.25	0	0	0	0	0	0	0	0	0	0	0	0	0	0	0	0	0	0	0	0	0	0	0	0	0	0	0	0
Gba2	0	0	-0.25	-0.25	-0.25	-0.25	-0.25	-0.25	-0.25	0	-0.25	0	0	-0.25	0	-0.25	0	-0.25	-0.25	-0.25	0	-0.25	0	0	0	-0.25	0	-0.25	0	-0.25	-0.25	-0.25	-0.25	-0.25	0	-0.25	-0.25	0	0	0	-0.25	-0.25
Gbgt1	0	0	0	0	0	0	0	0	0	0	0	0	0	0	0	0	0	0	0	0	0	0	0	0	0	0	0	0	0	0	0	0	0	0	0	0	0	0	0	0	0.25	0
Gcnt1	0	0	0	0	0	-0.25	0	-0.25	0	0	0	0	-0.25	0	0	-0.25	-0.25	0	0	-0.25	0	-0.25	0	0	0	0	0	0	0	0	0	0	0	0	-0.25	0	0	0	0	0	0	0
Gfod1	0.25	0	0	0	0	0	0	0	0	0	0	0	0	0	0	0	0	0	0	0	0	0	0	0	0	0	0	0	0	0	0	0	0	0	0	0	0	0	0	0	0.25	0
Glb1l	-0.25	0	-0.25	-0.25	-0.25	-0.25	-0.25	-0.25	-0.25	0	-0.25	-0.25	-0.25	-0.25	0	-0.25	-0.25	-0.25	-0.25	-0.25	0	-0.25	-0.25	0	-0.25	-0.25	-0.25	-0.25	-0.25	0	-0.25	-0.25	-0.25	-0.25	-0.25	0	-0.25	0	0	0	-0.25	0
Gm14446	0	0	-0.25	0	0	0	-0.25	0	0	0	0	0	0	0	0	-0.25	-0.25	0	0	0	0	0	0	0	-0.25	0	-0.25	0	0	0	0	0	0	0	0	-0.25	0	0	0	0	0	0
Gm5431	0	0	0	0	0	-0.25	0	0	0	0	0	0	0	0	0	-0.25	-0.25	0	0	0	0	0	0	0	0	0	0	0	0	0	-0.25	0	0	0	0	0	0	0	0	0	0	0
Gmppb	0	0	-0.25	0	0	0	-0.25	0	0	0	0	0	-0.25	0	0	-0.25	0	0	0	0	0	0	-0.25	0	0	-0.25	0	0	0	0	-0.25	-0.25	0	0	0	-0.25	-0.25	0	0	0	0	0
Gna15	0	0	-0.25	-0.25	-0.25	-0.25	-0.25	0	0	0	0	0	0	-0.25	0	-0.25	-0.25	0	-0.25	-0.25	0	0	0	0	-0.25	0	0	-0.25	0	-0.25	-0.25	-0.25	-0.25	-0.25	0	0	0	0	0	0	0	0
Gnb5	0.25	0	0	0	0	0	0	0	0	0	0	0	0	0	0	0	0	0	0	0	0	0	0	0	0	0	0	0	0	0	0	0	0	0	0	0	0	0	0	0	0.25	0
Gpr126	0.25	0	0	0	0	0	0	0	0	0	0	0	0	0	0.25	0	0	0	0	0	0	0	0	0	0	0	0	0	0	0	0	0	0	0	0	0	0	0	0	0	0.25	0
Grb10	0	0	-0.25	0	0	0	0	0	0	0	0	0	0	0	0	0	0	0	0	0	0	-0.25	0	0	0	0	0	0	0	0	0	0	0	0	0	0	0	0	0	0	0	0
Gss	-0.25	0	0	-0.25	-0.25	-0.25	-0.25	0	0	0	0	0	-0.25	-0.25	0	-0.25	0	-0.25	-0.25	-0.25	0	-0.25	0	0	-0.25	0	0	-0.25	0	0	-0.25	-0.25	-0.25	-0.25	0	0	-0.25	0	0	0	-0.25	0
H2-k2	0	0	-0.25	-0.25	0	-0.25	0	0	-0.25	0	0	0	-0.25	0	0	-0.25	-0.25	0	0	0	0	0	-0.25	-0.25	-0.25	-0.25	-0.25	-0.25	-0.25	-0.25	0	0	0	0	0	0	0	0	0	0	0	-0.25
Hes1	-0.25	-0.25	-0.25	-0.25	-0.25	-0.25	-0.25	-0.25	0	0	0	0	-0.25	-0.25	0	-0.25	-0.25	-0.25	-0.25	-0.25	0	0	-0.25	0	-0.25	-0.25	0	0	-0.25	0	-0.25	-0.25	-0.25	-0.25	0	-0.25	-0.25	0	0	0	-0.25	0
Hinfp	0	0	0	-0.25	-0.25	0	0	0	0	0	-0.25	0	0	-0.25	0	-0.25	-0.25	0	0	0	0	0	-0.25	0	-0.25	-0.25	0	0	0	-0.25	0	-0.25	0	0	0	0	0	0	0	0	0	0
Hip1	-0.25	0	-0.25	-0.25	-0.25	-0.25	-0.25	-0.25	-0.25	-0.25	-0.25	-0.25	-0.25	-0.25	0	-0.25	-0.25	-0.25	-0.25	-0.25	-0.25	-0.25	-0.25	0	-0.25	-0.25	-0.25	0	-0.25	-0.25	-0.25	-0.25	-0.25	-0.25	0	-0.25	-0.25	-0.25	-0.25	-0.25	-0.25	0
Hmbs	-0.25	0	-0.25	-0.25	-0.25	-0.25	0	0	0	0	0	0	-0.25	-0.25	0	-0.25	0	-0.25	0	-0.25	0	0	-0.25	-0.25	-0.25	0	-0.25	-0.25	-0.25	0	-0.25	-0.25	-0.25	-0.25	-0.25	-0.25	0	0	0	0	-0.25	0
Hmcn1	0	0	-0.25	0	0	-0.25	-0.25	-0.25	0	0	0	0	-0.25	-0.25	0	0	0	0	0	0	0	0	0	0	0	0	0	0	-0.25	0	-0.25	-0.25	-0.25	0	-0.25	0	-0.25	0	0	0	0	0
Hpgd	0	0	0	0	0	0	-0.25	-0.25	0	0	0	0	0	0	0	-0.25	-0.25	0	0	0	0	-0.25	0	0	-0.25	0	0	0	0	0	-0.25	-0.25	0	-0.25	0	-0.25	-0.25	0	0	0	0	0
Hrh2	0	0	-0.25	0	0	-0.25	-0.25	-0.25	0	0	0	0	0	0	0	-0.25	-0.25	0	0	0	0	0	0	0	0	0	0	0	0	0	-0.25	-0.25	0	0	0	-0.25	0	0	0	0	0	-0.25
Hsd11b1	0	0	-0.25	0	0	0	0	0	0	0	0	0	0	0	0	0	0	0	0	0	0	0	0	0	0	0	0	0	0	0	0	0	0	0	0	0	0	0	0	0	0	0
Hsdl1	-0.25	0	0	0	-0.25	-0.25	-0.25	0	0	0	0	0	-0.25	-0.25	0	-0.25	0	0	0	0	-0.25	0	0	0	-0.25	0	-0.25	-0.25	-0.25	0	-0.25	-0.25	-0.25	-0.25	0	0	-0.25	0	-0.25	-0.25	-0.25	0
Hspa1a	-0.25	0	-0.25	-0.25	-0.25	-0.25	-0.25	-0.25	0	0	0	0	0	0	0	-0.25	0	-0.25	0	0	0	0	0	0	-0.25	-0.25	-0.25	0	-0.25	0	-0.25	0	-0.25	-0.25	0	0	0	0	0	0	0	0
Hspa1b	0	0	0	0	0	-0.25	0	0	0	0	0	0	-0.25	0	0	0	0	0	0	0	0	0	0	0	0	-0.25	0	0	-0.25	0	0	0	-0.25	0	0	0	0	0	0	0	0	0
Hspa4l	-0.25	0	-0.25	-0.25	-0.25	-0.25	-0.25	0	-0.25	-0.25	-0.25	0	-0.25	-0.25	0	-0.25	0	0	-0.25	0	0	0	0	0	-0.25	0	0	-0.25	0	0	-0.25	-0.25	-0.25	-0.25	0	-0.25	-0.25	0	0	0	-0.25	0
Hspa8	-0.25	0	-0.25	0	-0.25	-0.25	-0.25	0	0	0	0	0	-0.25	0	0	-0.25	0	0	0	0	-0.25	0	-0.25	-0.25	-0.25	-0.25	0	-0.25	-0.25	0	-0.25	-0.25	-0.25	-0.25	0	-0.25	-0.25	0	-0.25	-0.25	-0.25	0
Hsph1	0	0	0	0	0	-0.25	-0.25	0	0	0	-0.25	-0.25	0	-0.25	0	0	0	0	0	0	0	0	-0.25	0	-0.25	0	-0.25	-0.25	0	-0.25	0	-0.25	-0.25	0	0	-0.25	0	0	0	0	0	0
Htr2a	0.25	0	0	0	0	0	0	0	0	0	0	0	0	0	0	0	0	0	0	0	0	0	0	0	0	0	0	0	0	0	0	0	0	0	0	0	0	0	0	0	0	0
Htra3	0	0	0	0	0	-0.25	0	-0.25	0	0	0	0	-0.25	0	0	0	0	-0.25	-0.25	-0.25	0	0	0	0	0	-0.25	0	0	0	0	-0.25	0	-0.25	-0.25	0	0	-0.25	0	0	0	0	0
Hyal2	0	0	-0.25	0	0	-0.25	-0.25	0	0	0	0	-0.25	-0.25	-0.25	0	-0.25	-0.25	0	0	-0.25	0	-0.25	0	0	0	0	0	0	-0.25	0	-0.25	-0.25	-0.25	0	0	-0.25	-0.25	0	-0.25	-0.25	0	0
Id2	0.25	0	0	0	0	0	0	0	0	0	0	0	0	0	0	0	0	0	0	0	0	0	0	0	0	0	0	0	0	0	0	0	0	0	0	0	0	0	0	0	0.25	0
Igf2r	0	0	0	0	0	0	0	0	0	0	0	0	0	0	0	0	0	0	0	0	0	0	0	0	0	0	0	0	0	0	0	0	0	0	0	0	0	0	0	0	0.25	0
Igsf10	0	0	-0.25	0	0	0	0	0	0	0	0	0	-0.25	0	0	0	0	0	0	0	0	-0.25	0	0	0	0	0	0	0	0	0	0	0	0	0	0	0	0	0	0	0	0
Igsf9	-0.25	-0.25	-0.25	-0.25	-0.25	-0.25	-0.25	-0.25	-0.25	-0.25	-0.25	-0.25	-0.25	-0.25	0	-0.25	-0.25	-0.25	-0.25	-0.25	0	0	0	0	0	-0.25	-0.25	-0.25	-0.25	-0.25	-0.25	-0.25	-0.25	-0.25	-0.25	-0.25	-0.25	0	0	0	-0.25	-0.25
Igtp	0	0	0	0	0	0	0	0	0	0	0	0	-0.25	0	0	-0.25	-0.25	-0.25	-0.25	-0.25	0	0	0	0	0	0	0	0	0	0	-0.25	-0.25	-0.25	-0.25	0	0	-0.25	0	0	0	-0.25	0
Il12b	0.25	0	0	0	0	0	0	0	0	0	0	0	0	0	0	0	0	0	0	0	0	0	0	0	0	0	0	0	0	0	0	0	0	0	0	0	0	0	0	0	0	0
Il16	-0.25	-0.25	0	0	0	-0.25	-0.25	-0.25	-0.25	0	0	0	-0.25	-0.25	0	-0.25	-0.25	0	-0.25	0	0	0	-0.25	0	0	-0.25	0	0	-0.25	0	-0.25	0	0	0	0	-0.25	0	-0.25	-0.25	-0.25	0	0
Insig2	0	0	-0.25	0	-0.25	-0.25	-0.25	-0.25	-0.25	-0.25	-0.25	0	0	-0.25	0	0	0	0	0	0	0	-0.25	0	0	-0.25	0	0	-0.25	-0.25	0	-0.25	0	0	0	0	0	0	0	0	0	0	0
Ints3	0	0	-0.25	0	0	-0.25	-0.25	-0.25	-0.25	-0.25	-0.25	0	0	-0.25	0	-0.25	0	0	0	0	0	0	0	0	0	0	0	0	-0.25	0	-0.25	-0.25	0	-0.25	0	-0.25	0	0	0	0	0	0
Ipo13	-0.25	0	-0.25	-0.25	0	-0.25	-0.25	-0.25	0	0	0	-0.25	-0.25	-0.25	0	0	0	0	0	0	-0.25	0	-0.25	0	0	-0.25	0	-0.25	-0.25	-0.25	-0.25	-0.25	-0.25	-0.25	-0.25	0	-0.25	-0.25	-0.25	-0.25	-0.25	-0.25
Irak1bp1	-0.25	0	0	0	0	0	-0.25	0	0	0	0	0	0	-0.25	0	0	0	0	0	0	-0.25	0	0	0	0	0	-0.25	0	-0.25	0	-0.25	0	-0.25	-0.25	0	-0.25	0	-0.25	-0.25	-0.25	0	0
Irf3	0	0	0	0	0	-0.25	0	0	0	0	0	0	0	0	0	0	0	0	0	0	0	0	0	0	0	0	0	-0.25	0	-0.25	0	0	0	0	-0.25	0	-0.25	0	0	0	0	0
Irgq	0.25	0	0	0	0	0	0	0	0	0	0	0	0	0	0	0	0	0	0	0	0	0	0	0	0	0	0	0	0	0	0	0	0	0	0	0	0	0	0	0	0	0
Itgb4	-0.25	0	-0.25	-0.25	0	-0.25	-0.25	0	0	0	0	-0.25	0	-0.25	0	-0.25	0	-0.25	-0.25	-0.25	-0.25	0	0	0	-0.25	0	0	0	-0.25	0	-0.25	-0.25	-0.25	-0.25	0	0	-0.25	-0.25	-0.25	-0.25	0	0
Jmjd4	0	0	0	0	-0.25	0	0	0	0	0	0	0	0	0	0	-0.25	0	0	-0.25	-0.25	0	0	0	0	-0.25	0	0	0	0	0	-0.25	-0.25	-0.25	0	-0.25	0	-0.25	0	0	0	0	0
Kank2	-0.25	0	-0.25	-0.25	-0.25	-0.25	0	0	0	0	0	0	-0.25	-0.25	0	-0.25	0	-0.25	-0.25	-0.25	0	0	0	-0.25	-0.25	-0.25	0	0	0	0	-0.25	-0.25	-0.25	-0.25	-0.25	0	-0.25	0	0	0	-0.25	0
Kank3	-0.25	-0.25	-0.25	0	-0.25	-0.25	-0.25	0	0	0	0	0	0	-0.25	0	-0.25	0	-0.25	-0.25	-0.25	-0.25	0	0	0	-0.25	-0.25	0	0	-0.25	0	-0.25	-0.25	-0.25	-0.25	-0.25	0	-0.25	-0.25	-0.25	-0.25	-0.25	0
Katnal1	0	0	0	0	0	-0.25	-0.25	-0.25	0	0	-0.25	0	-0.25	-0.25	0	0	0	0	0	0	0	0	0	0	-0.25	0	-0.25	-0.25	-0.25	-0.25	-0.25	-0.25	-0.25	-0.25	-0.25	0	-0.25	0	0	0	-0.25	0
Kcnc3	-0.25	0	0	-0.25	0	-0.25	-0.25	0	0	0	0	0	0	0	0	-0.25	0	-0.25	-0.25	-0.25	0	0	0	0	-0.25	0	0	0	-0.25	0	-0.25	-0.25	-0.25	-0.25	-0.25	0	-0.25	0	0	0	-0.25	0
Kcnrg	0	0	0	0	-0.25	-0.25	0	0	0	0	0	0	0	0	0	0	0	0	-0.25	-0.25	0	0	0	0	-0.25	0	0	-0.25	0	0	0	0	0	0	0	0	0	0	0	0	0	0
Kctd21	0	0	-0.25	-0.25	0	-0.25	0	0	-0.25	0	0	0	-0.25	-0.25	0	-0.25	-0.25	-0.25	-0.25	-0.25	0	0	0	0	0	0	0	-0.25	0	-0.25	-0.25	-0.25	-0.25	-0.25	-0.25	-0.25	-0.25	0	0	0	-0.25	-0.25
Kctd5	0	0	0	0	0	-0.25	-0.25	-0.25	-0.25	-0.25	-0.25	0	0	-0.25	0	-0.25	0	0	0	0	0	0	0	0	0	0	0	0	-0.25	0	-0.25	0	-0.25	-0.25	0	0	-0.25	0	0	0	0	0
Kif14	0	0	-0.25	-0.25	0	-0.25	-0.25	0	0	-0.25	-0.25	-0.25	-0.25	-0.25	0	0	0	0	0	0	0	0	-0.25	-0.25	0	-0.25	-0.25	0	0	0	-0.25	-0.25	-0.25	0	-0.25	0	0	0	0	0	0	0
Kif18b	0	0	-0.25	-0.25	0	0	0	0	0	0	0	0	-0.25	0	0	0	-0.25	0	0	0	0	0	-0.25	-0.25	-0.25	-0.25	-0.25	-0.25	0	0	-0.25	-0.25	0	0	0	0	-0.25	0	0	0	0	0
Kif2c	0	0	-0.25	-0.25	0	-0.25	-0.25	0	-0.25	-0.25	-0.25	0	-0.25	-0.25	0	-0.25	0	0	0	-0.25	0	-0.25	-0.25	-0.25	0	-0.25	-0.25	-0.25	0	-0.25	-0.25	-0.25	0	0	0	-0.25	0	0	0	0	0	0
Kifc3	0	0	-0.25	0	0	-0.25	-0.25	-0.25	0	0	0	0	-0.25	-0.25	0	0	0	-0.25	0	0	0	0	0	0	0	0	0	0	-0.25	0	-0.25	0	-0.25	-0.25	0	-0.25	0	0	0	0	0	0
Klf2	-0.25	0	0	-0.25	0	-0.25	-0.25	0	-0.25	0	0	-0.25	-0.25	-0.25	0	-0.25	0	-0.25	-0.25	-0.25	0	0	0	0	-0.25	0	-0.25	0	-0.25	0	-0.25	-0.25	-0.25	-0.25	-0.25	-0.25	-0.25	0	0	0	-0.25	0
Kpna1	0.25	0	0	0	0	0	0	0	0	0	0	0	0	0	0	0	0	0	0	0	0	0	0	0	0	0	0	0	0	0	0	0	0	0	0	0	0	0	0	0	0.25	0
Lama2	0	0	-0.25	0	0	-0.25	-0.25	0	-0.25	-0.25	0	-0.25	-0.25	-0.25	0	0	0	0	0	0	0	-0.25	-0.25	0	0	0	-0.25	0	0	0	0	0	0	0	0	0	0	0	0	0	0	0
Lama4	0	0	-0.25	0	0	0	0	0	0	0	0	0	0	0	0	0	0	0	0	0	0	0	0	0	0	0	0	0	0	0	0	0	0	0	0	0	0	0	0	0	0	0
Lamc1	0	0	-0.25	-0.25	-0.25	-0.25	-0.25	0	0	0	0	0	-0.25	-0.25	0	-0.25	0	-0.25	-0.25	-0.25	0	-0.25	0	0	0	-0.25	0	0	-0.25	0	-0.25	-0.25	-0.25	-0.25	-0.25	-0.25	-0.25	0	0	-0.25	-0.25	0
Lats2	0.25	0	0	0	0	0	0	0	0	0	0	0	0	0	0	0	0	0	0	0	0	0	0	0	0	0	0	0	0	0	0	0	0	0	0	0	0	0	0	0	0.25	0
Lepre1	0	0	-0.25	0	-0.25	-0.25	0	0	0	0	0	0	-0.25	0	0	-0.25	0	0	-0.25	-0.25	0	0	0	0	-0.25	0	0	-0.25	0	0	-0.25	-0.25	-0.25	-0.25	0	-0.25	-0.25	0	0	0	0	0
Lifr	-0.25	0	-0.25	-0.25	0	-0.25	-0.25	0	0	0	0	0	-0.25	0	0	-0.25	0	0	-0.25	-0.25	0	-0.25	0	0	-0.25	0	0	0	-0.25	0	-0.25	-0.25	-0.25	-0.25	-0.25	-0.25	-0.25	0	0	0	-0.25	0
Lig4	0	0	-0.25	-0.25	-0.25	-0.25	-0.25	-0.25	-0.25	-0.25	-0.25	-0.25	0	-0.25	0	0	0	0	-0.25	-0.25	0	0	0	0	-0.25	0	0	-0.25	0	0	-0.25	-0.25	-0.25	-0.25	-0.25	-0.25	-0.25	0	0	0	-0.25	0
Lilra6	0	0	-0.25	0	0	0	0	0	0	0	0	0	0	0	0	0	0	0	-0.25	0	0	0	0	0	0	0	0	0	0	0	0	0	0	0	0	0	0	0	0	0	0	0
Lmo4	0.25	0	0	0	0	0	0	0	0	0	0	0	0	0	0	0	0	0	0	0	0	0	0	0	0	0	0	0	0	0	0	0	0	0	0	0	0	0	0	0	0.25	0
Loxl2	0	0	0	0	0	-0.25	-0.25	0	0	0	0	0	0	0	0	0	0	0	0	0	0	0	0	0	0	0	-0.25	0	-0.25	0	0	0	0	0	0	-0.25	0	0	0	0	0	0
Lphn2	0.25	0	0	0	0	0	0	0	0	0	0	0	0	0	0	0	0	0	0	0	0	0	0	0	0	0	0	0	0	0	0	0	0	0	0	0	0	0	0	0	0.25	0
Lrp12	0	0	0	-0.25	-0.25	-0.25	-0.25	0	0	0	0	0	-0.25	-0.25	0	-0.25	0	-0.25	-0.25	-0.25	0	0	0	0	-0.25	0	0	0	-0.25	0	-0.25	-0.25	-0.25	-0.25	-0.25	-0.25	-0.25	0	0	0	-0.25	0
Lrrc45	0	0	0	-0.25	0	-0.25	0	0	0	0	0	0	-0.25	0	0	-0.25	-0.25	-0.25	-0.25	-0.25	0	0	-0.25	-0.25	0	-0.25	-0.25	0	-0.25	0	-0.25	-0.25	-0.25	-0.25	0	0	-0.25	0	0	0	0	0
Lrrc8b	0.25	0	0	0	0	0	0	0	0	0	0	0	0	0	0	0	0	0	0	0	0	0	0	0	0	0	0	0	0	0	0	0	0	0	0	0	0	0	0	0	0.25	0
Lrwd1	-0.25	0	-0.25	-0.25	-0.25	-0.25	-0.25	-0.25	-0.25	0	-0.25	-0.25	-0.25	-0.25	0	-0.25	-0.25	-0.25	0	-0.25	0	0	-0.25	-0.25	-0.25	-0.25	-0.25	-0.25	0	-0.25	-0.25	-0.25	-0.25	-0.25	0	-0.25	0	0	0	0	-0.25	-0.25
Ltbp1	0	0	-0.25	0	0	0	-0.25	-0.25	-0.25	0	0	0	-0.25	0	0	-0.25	-0.25	0	0	0	0	0	0	0	0	-0.25	0	0	0	0	0	0	0	0	0	-0.25	0	0	0	0	0	0
Ly6d	0.25	0	0	0	0	0	0	0	0	0	0	0	0	0	0	0	0	0	0	0	0	0	0	0	0	0	0	0	0	0	0	0	0	0	0	0	0	0	0	0	0.25	0
Maml3	0.25	0	0	0	0	0	0	0	0	0	0	0	0	0	0	0	0	0	0	0	0	0	0	0	0	0	0	0	0	0	0	0	0	0	0	0	0	0	0	0	0.25	0
Map4k4	0.25	0	0	0	0	0	0	0	0	0	0	0	0	0	0	0	0	0	0	0	0	0	0	0	0	0	0	0	0	0	0	0	0	0	0	0	0	0	0	0	0.25	0
March3	0.25	0	0	0	0	0	0	0	0	0	0	0	0	0	0	0	0	0	0	0	0	0	0	0	0	0	0	0	0	0	0	0	0	0	0	0	0	0	0	0	0	0
Marcks	0.25	0	0	0	0	0	0	0	0	0	0	0	0	0	0	0	0	0	0	0	0	0	0	0	0	0	0	0	0	0	0	0	0	0	0	0	0	0	0	0	0.25	0
Mbd4	0	0	-0.25	-0.25	-0.25	-0.25	-0.25	-0.25	0	-0.25	0	-0.25	0	-0.25	0	-0.25	-0.25	0	-0.25	0	0	0	-0.25	-0.25	0	-0.25	-0.25	0	0	0	-0.25	-0.25	-0.25	0	-0.25	-0.25	-0.25	0	0	0	0	0
Mdp1	0	0	0	0	0	0	0	0	0	0	0	0	0	0	0	0	0	0	0	0	0	0	0	0	0	0	0	0	0	0	0	-0.25	0	0	0	-0.25	0	0	0	0	0	0
Mertk	0	0	-0.25	-0.25	-0.25	-0.25	-0.25	0	0	0	0	0	0	0	0	-0.25	0	-0.25	-0.25	-0.25	0	0	0	0	0	0	-0.25	0	0	0	-0.25	-0.25	-0.25	-0.25	-0.25	0	-0.25	0	0	0	0	-0.25
Metap1d	-0.25	0	-0.25	-0.25	0	-0.25	-0.25	0	0	0	0	0	-0.25	-0.25	0	-0.25	0	0	0	0	-0.25	-0.25	-0.25	-0.25	-0.25	-0.25	-0.25	-0.25	-0.25	0	-0.25	0	0	0	0	-0.25	0	-0.25	-0.25	-0.25	0	0
Micall2	-0.25	0	-0.25	-0.25	0	-0.25	-0.25	-0.25	-0.25	0	0	0	-0.25	0	0	-0.25	0	-0.25	-0.25	-0.25	0	0	0	0	-0.25	0	-0.25	0	-0.25	0	-0.25	-0.25	-0.25	-0.25	-0.25	0	-0.25	0	0	0	0	0
Mitd1	0	0	-0.25	0	-0.25	-0.25	-0.25	0	-0.25	0	0	0	0	-0.25	0	-0.25	0	-0.25	-0.25	-0.25	0	0	0	0	-0.25	0	-0.25	-0.25	0	0	-0.25	-0.25	-0.25	-0.25	-0.25	0	-0.25	0	0	0	0	0
Mlx	-0.25	-0.25	-0.25	-0.25	-0.25	-0.25	-0.25	0	-0.25	0	0	-0.25	-0.25	-0.25	0	-0.25	-0.25	0	-0.25	-0.25	-0.25	-0.25	-0.25	-0.25	-0.25	-0.25	-0.25	-0.25	-0.25	0	-0.25	-0.25	-0.25	-0.25	0	0	-0.25	-0.25	-0.25	-0.25	-0.25	0
Mmaa	-0.25	0	-0.25	-0.25	-0.25	-0.25	-0.25	-0.25	0	0	0	0	0	0	0	0	0	-0.25	0	-0.25	0	0	0	0	-0.25	0	0	-0.25	-0.25	0	-0.25	-0.25	-0.25	-0.25	0	-0.25	0	0	0	0	-0.25	0
Mms19	-0.25	-0.25	-0.25	-0.25	-0.25	-0.25	-0.25	-0.25	-0.25	0	0	-0.25	-0.25	0	0	-0.25	0	-0.25	-0.25	-0.25	-0.25	0	-0.25	0	-0.25	-0.25	-0.25	-0.25	-0.25	0	-0.25	-0.25	-0.25	-0.25	-0.25	0	-0.25	-0.25	-0.25	-0.25	-0.25	0
Mpp5	0.25	0	0	0	0	0	0	0	0	0	0	0	0	0	0	0	0	0	0	0	0	0	0	0	0	0	0	0	0	0	0	0	0	0	0	0	0	0	0	0	0.25	0
Mpp7	0.25	0	0	0	0	0	0	0	0	0	0	0	0	0	0	0	0	0	0	0	0	0	0	0	0	0	0	0	0	0	0	0	0	0	0	0	0	0	0	0	0.25	0
Mpzl2	-0.25	0	0	0	0	-0.25	-0.25	0	-0.25	-0.25	-0.25	-0.25	-0.25	-0.25	0	0	0	0	0	0	0	0	0	0	0	0	0	0	0	0	0	0	0	0	0	-0.25	0	0	0	0	0	0
Mul1	0.25	0	0	0	0	0	0	0	0	0	0	0	0	0	0	0	0	0	0	0	0	0	0	0	0	0	0	0	0	0	0	0	0	0	0	0	0	0	0	0	0	0
Ndrg4	0.25	0	0	0	0	0	0	0	0	0	0	0	0	0	0	0	0	0	0	0	0	0	0	0	0	0	0	0	0	0	0	0	0	0	0	0	0	0	0	0	0.25	0
Neat1	-0.25	0	-0.25	0	0	-0.25	-0.25	-0.25	0	0	-0.25	0	0	0	0	-0.25	0	0	-0.25	0	0	-0.25	0	0	0	-0.25	0	0	0	0	-0.25	0	-0.25	0	0	-0.25	0	0	-0.25	-0.25	-0.25	0
Neb	0	0	0	0	0	0	-0.25	-0.25	0	0	0	0	-0.25	0	0	-0.25	0	0	0	0	0	-0.25	0	0	0	0	0	0	0	0	0	0	0	0	0	0	0	0	0	0	0	0
Nfkbid	-0.25	0	-0.25	0	0	-0.25	-0.25	-0.25	0	0	0	0	0	-0.25	0	-0.25	0	-0.25	-0.25	-0.25	0	-0.25	0	0	-0.25	0	0	-0.25	0	0	-0.25	-0.25	-0.25	-0.25	-0.25	-0.25	-0.25	0	0	0	-0.25	0
Nid2	0	0	-0.25	-0.25	-0.25	0	0	0	-0.25	-0.25	-0.25	0	-0.25	0	0	0	-0.25	0	-0.25	0	0	0	-0.25	-0.25	0	-0.25	-0.25	0	0	0	-0.25	0	0	-0.25	0	0	0	0	0	0	0	0
Nkrf	0.25	0	0	0	0	0	0	0	0	0	0	0	0	0	0	0	0	0	0	0	0	0	0	0	0	0	0	0	0	0	0	0	0	0	0	0	0	0	0	0	0	0
Nmb	0	0	-0.25	0	0	-0.25	-0.25	0	0	0	-0.25	-0.25	0	-0.25	0	0	0	0	-0.25	-0.25	0	0	0	0	-0.25	0	-0.25	0	0	0	0	0	0	-0.25	0	0	0	0	0	0	0	0
Notch3	0	-0.25	-0.25	0	-0.25	0	-0.25	0	0	0	0	0	0	0	0	0	0	0	-0.25	0	0	0	0	0	0	0	0	0	0	0	-0.25	-0.25	0	0	0	0	0	0	0	0	0	0
Npas2	0	0	0	0	0	0	0	0	0	0	0	0	0	0	0	0	0	0	0	0	0	0	0	0	0	0	0	0	0	0	0	0	0	0	0	0	0	0	0	0	0.25	0
Nphp1	0.25	0	0	0	0	0	0	0	0	0	0	0	0	0	0	0	0	0	0	0	0	0	0	0	0	0	0	0	0	0	0	0	0	0	0	0	0	0	0	0	0.25	0
Nrp2	0	0	0	0	0	0	0	0	0	0	0	0	0	0	0	0	0	0	0	0	0	0	0	0	0	0	0	0	0	0	0	0	0	0	0	0	0	0	0	0	0.25	0
Nsmce2	0.25	0	0	0	0	0	0	0	0	0	0	0	0	0	0	0	0	0	0	0	0	0	0	0	0	0	0	0	0	0	0	0	0	0	0	0	0	0	0	0	0.25	0
Nt5e	0	0	0	0	0	0	0	0	-0.25	0	0	0	-0.25	0	0	0	0	0	0	0	0	-0.25	0	0	0	0	0	0	0	0	0	0	0	0	0	0	0	0	0	0	0	0
Nudt22	0	0	0	0	0	-0.25	-0.25	0	-0.25	0	0	-0.25	-0.25	-0.25	0	-0.25	0	-0.25	-0.25	-0.25	0	0	-0.25	0	0	-0.25	0	0	-0.25	0	-0.25	-0.25	-0.25	-0.25	-0.25	0	-0.25	0	0	0	0	0
Nufip1	0.25	0	0	0	0	0	0	0	0	0	0	0	0	0	0	0	0	0	0	0	0	0	0	0	0	0	0	0	0	0	0	0	0	0	0	0	0	0	0	0	0	0
Nupr1	0	0	0	0	0	-0.25	-0.25	0	-0.25	0	0	0	-0.25	0	0	0	0	0	0	0	0	0	-0.25	-0.25	0	0	0	0	0	0	-0.25	0	0	0	0	0	0	0	0	0	0	0
Olfml3	0	0	-0.25	0	0	0	0	0	0	0	0	0	-0.25	0	0	-0.25	-0.25	0	0	0	0	-0.25	0	0	0	0	0	0	0	0	-0.25	0	0	0	0	0	0	0	0	0	0	0
Orai3	0	0	-0.25	-0.25	-0.25	-0.25	-0.25	-0.25	-0.25	0	0	0	-0.25	-0.25	0	-0.25	-0.25	-0.25	-0.25	-0.25	0	0	0	0	-0.25	-0.25	-0.25	-0.25	-0.25	0	-0.25	-0.25	-0.25	-0.25	-0.25	-0.25	-0.25	0	0	0	-0.25	0
Ormdl3	-0.25	0	-0.25	-0.25	-0.25	-0.25	-0.25	0	0	0	0	0	0	-0.25	0	-0.25	0	0	0	0	0	0	0	0	-0.25	0	0	-0.25	0	-0.25	-0.25	-0.25	-0.25	-0.25	-0.25	-0.25	-0.25	0	0	0	-0.25	0
Otud3	-0.25	0	-0.25	-0.25	-0.25	-0.25	-0.25	0	0	0	0	0	0	-0.25	0	-0.25	0	0	-0.25	-0.25	-0.25	0	0	0	-0.25	0	-0.25	-0.25	-0.25	0	-0.25	-0.25	-0.25	-0.25	0	0	-0.25	-0.25	-0.25	-0.25	0	0
Palld	-0.25	0	-0.25	-0.25	0	-0.25	-0.25	0	0	0	0	0	-0.25	0	0	-0.25	-0.25	0	0	-0.25	0	0	-0.25	-0.25	-0.25	-0.25	-0.25	0	-0.25	0	-0.25	-0.25	-0.25	-0.25	-0.25	-0.25	-0.25	0	0	0	0	0
Pcdh19	0	0	-0.25	-0.25	0	0	0	0	0	0	0	0	-0.25	0	0	0	-0.25	0	0	0	0	0	-0.25	-0.25	0	-0.25	-0.25	0	0	0	0	0	0	0	0	0	0	0	0	0	0	0
Pcolce	-0.25	0	-0.25	-0.25	-0.25	-0.25	-0.25	0	-0.25	0	0	-0.25	-0.25	-0.25	0	-0.25	0	-0.25	-0.25	-0.25	0	-0.25	-0.25	-0.25	-0.25	-0.25	-0.25	0	0	0	-0.25	-0.25	-0.25	-0.25	0	-0.25	-0.25	0	0	0	0	0
Pcyt2	-0.25	0	-0.25	-0.25	-0.25	-0.25	-0.25	-0.25	-0.25	0	-0.25	-0.25	0	-0.25	0	-0.25	-0.25	-0.25	-0.25	-0.25	0	0	0	0	-0.25	0	0	0	-0.25	0	-0.25	-0.25	-0.25	-0.25	-0.25	-0.25	-0.25	0	0	0	-0.25	0
Pdcd2l	0	0	-0.25	-0.25	-0.25	-0.25	-0.25	0	0	0	0	0	0	0	0	-0.25	0	0	0	0	-0.25	0	0	0	-0.25	0	0	-0.25	-0.25	0	-0.25	-0.25	-0.25	-0.25	0	-0.25	0	0	-0.25	-0.25	-0.25	0
Pdcd7	0	0	0	0	0	-0.25	-0.25	-0.25	0	0	-0.25	0	0	-0.25	0	0	0	0	0	0	0	0	0	0	0	0	0	0	-0.25	0	0	0	-0.25	-0.25	0	-0.25	0	0	0	0	-0.25	0
Pde4dip	-0.25	0	-0.25	-0.25	0	-0.25	-0.25	-0.25	-0.25	0	0	-0.25	0	0	0	-0.25	0	-0.25	-0.25	-0.25	0	0	0	0	-0.25	-0.25	-0.25	-0.25	0	-0.25	-0.25	-0.25	-0.25	-0.25	-0.25	-0.25	-0.25	0	0	0	-0.25	0
Pde7b	0.25	0	0	0	0	0	0	0	0	0	0	0	0	0	0	0	0	0	0	0	0	0	0	0	0	0	0	0	0	0	0	0	0	0	0	0	0	0	0	0	0	0
Peo1	-0.25	0	0	-0.25	-0.25	-0.25	-0.25	-0.25	-0.25	-0.25	-0.25	-0.25	-0.25	-0.25	0	-0.25	0	0	-0.25	-0.25	0	-0.25	0	0	-0.25	0	0	0	0	0	-0.25	-0.25	-0.25	-0.25	0	0	-0.25	0	0	0	-0.25	0
Pex1	-0.25	0	-0.25	0	0	-0.25	0	0	0	0	0	0	-0.25	0	0	-0.25	0	0	0	0	0	0	0	0	0	0	0	0	0	0	-0.25	-0.25	-0.25	-0.25	0	0	0	0	0	0	-0.25	0
Pex11b	0	0	0	0	0	0	0	0	0	0	0	0	0	0	0	-0.25	0	0	-0.25	-0.25	0	0	0	0	0	0	0	0	0	0	-0.25	-0.25	-0.25	-0.25	-0.25	0	-0.25	0	0	0	0	0
Pfkfb1	0	0	-0.25	0	-0.25	-0.25	-0.25	-0.25	0	0	-0.25	-0.25	0	-0.25	0	0	0	0	0	0	0	0	0	0	0	0	0	0	0	0	-0.25	-0.25	-0.25	-0.25	0	0	0	0	-0.25	-0.25	0	0
Pgp	0	0	-0.25	-0.25	-0.25	-0.25	-0.25	0	0	0	0	0	-0.25	0	0	-0.25	-0.25	0	-0.25	-0.25	0	0	-0.25	-0.25	-0.25	-0.25	0	0	-0.25	0	-0.25	-0.25	-0.25	-0.25	0	-0.25	-0.25	0	0	-0.25	-0.25	0
Pgpep1	-0.25	0	-0.25	-0.25	0	-0.25	-0.25	0	0	0	0	0	0	-0.25	0	-0.25	-0.25	-0.25	-0.25	-0.25	0	0	0	0	-0.25	0	-0.25	0	-0.25	0	-0.25	-0.25	-0.25	-0.25	0	0	-0.25	0	-0.25	0	0	0
Phf23	-0.25	-0.25	-0.25	-0.25	-0.25	-0.25	-0.25	-0.25	-0.25	-0.25	-0.25	0	0	-0.25	0	-0.25	0	-0.25	-0.25	-0.25	-0.25	0	0	0	-0.25	0	-0.25	-0.25	-0.25	-0.25	-0.25	-0.25	-0.25	-0.25	-0.25	-0.25	-0.25	-0.25	-0.25	-0.25	-0.25	-0.25
Pik3r6	0	0	-0.25	0	0	-0.25	-0.25	-0.25	-0.25	0	0	0	0	-0.25	0	-0.25	0	0	0	0	0	-0.25	-0.25	0	0	0	0	0	-0.25	-0.25	-0.25	-0.25	-0.25	0	-0.25	-0.25	0	0	0	0	-0.25	0
Pkib	0.25	0	0	0	0	0	0	0	0	0	0	0	0	0	0.25	0	0	0	0	0	0	0	0	0	0	0	0	0	0	0	0	0	0	0	0	0	0	0	0	0	0	0
Plau	0	0	-0.25	0	0	-0.25	-0.25	0	-0.25	0	0	0	-0.25	0	0	-0.25	0	0	-0.25	-0.25	0	-0.25	0	-0.25	0	-0.25	-0.25	-0.25	0	0	-0.25	0	0	0	-0.25	0	-0.25	0	0	0	0	0
Plcb3	-0.25	0	-0.25	-0.25	0	-0.25	-0.25	0	-0.25	-0.25	-0.25	0	-0.25	-0.25	0	-0.25	-0.25	-0.25	-0.25	-0.25	0	-0.25	0	0	-0.25	-0.25	0	-0.25	-0.25	-0.25	-0.25	-0.25	-0.25	-0.25	-0.25	-0.25	-0.25	0	0	0	-0.25	0
Plce1	0.25	0	0	0	0	0	0	0	0	0	0	0	0	0	0	0	0	0	0	0	0	0	0	0	0	0	0	0	0	0	0	0	0	0	0	0	0	0	0	0	0.25	0
Polm	0	0	0	0	-0.25	-0.25	-0.25	0	0	0	0	0	0	0	0	-0.25	0	0	-0.25	-0.25	0	0	0	0	0	0	0	0	-0.25	0	-0.25	-0.25	0	-0.25	0	-0.25	0	0	0	0	0	0
Polr2g	-0.25	-0.25	0	-0.25	0	-0.25	-0.25	0	0	-0.25	0	0	-0.25	-0.25	0	-0.25	-0.25	-0.25	-0.25	-0.25	-0.25	0	-0.25	0	-0.25	-0.25	-0.25	0	-0.25	0	-0.25	-0.25	-0.25	-0.25	-0.25	0	-0.25	-0.25	-0.25	-0.25	0	0
Polrmt	-0.25	0	-0.25	-0.25	-0.25	-0.25	-0.25	0	0	0	-0.25	0	0	-0.25	0	-0.25	0	-0.25	-0.25	-0.25	0	0	0	0	-0.25	0	0	-0.25	0	-0.25	-0.25	-0.25	-0.25	-0.25	-0.25	-0.25	-0.25	0	0	0	0	0
Postn	0	0	-0.25	0	0	-0.25	0	0	0	0	0	0	-0.25	0	0	0	0	0	0	0	0	0	0	0	0	0	0	0	0	0	0	0	0	0	-0.25	0	0	0	0	0	0	0
Ppap2b	0	0	0	0	0	-0.25	-0.25	-0.25	0	-0.25	-0.25	0	0	-0.25	0	-0.25	0	0	0	0	0	0	0	0	0	0	0	0	0	0	0	0	0	0	0	0	0	0	0	0	0	0
Ppp2r5b	0	0	0	0	0	0	0	0	0	0	0	0	0	0	0	0	0	0	0	0	0	0	0	0	0	0	0	0	0	0	0	0	0	0	0	0	0	0	0	0	0.25	0
Ppt2	0	0	-0.25	0	0	-0.25	0	0	0	0	0	0	0	-0.25	0	-0.25	-0.25	0	0	0	0	0	0	0	0	0	0	0	-0.25	0	-0.25	-0.25	0	-0.25	0	-0.25	0	0	0	0	0	0
Pqlc2	0	0	-0.25	0	-0.25	-0.25	0	0	0	0	0	0	-0.25	0	0	-0.25	0	0	0	0	0	0	0	0	-0.25	0	0	-0.25	-0.25	-0.25	-0.25	-0.25	-0.25	-0.25	0	-0.25	0	0	0	0	0	0
Prc1	-0.25	0	0	-0.25	-0.25	-0.25	0	0	0	0	0	0	-0.25	0	0	-0.25	0	0	-0.25	-0.25	0	0	-0.25	-0.25	-0.25	-0.25	-0.25	0	0	0	-0.25	-0.25	-0.25	-0.25	-0.25	-0.25	-0.25	0	0	0	-0.25	0
Prdm1	0.25	0	0	0	0	0	0	0	0	0	0	0	0	0	0.25	0	0	0	0	0	0	0	0	0	0	0	0	0	0	0	0	0	0	0	0	0	0	0	0	0	0.25	0
Prdm15	-0.25	0	0	-0.25	0	-0.25	-0.25	0	0	-0.25	-0.25	-0.25	-0.25	-0.25	0	0	0	0	0	0	0	0	0	0	-0.25	0	0	-0.25	-0.25	-0.25	-0.25	-0.25	-0.25	-0.25	0	-0.25	0	0	0	0	-0.25	-0.25
Prmt2	0	0	0	-0.25	0	0	0	0	0	0	0	0	0	0	0	-0.25	0	-0.25	-0.25	-0.25	0	0	0	0	-0.25	0	0	-0.25	0	0	-0.25	0	-0.25	-0.25	0	0	-0.25	0	0	0	0	0
Prmt7	0	0	-0.25	-0.25	0	0	-0.25	0	-0.25	0	0	-0.25	0	-0.25	0	0	0	0	-0.25	0	0	0	0	0	-0.25	0	-0.25	0	0	0	-0.25	0	0	-0.25	0	-0.25	0	0	0	0	-0.25	0
Prpsap2	0	0	-0.25	0	0	0	-0.25	0	0	0	0	0	0	0	0	-0.25	0	-0.25	-0.25	-0.25	0	0	0	0	0	-0.25	0	0	0	0	-0.25	-0.25	-0.25	-0.25	-0.25	-0.25	-0.25	0	0	0	0	0
Ptgr1	0	0	0	0	0	0	0	0	0	0	0	0	0	0	0.25	0	0	0	0	0	0	0	0	0	0	0	0	0	0	0	0	0	0	0	0	0	0	0	0	0	0	0
Ptpn7	-0.25	0	-0.25	-0.25	0	-0.25	-0.25	0	0	0	0	-0.25	0	-0.25	0	0	0	-0.25	-0.25	0	0	0	0	0	-0.25	0	-0.25	0	-0.25	0	-0.25	-0.25	-0.25	-0.25	-0.25	-0.25	-0.25	0	0	0	-0.25	0
Purg	0.25	0	0	0	0	0	0	0	0	0	0	0	0	0	0.25	0	0	0	0	0	0	0	0	0	0	0	0	0	0	0	0	0	0	0	0	0	0	0	0	0	0.25	0
Pygo2	-0.25	0	0	-0.25	-0.25	-0.25	-0.25	-0.25	0	0	0	-0.25	-0.25	-0.25	0	-0.25	0	-0.25	0	0	-0.25	-0.25	0	0	0	0	-0.25	0	-0.25	0	-0.25	-0.25	-0.25	-0.25	-0.25	-0.25	-0.25	-0.25	-0.25	-0.25	-0.25	0
Pyroxd2	0.25	0	0	0	0	0	0	0	0	0	0	0	0	0	0	0	0	0	0	0	0	0	0	0	0	0	0	0	0	0	0	0	0	0	0	0	0	0	0	0	0	0
R74862	0.25	0	0	0	0	0	0	0	0	0	0	0	0	0	0	0	0	0	0	0	0	0	0	0	0	0	0	0	0	0	0	0	0	0	0	0	0	0	0	0	0	0
Rab11fip5	-0.25	0	-0.25	-0.25	0	-0.25	-0.25	-0.25	0	0	-0.25	0	-0.25	-0.25	0	-0.25	-0.25	-0.25	-0.25	-0.25	0	0	-0.25	0	-0.25	-0.25	0	-0.25	-0.25	-0.25	-0.25	-0.25	-0.25	-0.25	-0.25	0	-0.25	0	0	0	-0.25	-0.25
Rab30	0	0	0	0	0	-0.25	-0.25	0	-0.25	0	0	0	-0.25	0	0	-0.25	-0.25	0	0	0	0	0	0	0	0	0	0	-0.25	0	-0.25	0	0	0	0	0	-0.25	0	0	0	0	0	-0.25
Rab40c	-0.25	0	-0.25	-0.25	-0.25	-0.25	0	-0.25	0	0	0	0	0	-0.25	0	-0.25	0	-0.25	-0.25	-0.25	0	0	-0.25	0	-0.25	-0.25	0	-0.25	-0.25	-0.25	-0.25	-0.25	-0.25	-0.25	-0.25	0	-0.25	0	0	0	-0.25	0
Rab5a	0.25	0	0	0	0	0	0	0	0	0	0	0	0	0	0	0	0	0	0	0	0	0	0	0	0	0	0	0	0	0	0	0	0	0	0	0	0	0	0	0	0	0
Rab6b	0.25	0	0	0	0	0	0	0	0	0	0	0	0	0	0	0	0	0	0	0	0	0	0	0	0	0	0	0	0	0	0	0	0	0	0	0	0	0	0	0	0.25	0
Rad9b	0	0	-0.25	0	0	-0.25	-0.25	-0.25	0	0	0	-0.25	-0.25	0	0	-0.25	0	-0.25	-0.25	-0.25	0	0	0	0	-0.25	0	0	-0.25	0	0	-0.25	-0.25	-0.25	-0.25	-0.25	-0.25	-0.25	0	-0.25	-0.25	0	0
Rbbp9	-0.25	0	-0.25	-0.25	0	-0.25	0	0	0	0	0	0	-0.25	0	0	-0.25	-0.25	0	0	0	0	0	-0.25	-0.25	0	-0.25	-0.25	-0.25	0	-0.25	-0.25	-0.25	-0.25	0	0	0	-0.25	0	0	0	0	0
Rbm34	0.25	0	0	0	0	0	0	0	0	0	0	0	0	0	0	0	0	0	0	0	0	0	0	0	0	0	0	0	0	0	0	0	0	0	0	0	0	0	0	0	0.25	0
Rbm43	0	0	-0.25	-0.25	0	-0.25	-0.25	0	0	0	-0.25	-0.25	0	-0.25	0	-0.25	-0.25	0	0	0	0	0	0	0	0	0	0	0	0	0	0	0	0	0	0	0	0	0	0	0	0	0
Relt	-0.25	0	-0.25	-0.25	0	-0.25	-0.25	-0.25	0	-0.25	0	0	-0.25	-0.25	0	-0.25	0	-0.25	-0.25	-0.25	0	0	0	0	-0.25	0	0	0	-0.25	0	-0.25	-0.25	-0.25	-0.25	0	0	-0.25	0	0	0	-0.25	0
Repin1	-0.25	0	0	-0.25	0	-0.25	0	0	0	0	0	0	-0.25	-0.25	0	-0.25	-0.25	-0.25	-0.25	-0.25	-0.25	0	-0.25	0	-0.25	-0.25	-0.25	0	0	0	-0.25	-0.25	-0.25	-0.25	0	0	-0.25	-0.25	-0.25	-0.25	-0.25	0
Rgl2	0	0	-0.25	-0.25	-0.25	-0.25	-0.25	-0.25	-0.25	-0.25	-0.25	-0.25	-0.25	-0.25	0	0	0	0	0	0	0	-0.25	-0.25	0	-0.25	-0.25	-0.25	-0.25	-0.25	-0.25	-0.25	-0.25	-0.25	-0.25	-0.25	-0.25	0	0	0	0	-0.25	0
Rgs1	0	0	0	0	0	0	0	0	0	0	0	0	0	0	0.25	0	0	0	0	0	0	0	0	0	0	0	0	0	0	0	0	0	0	0	0	0	0	0	0	0	0.25	0
Rgs14	0	0	0	-0.25	0	-0.25	-0.25	0	-0.25	0	-0.25	-0.25	0	-0.25	0	0	-0.25	0	0	0	0	0	0	0	0	-0.25	0	-0.25	0	-0.25	0	0	0	0	0	-0.25	0	0	0	0	0	-0.25
Rgs9	0	0	0	0	0	0	0	0	0	0	0	0	0	0	0	0	0	0	0	0	0	0	0	0	0	0	0	0	0	0	0	0	0	0	0	0	0	0	0	0	0.25	0
Rhbdf1	-0.25	0	-0.25	0	-0.25	-0.25	-0.25	-0.25	-0.25	-0.25	-0.25	0	0	-0.25	0	-0.25	-0.25	-0.25	-0.25	-0.25	0	-0.25	-0.25	0	-0.25	-0.25	0	-0.25	-0.25	0	-0.25	-0.25	-0.25	-0.25	-0.25	0	-0.25	0	0	0	-0.25	0
Rhob	-0.25	0	-0.25	0	0	0	0	0	0	0	0	0	-0.25	0	0	0	0	-0.25	0	0	0	0	-0.25	0	0	-0.25	0	0	-0.25	0	-0.25	-0.25	-0.25	0	0	0	-0.25	0	0	0	-0.25	0
Rhobtb1	0	0	0	0	0	0	0	0	0	0	0	0	0	0	0	0	0	0	0	0	0	0	0	0	0	0	0	0	0	0	0	0	0	0	0	0	0	0	0	0	0.25	0
Rmnd5b	0	0	-0.25	0	-0.25	-0.25	-0.25	-0.25	-0.25	-0.25	-0.25	-0.25	0	-0.25	0	-0.25	0	0	-0.25	0	0	-0.25	0	0	-0.25	0	0	-0.25	0	-0.25	-0.25	-0.25	-0.25	-0.25	0	-0.25	0	0	0	0	-0.25	-0.25
Rnf135	0	0	-0.25	0	0	-0.25	-0.25	-0.25	0	0	0	0	0	-0.25	0	-0.25	0	-0.25	-0.25	-0.25	0	-0.25	0	0	-0.25	-0.25	-0.25	0	-0.25	0	-0.25	-0.25	-0.25	-0.25	-0.25	-0.25	-0.25	0	0	0	0	0
Rnf144b	0	0	-0.25	0	0	-0.25	0	0	-0.25	0	0	0	0	0	0	-0.25	-0.25	0	0	0	0	0	0	0	0	0	0	0	0	0	-0.25	0	0	0	0	-0.25	0	0	0	0	0	0
Rnf214	0	0	-0.25	-0.25	0	-0.25	-0.25	0	-0.25	-0.25	-0.25	-0.25	-0.25	-0.25	0	0	-0.25	0	0	-0.25	0	0	-0.25	-0.25	0	-0.25	-0.25	0	0	0	-0.25	-0.25	-0.25	-0.25	-0.25	0	0	0	0	0	-0.25	0
Rpap1	0	0	0	0	0	-0.25	-0.25	0	0	0	0	-0.25	0	-0.25	0	0	0	0	0	0	0	0	0	0	0	0	0	0	0	0	0	0	0	0	0	-0.25	0	0	0	0	0	0
Rpgrip1l	0	0	0	0	-0.25	-0.25	0	0	0	0	0	0	0	0	0	0	0	-0.25	0	0	0	0	0	0	0	0	0	-0.25	0	-0.25	-0.25	-0.25	-0.25	0	0	0	0	0	0	0	0	-0.25
Rps19bp1	-0.25	-0.25	-0.25	-0.25	0	-0.25	-0.25	0	0	0	-0.25	-0.25	-0.25	-0.25	0	-0.25	0	-0.25	-0.25	-0.25	-0.25	0	-0.25	-0.25	-0.25	-0.25	-0.25	0	-0.25	0	-0.25	-0.25	-0.25	-0.25	-0.25	-0.25	-0.25	-0.25	-0.25	-0.25	-0.25	0
Rreb1	0	-0.25	-0.25	-0.25	0	-0.25	-0.25	-0.25	0	0	0	0	-0.25	0	0	-0.25	-0.25	-0.25	-0.25	0	0	0	-0.25	-0.25	0	-0.25	-0.25	0	-0.25	0	-0.25	-0.25	-0.25	-0.25	-0.25	-0.25	-0.25	0	0	-0.25	-0.25	0
Rrp9	0	0	-0.25	0	0	-0.25	-0.25	0	0	0	0	0	-0.25	0	0	-0.25	0	-0.25	-0.25	-0.25	0	0	0	0	0	-0.25	-0.25	-0.25	0	0	-0.25	-0.25	-0.25	-0.25	0	-0.25	-0.25	0	0	0	-0.25	0
Rusc2	0	0	0	0	0	0	0	0	0	0	0	0	0	0	0	0	0	0	0	0	0	0	0	0	0	0	0	0	0	0	0	0	0	0	0	0	0	0	0	0	0.25	0
S1pr2	-0.25	0	0	0	0	-0.25	-0.25	0	-0.25	0	0	0	0	0	0	-0.25	0	0	-0.25	-0.25	0	0	0	0	0	0	0	0	0	0	-0.25	-0.25	-0.25	-0.25	-0.25	0	-0.25	0	0	-0.25	-0.25	0
Sash3	-0.25	0	-0.25	0	0	0	-0.25	0	0	0	0	0	0	0	0	0	0	-0.25	0	0	-0.25	0	0	0	0	-0.25	-0.25	0	-0.25	0	-0.25	0	0	0	0	0	0	-0.25	-0.25	-0.25	0	0
Scnm1	0	0	-0.25	0	0	0	-0.25	-0.25	-0.25	-0.25	-0.25	-0.25	0	-0.25	0	-0.25	-0.25	0	-0.25	0	0	-0.25	0	0	0	-0.25	-0.25	0	0	0	-0.25	-0.25	-0.25	-0.25	0	-0.25	-0.25	0	0	0	0	0
Scyl1	-0.25	0	0	0	0	-0.25	0	0	0	0	0	0	-0.25	0	0	-0.25	0	0	-0.25	-0.25	-0.25	-0.25	0	0	-0.25	0	0	0	-0.25	0	-0.25	-0.25	-0.25	-0.25	0	0	-0.25	-0.25	-0.25	-0.25	-0.25	0
Sdc4	0.25	0	0	0	0	0	0	0	0	0	0	0	0	0	0	0	0	0	0	0	0	0	0	0	0	0	0	0	0	0	0	0	0	0	0	0	0	0	0	0	0.25	0
Sema4c	0.25	0	0	0	0	0	0	0	0	0	0	0	0	0	0	0	0	0	0	0	0	0	0	0	0	0	0	0	0	0	0	0	0	0	0	0	0	0	0	0	0	0
Sephs2	0	0	-0.25	0	0	-0.25	-0.25	0	0	0	0	0	0	-0.25	0	0	0	0	0	0	0	0	0	0	0	-0.25	0	0	0	0	0	-0.25	0	-0.25	0	-0.25	0	0	0	0	0	0
Serpina3n	0	0	-0.25	0	0	0	0	0	0	0	0	0	-0.25	0	0	0	0	0	-0.25	0	0	-0.25	0	0	0	0	0	0	0	0	-0.25	-0.25	-0.25	0	0	0	0	0	0	0	0	0
Serpinf1	0	0	0	0	0	-0.25	-0.25	0	0	0	0	-0.25	0	0	0	-0.25	0	0	0	0	0	0	0	0	0	0	0	0	0	0	0	0	0	0	0	-0.25	0	0	0	0	0	0
Serping1	0	0	-0.25	0	0	0	0	0	0	0	0	0	0	0	0	0	0	0	0	0	0	0	0	0	0	0	0	0	-0.25	0	0	0	0	0	0	0	0	0	0	0	0	0
Sh2d3c	-0.25	0	-0.25	-0.25	-0.25	-0.25	-0.25	0	-0.25	-0.25	-0.25	-0.25	-0.25	-0.25	0	-0.25	-0.25	-0.25	-0.25	-0.25	0	-0.25	-0.25	-0.25	-0.25	-0.25	-0.25	-0.25	-0.25	-0.25	-0.25	-0.25	-0.25	-0.25	0	-0.25	-0.25	0	0	0	-0.25	0
Sipa1l2	0.25	0	0	0	0	0	0	0	0	0	0	0	0	0	0	0	0	0	0	0	0	0	0	0	0	0	0	0	0	0	0	0	0	0	0	0	0	0	0	0	0.25	0
Skp2	-0.25	0	-0.25	-0.25	0	-0.25	-0.25	0	0	0	-0.25	-0.25	-0.25	-0.25	0	-0.25	0	0	0	0	0	0	0	0	-0.25	0	0	-0.25	0	-0.25	-0.25	-0.25	-0.25	-0.25	0	-0.25	-0.25	0	0	0	-0.25	-0.25
Slc25a14	0	0	0	0	0	-0.25	-0.25	0	0	0	0	0	0	0	0	0	0	0	0	0	0	0	0	0	0	0	-0.25	0	0	0	0	0	0	-0.25	0	0	0	0	0	0	0	0
Slc25a25	-0.25	0	-0.25	-0.25	0	-0.25	-0.25	-0.25	0	0	-0.25	0	-0.25	-0.25	0	-0.25	-0.25	0	-0.25	-0.25	0	0	-0.25	0	-0.25	-0.25	0	0	-0.25	0	-0.25	-0.25	-0.25	-0.25	-0.25	-0.25	-0.25	0	0	0	-0.25	0
Slc28a2	-0.25	0	-0.25	-0.25	-0.25	-0.25	0	-0.25	0	0	0	0	-0.25	-0.25	0	-0.25	0	-0.25	-0.25	-0.25	0	0	-0.25	-0.25	-0.25	-0.25	0	0	0	0	-0.25	-0.25	-0.25	-0.25	-0.25	0	-0.25	0	0	0	0	-0.25
Slc30a4	0.25	0	0	0	0	0	0	0	0	0	0	0	0	0	0	0	0	0	0	0	0	0	0	0	0	0	0	0	0	0	0	0	0	0	0	0	0	0	0	0	0.25	0
Slc38a7	0	0	-0.25	0	0	-0.25	-0.25	-0.25	0	0	0	0	-0.25	0	0	0	-0.25	0	0	0	-0.25	0	0	0	0	0	0	-0.25	0	-0.25	0	0	0	0	0	-0.25	0	-0.25	-0.25	-0.25	0	-0.25
Slc39a14	0.25	0	0	0	0	0	0	0	0	0	0	0	0	0	0	0	0	0	0	0	0	0	0	0	0	0	0	0	0	0	0	0	0	0	0	0	0	0	0	0	0.25	0
Slc39a3	0	0	0	0	0	0	0	0	0	0	0	0	0	0	0	-0.25	0	-0.25	-0.25	-0.25	0	0	0	0	0	-0.25	0	0	-0.25	0	-0.25	-0.25	-0.25	-0.25	-0.25	0	-0.25	0	0	0	0	0
Slc9a5	-0.25	0	-0.25	-0.25	-0.25	-0.25	-0.25	0	0	0	0	0	-0.25	0	0	-0.25	0	-0.25	-0.25	-0.25	0	-0.25	0	0	-0.25	-0.25	0	0	-0.25	0	-0.25	-0.25	-0.25	-0.25	-0.25	-0.25	-0.25	0	0	0	0	0
Slco5a1	-0.25	0	-0.25	0	-0.25	-0.25	-0.25	0	0	0	0	0	-0.25	-0.25	0	-0.25	0	-0.25	-0.25	-0.25	0	-0.25	0	0	-0.25	0	-0.25	-0.25	0	0	-0.25	-0.25	-0.25	-0.25	0	-0.25	-0.25	0	0	0	-0.25	0
Slit3	0	0	-0.25	0	0	-0.25	-0.25	-0.25	0	0	0	0	0	0	0	0	0	0	0	0	0	0	0	0	0	0	0	0	-0.25	0	0	0	0	0	0	-0.25	0	0	-0.25	0	0	0
Smagp	0.25	0	0	0	0	0	0	0	0	0	0	0	0	0	0.25	0	0	0	0	0	0	0	0	0	0	0	0	0	0	0	0	0	0	0	0	0	0	0	0	0	0.25	0
Snupn	0	0	-0.25	0	0	-0.25	-0.25	-0.25	-0.25	-0.25	-0.25	-0.25	0	-0.25	0	-0.25	0	0	0	0	0	0	0	0	0	0	0	0	0	0	0	0	0	0	0	-0.25	0	0	0	0	0	0
Sparc	0	0	-0.25	0	0	0	0	0	0	0	0	0	0	0	0	-0.25	0	0	0	0	0	0	0	0	0	0	0	0	0	0	0	0	0	0	0	0	0	0	0	0	0	0
Spata13	0.25	0	0	0	0	0	0	0	0	0	0	0	0	0	0	0	0	0	0	0	0	0	0	0	0	0	0	0	0	0	0	0	0	0	0	0	0	0	0	0	0.25	0
Spred1	0.25	0	0	0	0	0	0	0	0	0	0	0	0	0	0	0	0	0	0	0	0	0	0	0	0	0	0	0	0	0	0	0	0	0	0	0	0	0	0	0	0.25	0
Spsb3	0.25	0	0	0	0	0	0	0	0	0	0	0	0	0	0	0	0	0	0	0	0	0	0	0	0	0	0	0	0	0	0	0	0	0	0	0	0	0	0	0	0	0
Stat4	0.25	0	0	0	0	0	0	0	0	0	0	0	0	0	0	0	0	0	0	0	0	0	0	0	0	0	0	0	0	0	0	0	0	0	0	0	0	0	0	0	0.25	0
Stox2	-0.25	0	0	-0.25	0	-0.25	0	0	0	0	0	0	0	0	0	-0.25	-0.25	-0.25	0	0	0	0	0	0	-0.25	0	-0.25	0	0	0	-0.25	-0.25	-0.25	-0.25	0	0	0	0	0	0	0	0
Stx12	0.25	0	0	0	0	0	0	0	0	0	0	0	0	0	0	0	0	0	0	0	0	0	0	0	0	0	0	0	0	0	0	0	0	0	0	0	0	0	0	0	0.25	0
Stx2	-0.25	0	-0.25	-0.25	0	-0.25	-0.25	-0.25	0	0	0	0	0	0	0	-0.25	0	-0.25	-0.25	-0.25	0	0	0	0	-0.25	0	-0.25	-0.25	0	0	-0.25	-0.25	-0.25	-0.25	-0.25	0	-0.25	0	0	0	-0.25	0
Sufu	0	0	-0.25	0	-0.25	-0.25	0	0	0	0	0	0	0	-0.25	0	-0.25	-0.25	-0.25	-0.25	-0.25	0	-0.25	0	0	-0.25	-0.25	0	-0.25	-0.25	-0.25	-0.25	-0.25	-0.25	-0.25	0	-0.25	-0.25	0	0	0	0	-0.25
Svep1	0	0	-0.25	0	0	0	-0.25	-0.25	-0.25	0	0	0	-0.25	0	0	-0.25	-0.25	0	0	0	0	0	0	0	0	0	0	0	0	0	0	0	0	0	0	0	0	0	0	0	0	0
Taf6l	-0.25	-0.25	-0.25	-0.25	0	-0.25	-0.25	-0.25	-0.25	-0.25	-0.25	-0.25	0	-0.25	0	-0.25	0	-0.25	-0.25	-0.25	-0.25	-0.25	-0.25	0	-0.25	-0.25	-0.25	0	-0.25	0	-0.25	-0.25	-0.25	-0.25	-0.25	-0.25	-0.25	-0.25	-0.25	-0.25	-0.25	0
Tbc1d10c	-0.25	0	0	-0.25	-0.25	-0.25	0	0	0	0	0	0	-0.25	-0.25	0	-0.25	-0.25	0	-0.25	-0.25	0	0	0	0	-0.25	-0.25	-0.25	0	-0.25	0	-0.25	-0.25	-0.25	-0.25	0	-0.25	-0.25	0	0	0	-0.25	0
Tbc1d25	-0.25	0	-0.25	-0.25	-0.25	-0.25	-0.25	-0.25	-0.25	-0.25	-0.25	-0.25	-0.25	-0.25	0	0	0	0	0	0	-0.25	0	-0.25	-0.25	-0.25	-0.25	-0.25	-0.25	-0.25	-0.25	-0.25	-0.25	-0.25	-0.25	0	-0.25	0	-0.25	-0.25	-0.25	-0.25	0
Tbc1d2b	-0.25	0	-0.25	-0.25	-0.25	-0.25	-0.25	-0.25	0	0	0	0	-0.25	-0.25	0	-0.25	-0.25	0	0	0	0	-0.25	0	0	-0.25	-0.25	0	-0.25	0	-0.25	-0.25	-0.25	-0.25	-0.25	-0.25	-0.25	0	0	0	0	-0.25	-0.25
Tceb1	0	0	0	0	0	0	0	0	0	0	0	0	0	0	0.25	0	0	0	0	0	0	0	0	0	0	0	0	0	0	0	0	0	0	0	0	0	0	0	0	0	0	0
Tdgf1	0	0	0	0	0	0	0	0	0	0	0	0	-0.25	0	0	-0.25	0	0	0	0	0	0	0	0	0	0	0	0	0	0	0	0	0	0	0	0	0	0	0	0	0	0
Tex264	0	-0.25	-0.25	0	-0.25	-0.25	0	0	0	0	0	0	-0.25	0	0	-0.25	0	0	-0.25	-0.25	0	0	0	0	0	0	0	-0.25	0	-0.25	-0.25	-0.25	-0.25	-0.25	-0.25	0	-0.25	0	0	0	-0.25	0
Tgfbr3	-0.25	0	0	0	0	0	0	0	0	0	0	0	0	0	0	0	0	0	0	0	0	0	0	0	-0.25	0	0	0	0	0	0	0	0	-0.25	0	0	0	0	0	0	0	0
Them4	0	0	0	-0.25	-0.25	-0.25	0	0	0	0	0	0	-0.25	0	0	-0.25	0	0	0	0	0	0	0	0	-0.25	0	0	-0.25	0	0	-0.25	-0.25	-0.25	-0.25	0	0	0	0	0	0	-0.25	0
Tjp1	0	0	0	0	0	0	-0.25	0	0	0	0	0	0	0	0	-0.25	-0.25	0	0	0	0	0	0	0	0	0	0	0	0	0	0	0	0	0	0	-0.25	0	0	0	0	0	0
Tlcd2	0	0	-0.25	-0.25	0	-0.25	0	0	0	0	0	0	-0.25	0	0	0	-0.25	0	-0.25	-0.25	0	-0.25	-0.25	-0.25	0	-0.25	-0.25	-0.25	0	-0.25	-0.25	-0.25	-0.25	-0.25	-0.25	0	-0.25	0	0	0	0	0
Tle1	0.25	0	0	0	0	0	0	0	0	0	0	0	0	0	0	0	0	0	0	0	0	0	0	0	0	0	0	0	0	0	0	0	0	0	0	0	0	0	0	0	0.25	0
Tmcc3	0	0	-0.25	0	-0.25	-0.25	-0.25	-0.25	-0.25	0	0	0	-0.25	-0.25	0	-0.25	-0.25	0	0	0	0	-0.25	0	0	0	0	0	0	-0.25	0	-0.25	-0.25	0	-0.25	0	0	-0.25	0	0	0	0	-0.25
Tmed5	0.25	0	0	0	0	0	0	0	0	0	0	0	0	0	0	0	0	0	0	0	0	0	0	0	0	0	0	0	0	0	0	0	0	0	0	0	0	0	0	0	0.25	0
Tmem115	0	0	0	0	0	0	0	0	0	0	0	0	0	0	0	0	0	0	0	0	0	0	0	0	0	0	0	0	0	0	0	0	0	0	0	0	0	0	0	0	0.25	0
Tmem161a	0	0	-0.25	0	0	-0.25	0	0	0	0	0	0	0	0	0	0	0	0	-0.25	0	0	0	0	0	0	0	0	-0.25	0	-0.25	-0.25	-0.25	0	0	0	0	0	0	0	0	0	-0.25
Tmem170	-0.25	0	-0.25	-0.25	-0.25	-0.25	0	0	0	0	0	0	-0.25	-0.25	0	-0.25	0	-0.25	-0.25	-0.25	0	0	0	0	-0.25	0	0	-0.25	-0.25	0	-0.25	-0.25	-0.25	-0.25	-0.25	0	-0.25	0	0	0	-0.25	0
Tmem204	0	0	-0.25	0	0	0	0	0	0	0	0	0	0	0	0	0	-0.25	0	0	0	0	0	0	0	0	0	-0.25	0	0	0	0	0	0	0	0	0	0	0	0	0	0	0
Tmem229b	-0.25	0	-0.25	-0.25	0	-0.25	-0.25	0	0	0	0	0	0	0	0	-0.25	-0.25	0	0	0	0	0	0	0	0	0	-0.25	0	-0.25	0	-0.25	0	-0.25	-0.25	0	-0.25	0	0	0	0	-0.25	0
Tmem26	0	0	0	0	0	0	0	0	0	0	0	0	0	0	0	-0.25	0	0	0	0	0	0	0	0	0	0	0	0	0	0	0	0	0	0	0	0	-0.25	0	0	0	0	0
Tnf	0	-0.25	-0.25	-0.25	0	-0.25	-0.25	-0.25	-0.25	-0.25	-0.25	-0.25	-0.25	-0.25	0	-0.25	-0.25	0	0	0	0	-0.25	-0.25	0	0	-0.25	-0.25	0	-0.25	0	-0.25	-0.25	-0.25	0	-0.25	-0.25	0	0	0	0	-0.25	0
Tprkb	0	0	-0.25	0	0	-0.25	0	-0.25	-0.25	-0.25	-0.25	0	0	-0.25	0	-0.25	0	0	0	0	0	0	0	0	0	0	0	0	-0.25	0	-0.25	-0.25	-0.25	-0.25	0	0	0	0	0	0	-0.25	0
Traf5	-0.25	0	-0.25	0	0	-0.25	-0.25	-0.25	-0.25	-0.25	-0.25	-0.25	0	-0.25	0	-0.25	-0.25	-0.25	-0.25	-0.25	0	-0.25	0	0	0	0	0	0	-0.25	0	-0.25	-0.25	-0.25	-0.25	-0.25	-0.25	-0.25	0	0	0	-0.25	0
Trappc5	0	0	-0.25	0	-0.25	-0.25	-0.25	-0.25	0	0	0	0	0	0	0	0	0	-0.25	-0.25	0	0	0	0	0	-0.25	0	0	0	0	-0.25	-0.25	0	-0.25	0	0	0	0	0	0	0	0	0
Trim14	-0.25	0	-0.25	-0.25	-0.25	-0.25	0	0	0	0	0	0	-0.25	-0.25	0	-0.25	-0.25	-0.25	-0.25	-0.25	0	0	0	0	-0.25	0	0	-0.25	-0.25	0	-0.25	-0.25	-0.25	-0.25	-0.25	0	-0.25	0	-0.25	0	-0.25	0
Trim2	0.25	0	0	0	0	0	0	0	0	0	0	0	0	0	0	0	0	0	0	0	0	0	0	0	0	0	0	0	0	0	0	0	0	0	0	0	0	0	0	0	0.25	0
Trim65	-0.25	0	-0.25	0	0	-0.25	-0.25	-0.25	0	0	0	0	-0.25	-0.25	0	-0.25	0	0	-0.25	-0.25	0	0	0	0	-0.25	0	0	0	-0.25	0	-0.25	0	0	-0.25	0	0	-0.25	0	0	0	0	0
Tsga10	0	0	0	0	0	0	0	0	0	0	0	0	0	0	0	0	0	0	0	0	0	0	0	0	0	0	0	0	0	0	0	0	0	0	0	0	0	0	0	0	0.25	0
Tspan4	0	0	-0.25	-0.25	0	-0.25	-0.25	0	0	0	0	0	0	0	0	-0.25	0	-0.25	-0.25	-0.25	0	-0.25	0	0	0	-0.25	0	0	-0.25	-0.25	-0.25	-0.25	-0.25	-0.25	-0.25	-0.25	-0.25	0	0	0	-0.25	0
Ttc7b	0.25	0	0	0	0	0	0	0	0	0	0	0	0	0	0	0	0	0	0	0	0	0	0	0	0	0	0	0	0	0	0	0	0	0	0	0	0	0	0	0	0.25	0
Ttyh2	0	-0.25	-0.25	0	0	-0.25	-0.25	0	-0.25	-0.25	-0.25	-0.25	-0.25	-0.25	0	-0.25	-0.25	-0.25	-0.25	-0.25	0	-0.25	-0.25	0	0	-0.25	-0.25	0	-0.25	0	-0.25	-0.25	-0.25	-0.25	-0.25	0	-0.25	-0.25	-0.25	-0.25	0	0
Txlnb	0.25	0	0	0	0	0	0	0	0	0	0	0	0	0	0	0	0	0	0	0	0	0	0	0	0	0	0	0	0	0	0	0	0	0	0	0	0	0	0	0	0	0
Ube2e3	0.25	0	0	0	0	0	0	0	0	0	0	0	0	0	0	0	0	0	0	0	0	0	0	0	0	0	0	0	0	0	0	0	0	0	0	0	0	0	0	0	0.25	0
Ube2t	-0.25	0	0	-0.25	0	-0.25	0	0	0	0	0	0	-0.25	-0.25	0	-0.25	0	0	0	0	0	0	-0.25	0	-0.25	-0.25	-0.25	-0.25	0	-0.25	-0.25	0	0	-0.25	0	0	0	0	0	0	0	0
Ubr7	-0.25	0	-0.25	-0.25	-0.25	-0.25	-0.25	0	0	0	-0.25	-0.25	-0.25	-0.25	0	-0.25	0	-0.25	-0.25	-0.25	0	0	0	0	-0.25	0	-0.25	0	0	0	-0.25	-0.25	-0.25	-0.25	0	-0.25	-0.25	0	0	0	-0.25	0
Uck1	0	0	0	0	-0.25	-0.25	-0.25	0	0	0	-0.25	0	0	-0.25	0	-0.25	0	0	0	0	0	0	0	0	-0.25	0	0	-0.25	0	0	-0.25	-0.25	-0.25	-0.25	0	0	-0.25	0	0	0	-0.25	0
Uhrf1bp1	-0.25	0	-0.25	-0.25	0	-0.25	-0.25	-0.25	0	0	-0.25	-0.25	-0.25	-0.25	0	-0.25	0	-0.25	-0.25	-0.25	0	0	0	0	-0.25	0	0	0	-0.25	0	-0.25	-0.25	-0.25	-0.25	-0.25	-0.25	-0.25	0	0	0	-0.25	0
Usp18	-0.25	0	-0.25	0	0	-0.25	-0.25	0	0	0	0	-0.25	-0.25	0	0	-0.25	-0.25	-0.25	-0.25	-0.25	0	0	0	0	-0.25	0	-0.25	0	0	0	-0.25	-0.25	-0.25	-0.25	-0.25	-0.25	-0.25	0	-0.25	0	-0.25	0
Usp35	0	0	0	0	0	0	0	0	0	0	0	0	0	0	0	0	0	0	0	0	0	0	0	0	0	0	0	0	0	0	0	0	0	0	0	0	0	0	0	0	0.25	0
Vdr	0.25	0	0	0	0	0	0	0	0	0	0	0	0	0	0	0	0	0	0	0	0	0	0	0	0	0	0	0	0	0	0	0	0	0	0	0	0	0	0	0	0.25	0
Vwa1	-0.25	0	-0.25	-0.25	-0.25	-0.25	-0.25	-0.25	0	0	0	0	0	-0.25	0	-0.25	0	-0.25	-0.25	0	0	0	0	0	-0.25	0	0	-0.25	0	0	-0.25	0	-0.25	-0.25	-0.25	-0.25	0	0	0	0	-0.25	0
Wdfy2	-0.25	0	0	-0.25	-0.25	-0.25	-0.25	0	-0.25	0	-0.25	-0.25	-0.25	-0.25	0	-0.25	-0.25	0	-0.25	0	0	-0.25	0	0	-0.25	0	-0.25	-0.25	-0.25	-0.25	-0.25	-0.25	-0.25	-0.25	0	-0.25	-0.25	0	0	0	0	-0.25
Wdr45	-0.25	0	-0.25	-0.25	-0.25	-0.25	-0.25	0	-0.25	-0.25	0	-0.25	-0.25	-0.25	0	-0.25	0	0	-0.25	-0.25	0	0	-0.25	-0.25	-0.25	-0.25	-0.25	-0.25	0	-0.25	-0.25	-0.25	-0.25	-0.25	0	0	-0.25	0	0	0	-0.25	-0.25
Wdr76	0	0	0	0	0	0	-0.25	-0.25	-0.25	-0.25	-0.25	-0.25	0	-0.25	0	0	0	0	0	0	0	0	0	0	0	0	0	0	-0.25	0	0	0	0	0	0	0	0	0	0	0	0	0
Wdr8	-0.25	0	-0.25	-0.25	-0.25	-0.25	-0.25	0	-0.25	-0.25	-0.25	0	-0.25	-0.25	0	-0.25	-0.25	-0.25	-0.25	-0.25	0	0	-0.25	-0.25	-0.25	-0.25	0	-0.25	-0.25	-0.25	-0.25	-0.25	-0.25	-0.25	-0.25	0	-0.25	0	0	0	-0.25	-0.25
Xcr1	0.25	0	0	0	0	0	0	0	0	0	0	0	0	0	0	0	0	0	0	0	0	0	0	0	0	0	0	0	0	0	0	0	0	0	0	0	0	0	0	0	0	0
Xkr8	0.25	0	0	0	0	0	0	0	0	0	0	0	0	0	0	0	0	0	0	0	0	0	0	0	0	0	0	0	0	0	0	0	0	0	0	0	0	0	0	0	0.25	0
Xylt1	0.25	0	0	0	0	0	0	0	0	0	0	0	0	0	0	0	0	0	0	0	0	0	0	0	0	0	0	0	0	0	0	0	0	0	0	0	0	0	0	0	0.25	0
Yod1	0.25	0	0	0	0	0	0	0	0	0	0	0	0	0	0	0	0	0	0	0	0	0	0	0	0	0	0	0	0	0	0	0	0	0	0	0	0	0	0	0	0.25	0
Zbtb22	0.25	0	0	0	0	0	0	0	0	0	0	0	0	0	0	0	0	0	0	0	0	0	0	0	0	0	0	0	0	0	0	0	0	0	0	0	0	0	0	0	0.25	0
Zc3hc1	0.25	0	0	0	0	0	0	0	0	0	0	0	0	0	0	0	0	0	0	0	0	0	0	0	0	0	0	0	0	0	0	0	0	0	0	0	0	0	0	0	0	0
Zfp12	0	0	0	0	-0.25	-0.25	0	0	0	0	0	0	0	0	0	0	0	0	0	0	0	0	0	0	-0.25	0	0	-0.25	0	0	0	0	0	0	0	0	0	0	0	0	0	0
Zfp213	-0.25	0	-0.25	0	-0.25	-0.25	-0.25	-0.25	-0.25	0	-0.25	-0.25	-0.25	-0.25	0	-0.25	-0.25	0	0	-0.25	0	0	-0.25	0	-0.25	-0.25	0	-0.25	-0.25	0	-0.25	-0.25	-0.25	-0.25	0	0	0	0	0	0	0	0
Zfp251	-0.25	0	-0.25	-0.25	-0.25	-0.25	0	0	-0.25	-0.25	-0.25	0	-0.25	-0.25	0	-0.25	0	-0.25	-0.25	-0.25	0	0	0	0	-0.25	0	0	-0.25	0	0	-0.25	-0.25	-0.25	-0.25	-0.25	-0.25	-0.25	0	0	0	0	0
Zfp276	-0.25	0	0	-0.25	-0.25	-0.25	-0.25	-0.25	0	0	0	-0.25	-0.25	-0.25	0	-0.25	0	0	-0.25	-0.25	0	0	0	0	-0.25	0	0	0	-0.25	0	-0.25	-0.25	-0.25	-0.25	0	-0.25	-0.25	0	0	0	-0.25	0
Zfp282	-0.25	0	-0.25	-0.25	0	-0.25	-0.25	-0.25	0	0	0	-0.25	-0.25	-0.25	0	-0.25	-0.25	-0.25	-0.25	-0.25	0	0	0	0	-0.25	0	0	0	-0.25	0	-0.25	-0.25	-0.25	-0.25	-0.25	0	-0.25	0	0	0	-0.25	0
Zfp386	0.25	0	0	0	0	0	0	0	0	0	0	0	0	0	0	0	0	0	0	0	0	0	0	0	0	0	0	0	0	0	0	0	0	0	0	0	0	0	0	0	0	0
Zfp41	0	0	0	0	0	-0.25	-0.25	0	0	0	0	0	0	-0.25	0	-0.25	0	-0.25	-0.25	-0.25	0	0	0	0	-0.25	0	0	0	0	0	-0.25	-0.25	-0.25	-0.25	-0.25	0	-0.25	0	0	0	0	0
Zfp51	0.25	0	0	0	0	0	0	0	0	0	0	0	0	0	0	0	0	0	0	0	0	0	0	0	0	0	0	0	0	0	0	0	0	0	0	0	0	0	0	0	0	0
Zfp61	-0.25	0	0	-0.25	0	-0.25	0	0	0	0	0	0	0	-0.25	0	-0.25	0	-0.25	-0.25	-0.25	0	0	0	0	-0.25	0	0	0	0	0	-0.25	-0.25	-0.25	-0.25	0	0	-0.25	0	0	0	-0.25	0
Zfp623	0	0	0	0	0	-0.25	-0.25	-0.25	0	0	-0.25	0	0	0	0	0	0	0	0	0	0	0	0	0	0	0	0	0	-0.25	0	0	0	0	0	0	0	0	0	0	0	0	0
Zfp691	0	0	-0.25	0	0	-0.25	-0.25	0	-0.25	0	0	0	0	0	0	-0.25	0	0	0	0	0	0	0	0	0	0	0	0	0	0	-0.25	0	-0.25	-0.25	0	-0.25	0	0	0	0	0	0
Zfp839	0	0	-0.25	0	-0.25	-0.25	-0.25	0	-0.25	0	-0.25	-0.25	0	-0.25	0	-0.25	0	-0.25	-0.25	-0.25	0	0	0	0	-0.25	0	-0.25	0	0	0	-0.25	-0.25	-0.25	-0.25	-0.25	-0.25	-0.25	0	0	0	0	-0.25
Zfp963	0.25	0	0	0	0	0	0	0	0	0	0	0	0	0	0	0	0	0	0	0	0	0	0	0	0	0	0	0	0	0	0	0	0	0	0	0	0	0	0	0	0	0
Zhx2	0.25	0	0	0	0	0	0	0	0	0	0	0	0	0	0	0	0	0	0	0	0	0	0	0	0	0	0	0	0	0	0	0	0	0	0	0	0	0	0	0	0	0
Zmynd15	0.25	0	0	0	0	0	0	0	0	0	0	0	0	0	0	0	0	0	0	0	0	0	0	0	0	0	0	0	0	0	0	0	0	0	0	0	0	0	0	0	0	0
