	Atf2	Atf3	Bclaf1	Creb1	Ctcf	E2f1	E2f4	E2f6	Egr1	Egr2	Egr3	Elf1	Elk1	Ets1	Etv6	Fos	Gabpa	Hey1	Hic1	Irf1	Jund	Klf13	Klf16	Klf4	Klf5	Klf7	Myc	Nfya	Nfyb	Nrf1	Pbx3	Pou2f1	Rest	Rfx5	Setdb1	Smarcc2	Sp1	Sp2	Sp3	Sp4	Srf	Taf1	Tbp	Zfp523
1110058l19rik	0	0	0	0	0	0	0	-0.25	-0.25	0	0	0	0	0	0	0	0	0	0	0	0	0	0	0	-0.25	0	0	0	0	-0.25	0	0	0	0	-0.25	0	-0.25	0	0	0	-0.25	0	0	0
1110059g10rik	0	0.25	0	0	0	0.25	0	0	0.25	0	0	0	0	0	0	0	0	0	0	0.25	0	0	0	0.25	0	0.25	0	0	0	0	0	0	0	0	0	0	0	0	0	0	0	0.25	0	0
1500011b03rik	0	0	0	0	0	0	0	0	-0.25	-0.25	-0.25	-0.25	-0.25	-0.25	0	0	0	0	0	-0.25	0	0	-0.75	-0.25	-0.25	-0.25	-0.25	0	0	0	0	0	0	0	-0.25	0	-0.25	-0.25	-0.25	-0.25	0	0	-0.25	0
1700001g17rik	0	0	-0.25	0	-0.25	-0.25	0	-0.25	-0.25	0	0	-0.25	0	0	-0.25	0	-0.25	0	0	-0.25	0	0	-0.75	-0.25	-0.25	-0.25	0	0	0	0	0	0	-0.25	0	0	0	-0.25	-0.25	-0.25	-0.25	-0.25	0	-0.25	0
1810026j23rik	0	0	-0.25	0	-0.25	-0.25	-0.25	-0.25	-0.25	0	0	-0.25	0	-0.25	-0.25	0	-0.25	0	0	-0.25	0	0	0	-0.25	0	0	0	0	0	-0.25	-0.25	0	0	0	-0.25	0	-0.25	0	-0.25	-0.25	0	0	0	0
2210417a02rik	0	0	0	0	0	0	0	0	0.25	0	0	0	0	0	0	0	0	0.25	0	0.25	0	0.25	0.75	0.25	0	0.25	0	0	0	0	0	0	0	0	0	0	0.25	0	0.25	0.25	0	0.25	0	0
2510009e07rik	0	0	0	0	-0.25	0	0	-0.25	-0.25	0	0	-0.25	0	-0.25	0	0	-0.25	0	0	0	0	0	0	-0.25	0	0	0	0	0	-0.25	-0.25	0	-0.25	0	-0.25	0	-0.25	-0.25	-0.25	-0.25	0	0	0	0
2810417h13rik	0	0	-0.25	0	0	0	-0.25	0	-0.25	-0.25	-0.25	-0.25	-0.25	-0.25	-0.25	0	-0.25	0	0	0	0	0	0	0	0	0	0	0	0	0	0	0	0	0	0	0	-0.25	-0.25	-0.25	-0.25	0	0	0	0
4930427a07rik	0	0	-0.25	0	-0.25	0	-0.25	-0.25	-0.25	0	0	-0.25	0	-0.25	-0.25	-0.25	-0.25	0	0	-0.25	0	0	0	-0.25	0	0	0	-0.25	-0.25	-0.25	-0.25	0	-0.25	-0.25	-0.25	0	-0.25	-0.25	-0.25	0	0	0	-0.25	0
4930513n10rik	0	0	0	0	0	0	0	0	0.25	0	0	0	0	0	0	0	0	0	0	0.25	0	0	0	0	0	0	0	0.25	0	0	0.25	0	0	0	0	0	0.25	0.25	0.25	0	0	0	0	0
4930594c11rik	0	0	0	0	0	0	0	0	0	0	0	0	0	0	0	0	0	0	0	0.25	0	0	0	0.25	0	0	0	0	0	0	0	0	0	0	0	0	0	0	0	0	0	0	0	0
4931406h21rik	0	0	0	0	0	0	0	0	0	0	0	0	0	0	0	0	0	0	0	0	0.25	0	0	0	0	0	0	0	0	0	0	0	0	0	0	0	0	0	0	0	0	0	0	0
4931414p19rik	0	0	-0.25	0	-0.25	-0.25	-0.25	0	-0.25	0	0	0	0	0	0	-0.25	-0.25	0	0	-0.25	0	0	-0.75	-0.25	-0.25	-0.25	0	0	0	-0.25	0	0	0	0	0	0	-0.25	-0.25	-0.25	-0.25	0	0	-0.25	0
6330403a02rik	0	0.25	0	0	0	0	0	0	0.25	0	0	0	0	0	0	0	0	0	0	0	0	0	0	0	0	0	0	0	0	0	0	0	0	0	0	0	0	0	0	0	0	0	0	0
6330407a03rik	0	0	0	0	0	0	0	0	0	0	0	0	0	0	0	0	0	0	0	0.25	0.25	0	0	0	0.25	0	0	0	0	0	0	0	0	0	0	0	0.25	0	0	0	0	0.25	0	0
6330416g13rik	0	0	-0.25	0	0	-0.25	-0.25	-0.25	-0.25	0	0	-0.25	0	-0.25	-0.25	-0.25	-0.25	0	-0.25	-0.25	0	0	0	0	0	0	-0.25	0	0	0	0	0	0	0	0	0	0	-0.25	0	-0.25	0	0	0	0
8430408g22rik	0	0	0	0	-0.25	0	0	0	0	0	0	0	0	0	0	-0.25	0	0	0	0	0	0	0	-0.25	0	0	0	0	0	0	0	0	0	0	0	0	0	0	0	0	0	0	0	0
9130230l23rik	0	0.25	0	0	0	0	0	0	0.25	0	0	0	0	0	0	0	0	0	0	0.25	0.25	0	0	0	0	0	0	0.25	0	0	0	0	0	0	0	0	0.25	0	0	0.25	0	0	0	0
9430015g10rik	0	0	0	0	0	-0.25	-0.25	-0.25	-0.25	-0.25	-0.25	0	0	-0.25	0	-0.25	0	0	0	0	0	0	-0.75	-0.25	0	0	0	-0.25	0	0	-0.25	0	0	0	-0.25	-0.25	-0.25	-0.25	-0.25	-0.25	0	0	0	-0.25
9530082p21rik	0	0	-0.25	0	-0.25	-0.25	-0.25	0	-0.25	0	0	-0.25	0	-0.25	0	0	0	0	0	-0.25	0	0	0	0	-0.25	0	-0.25	0	0	0	0	0	-0.25	-0.25	0	0	-0.25	-0.25	-0.25	-0.25	0	0	-0.25	0
9930104l06rik	0	0	0	0	-0.25	0	0	0	-0.25	0	0	0	0	-0.25	0	0	0	0	0	-0.25	0	0	0	0	0	-0.25	0	0	0	0	0	0	0	0	-0.25	-0.25	-0.25	0	0	0	0	0	-0.25	0
9930111j21rik1	0	0	0	0	0	0	0	0	-0.25	0	0	0	0	-0.25	0	0	0	0	0	0	0	0	0	0	0	0	0	0	0	0	0	0	0	0	0	0	0	0	0	0	-0.25	0	0	0
A930013f10rik	0	0	0	0	0	0	0	0	0	0	0	0	0	0	0	0	0	0	0	0.25	0	0	0	0	0	0	0	0	0	0	0	0	0	0	0	0	0	0	0	0	0	0	0	0
Aa388235	0	0	0	0	-0.25	-0.25	-0.25	0	0	0	0	0	-0.25	0	0	-0.25	0	0	0	-0.25	0	0	0	0	0	0	-0.25	-0.25	-0.25	-0.25	-0.25	0	0	-0.25	0	-0.25	0	0	0	0	0	0	0	0
Acad11	0	0	-0.25	0	-0.25	0	0	0	-0.25	0	0	-0.25	-0.25	-0.25	-0.25	-0.25	-0.25	0	0	-0.25	0	0	-0.75	0	0	-0.25	0	0	0	0	0	0	0	-0.25	0	-0.25	-0.25	-0.25	-0.25	-0.25	0	0	0	0
Acad9	0	0	0	0	-0.25	0	0	0	-0.25	0	0	-0.25	-0.25	-0.25	-0.25	0	-0.25	0	0	-0.25	0	0	0	0	0	0	0	0	0	0	0	0	-0.25	0	-0.25	0	0	0	0	0	0	0	0	0
Acot7	0	0	-0.25	0	-0.25	-0.25	-0.25	-0.25	-0.25	-0.25	-0.25	-0.25	0	-0.25	0	-0.25	-0.25	0	-0.25	-0.25	0	0	-0.75	-0.25	-0.25	-0.25	0	-0.25	-0.25	-0.25	-0.25	0	-0.25	0	-0.25	0	-0.25	-0.25	-0.25	-0.25	-0.25	0	-0.25	0
Acoxl	0	0.25	0	0.25	0	0.25	0	0	0.25	0	0	0	0	0	0	0	0	0.25	0	0.25	0.25	0	0.75	0.25	0.25	0	0	0.25	0	0	0.25	0	0	0	0	0	0.25	0.25	0.25	0.25	0	0.25	0	0
Actr8	0	0	0	0	-0.25	-0.25	-0.25	-0.25	-0.25	0	0	-0.25	-0.25	-0.25	-0.25	-0.25	-0.25	0	-0.25	-0.25	0	0	0	-0.25	-0.25	-0.25	0	-0.25	0	-0.25	-0.25	0	-0.25	-0.25	-0.25	0	-0.25	-0.25	-0.25	-0.25	0	0	-0.25	0
Adam33	0	0	0	0	-0.25	0	0	0	-0.25	0	0	0	0	0	0	0	0	0	0	0	0	0	0	0	0	0	0	0	0	0	0	0	-0.25	0	0	0	0	0	0	0	0	0	0	0
Adamts14	0	0	0	0	0	0.25	0	0	0.25	0	0	0	0	0	0	0	0	0	0	0	0.25	0	0	0.25	0	0	0	0	0	0	0.25	0	0	0	0	0	0.25	0	0.25	0	0	0.25	0	0
Adamts2	0	0	0	0	-0.25	0	0	0	0	0	0	-0.25	-0.25	0	0	0	0	0	0	-0.25	0	0	0	0	0	0	0	0	0	0	0	0	0	0	0	0	0	0	0	0	0	0	0	0
Adat3	0	0	0	0	-0.25	-0.25	0	0	-0.25	0	0	-0.25	-0.25	-0.25	0	0	-0.25	0	-0.25	-0.25	0	0	0	-0.25	-0.25	-0.25	0	0	0	-0.25	0	0	0	0	-0.25	-0.25	-0.25	0	0	-0.25	0	0	-0.25	0
Adck1	0	0	0	0	0	0	-0.25	0	-0.25	-0.25	0	-0.25	0	-0.25	0	0	0	0	0	-0.25	0	0	-0.75	-0.25	-0.25	-0.25	-0.25	0	0	-0.25	0	0	0	0	-0.25	-0.25	-0.25	-0.25	-0.25	-0.25	0	0	-0.25	0
Adck5	0	0	0	0	-0.25	0	-0.25	0	-0.25	-0.25	-0.25	-0.25	0	-0.25	0	0	-0.25	0	0	-0.25	0	0	-0.75	-0.25	-0.25	-0.25	0	0	0	-0.25	0	0	-0.25	0	-0.25	0	-0.25	-0.25	-0.25	-0.25	0	0	-0.25	-0.25
Adcy6	0	0	0	0	-0.25	0	0	0	0	0	0	0	0	-0.25	0	0	0	0	0	0	0	0	0	0	0	0	0	0	0	0	0	0	0	0	0	0	0	0	0	0	0	0	0	0
Adi1	0	0	-0.25	0	0	-0.25	0	0	-0.25	0	0	0	0	0	0	0	-0.25	0	0	0	0	0	0	0	0	-0.25	0	0	0	-0.25	-0.25	0	-0.25	0	0	0	-0.25	-0.25	-0.25	-0.25	0	0	0	0
Adpgk	0	0	0	0	0	0	0	0	0	0	0	0	0	0	0	0	0	0	-0.25	-0.25	0	0	0	0	0	0	0	0	0	0	0	0	-0.25	0	0	0	-0.25	-0.25	0	-0.25	0	0	0	0
Afmid	0	0.25	0	0.25	0	0	0	0	0.25	0	0	0	0	0	0	0	0	0.25	0	0.25	0.25	0	0.75	0.25	0.25	0.25	0	0	0	0	0	0	0	0	0	0	0.25	0.25	0.25	0.25	0	0	0	0
Agbl5	0	0.25	0	0	0	0.25	0	0	0.25	0	0	0	0	0	0	0	0	0	0	0.25	0	0.25	0.75	0.25	0.25	0.25	0	0	0	0	0	0	0	0	0	0	0.25	0.25	0.25	0.25	0	0.25	0	0
Agpat4	0.25	0	0	0	0	0.25	0	0	0.25	0	0	0	0	0	0	0	0	0	0	0.25	0.25	0.25	0	0.25	0	0	0	0.25	0	0	0.25	0	0	0	0	0	0.25	0	0.25	0	0	0.25	0	0
Ahrr	0	0	-0.25	0	-0.25	0	0	0	-0.25	0	0	-0.25	-0.25	-0.25	-0.25	0	-0.25	0	0	-0.25	0	0	-0.75	-0.25	-0.25	-0.25	0	0	0	0	0	0	-0.25	-0.25	0	0	-0.25	-0.25	-0.25	-0.25	-0.25	0	-0.25	0
Ahsa1	0	0	-0.25	0	0	0	0	0	-0.25	0	0	-0.25	-0.25	-0.25	-0.25	0	-0.25	0	0	-0.25	0	0	0	0	0	0	0	0	0	0	0	0	-0.25	0	-0.25	-0.25	-0.25	0	-0.25	0	0	0	0	-0.25
Ai462493	0	0	-0.25	0	-0.25	-0.25	-0.25	-0.25	-0.25	0	0	-0.25	-0.25	0	-0.25	0	-0.25	0	-0.25	-0.25	0	0	-0.75	-0.25	-0.25	-0.25	-0.25	-0.25	0	-0.25	0	0	-0.25	-0.25	0	0	-0.25	-0.25	-0.25	-0.25	-0.25	0	-0.25	0
Ai467606	0	0	0	0	0	0	0	0	-0.25	0	0	-0.25	0	-0.25	0	0	-0.25	0	0	-0.25	0	0	-0.75	-0.25	-0.25	0	0	0	0	0	0	0	0	-0.25	0	0	-0.25	-0.25	-0.25	0	0	0	-0.25	0
Ai846148	0	0.25	0	0	0	0	0	0	0	0	0	0	0	0	0	0	0	0.25	0	0.25	0	0.25	0.75	0.25	0.25	0.25	0	0.25	0	0	0.25	0	0	0	0	0	0.25	0.25	0.25	0.25	0	0	0	0
Akap8l	0	0	-0.25	0	-0.25	-0.25	0	-0.25	-0.25	-0.25	-0.25	-0.25	0	-0.25	0	-0.25	0	0	0	-0.25	0	0	-0.75	-0.25	-0.25	-0.25	0	-0.25	0	-0.25	-0.25	0	-0.25	-0.25	-0.25	0	-0.25	-0.25	-0.25	-0.25	-0.25	0	-0.25	0
Akr7a5	0	0	0	0	-0.25	0	0	-0.25	-0.25	0	0	0	0	-0.25	0	-0.25	0	0	0	-0.25	0	0	0	0	0	0	0	0	0	-0.25	0	0	-0.25	0	-0.25	-0.25	-0.25	-0.25	-0.25	-0.25	0	0	0	0
Aldob	0	0	0	0	0	0	0	0	0	0	0	0	0	0	0	-0.25	0	0	0	0	0	0	0	0	0	0	-0.25	0	0	0	0	0	0	0	0	0	0	0	0	0	0	0	0	0
Amica1	0	0	0	0	0	0	0	0	-0.25	0	0	-0.25	-0.25	-0.25	0	-0.25	-0.25	0	0	-0.25	0	0	0	0	0	0	0	0	0	0	-0.25	0	0	0	0	0	0	-0.25	0	0	0	0	0	0
Ampd2	0	0	-0.25	0	-0.25	0	-0.25	0	-0.25	0	0	-0.25	0	-0.25	0	-0.25	-0.25	0	0	-0.25	0	0	-0.75	-0.25	-0.25	-0.25	-0.25	0	0	-0.25	0	0	-0.25	-0.25	0	0	-0.25	-0.25	-0.25	-0.25	0	0	-0.25	0
Angptl1	0	0	0	0	0	0	0	0	0	0	0	0	0	0	0	0	0	0	0	0	0	0	0	0	0	0	0	0	0	0	0	0	0	0	0	0	0	0	0	0	0	0.25	0	0
Ankrd28	0	0.25	0	0	0	0.25	0	0	0.25	0	0	0	0	0	0	0	0	0.25	0	0.25	0.25	0	0.75	0.25	0.25	0.25	0	0.25	0	0	0.25	0	0	0	0	0	0.25	0.25	0.25	0.25	0	0.25	0	0
Ankrd50	0	0.25	0	0	0	0.25	0	0	0.25	0	0	0	0	0	0	0	0	0.25	0	0.25	0	0	0	0.25	0.25	0.25	0	0	0	0	0	0	0	0	0	0	0.25	0.25	0.25	0.25	0	0	0	0
Ankzf1	0	0.25	0	0	0	0.25	0	0	0.25	0	0	0	0	0	0	0	0	0.25	0	0.25	0.25	0	0	0	0	0	0	0.25	0	0	0.25	0	0	0	0	0	0.25	0.25	0	0.25	0	0	0	0
Ano1	0	0.25	0	0	0	0.25	0	0	0.25	0	0	0	0	0	0	0	0	0	0	0.25	0.25	0.25	0	0	0	0	0	0	0	0	0	0	0	0	0	0	0.25	0.25	0.25	0.25	0	0.25	0	0
Aoc2	0	0.25	0	0	0	0.25	0	0	0.25	0	0	0	0	0	0	0	0	0.25	0	0	0	0	0	0	0	0	0	0.25	0	0	0	0	0	0	0	0	0	0.25	0	0.25	0	0	0	0
Apbb2	0	0	-0.25	0	-0.25	-0.25	0	0	-0.25	0	0	-0.25	-0.25	-0.25	0	0	-0.25	0	0	-0.25	0	0	0	0	0	0	0	0	0	-0.25	0	0	-0.25	-0.25	0	0	-0.25	-0.25	-0.25	-0.25	0	0	0	0
Apex2	0	0	-0.25	0	-0.25	0	0	-0.25	-0.25	-0.25	0	-0.25	0	-0.25	-0.25	0	-0.25	0	0	0	0	0	0	0	0	0	0	0	0	0	0	0	0	0	0	0	-0.25	-0.25	-0.25	-0.25	0	0	0	0
Aplnr	0	0	0	0	0	-0.25	0	0	0	0	0	0	0	0	0	0	0	0	0	0	0	0	0	0	0	0	0	0	0	0	0	0	0	0	0	0	0	0	0	0	0	0	0	0
Aptx	0.25	0.25	0	0.25	0	0.25	0	0	0	0	0	0	0	0	0	0	0	0.25	0	0	0.25	0.25	0.75	0	0	0	0	0	0	0	0	0	0	0	0	0	0	0	0	0	0	0.25	0	0
Arc	0	0	-0.25	0	-0.25	-0.25	0	0	-0.25	0	0	0	0	0	0	-0.25	0	0	0	-0.25	0	0	0	0	0	0	0	-0.25	0	0	0	0	0	0	0	0	-0.25	-0.25	-0.25	-0.25	-0.25	0	0	0
Arhgap32	0.25	0.25	0	0.25	0	0.25	0	0	0.25	0	0	0	0	0	0	0	0	0.25	0	0	0.25	0	0	0	0	0	0	0	0	0	0	0	0	0	0	0	0	0	0	0	0	0.25	0	0
Arhgef10	0	0	0	0	-0.25	-0.25	-0.25	0	-0.25	-0.25	0	-0.25	0	-0.25	0	-0.25	-0.25	0	0	-0.25	0	0	-0.75	-0.25	-0.25	-0.25	-0.25	-0.25	-0.25	-0.25	-0.25	0	0	-0.25	0	0	-0.25	-0.25	-0.25	-0.25	0	0	0	0
Arid3b	0	0	-0.25	0	-0.25	-0.25	-0.25	0	-0.25	-0.25	0	-0.25	0	0	0	-0.25	-0.25	0	-0.25	-0.25	0	0	-0.75	-0.25	-0.25	-0.25	0	-0.25	0	-0.25	-0.25	0	-0.25	0	0	0	-0.25	-0.25	-0.25	-0.25	0	0	-0.25	0
Arl6	0	0	0	0	-0.25	-0.25	0	0	0	0	0	-0.25	0	-0.25	-0.25	-0.25	0	0	0	-0.25	0	0	-0.75	-0.25	0	-0.25	0	0	0	-0.25	0	0	0	-0.25	0	0	-0.25	0	-0.25	-0.25	0	0	0	0
Asap2	0	0.25	0	0	0	0	0	0	0.25	0	0	0	0	0	0	0	0	0.25	0	0.25	0	0	0.75	0.25	0.25	0.25	0	0.25	0	0	0.25	0	0	0	0	0	0.25	0.25	0.25	0.25	0	0.25	0	0
Asb2	0	0	-0.25	0	-0.25	0	0	0	0	0	0	0	-0.25	-0.25	0	-0.25	0	0	0	0	0	0	0	0	0	0	0	0	0	0	0	0	0	0	0	0	0	-0.25	0	0	-0.25	0	0	0
Asb8	0	0	0	0	0	0	0	0	0.25	0	0	0	0	0	0	0	0	0	0	0.25	0	0	0	0	0	0	0	0	0	0	0	0	0	0	0	0	0	0	0	0	0	0	0	0
Asgr2	0	0	-0.25	0	0	0	0	0	-0.25	0	0	-0.25	-0.25	-0.25	0	-0.25	-0.25	0	0	-0.25	0	0	0	0	0	0	0	0	0	0	0	0	-0.25	-0.25	0	0	0	0	0	0	-0.25	0	0	0
Ash2l	0	0	-0.25	0	-0.25	-0.25	0	0	-0.25	0	0	0	0	-0.25	0	-0.25	0	0	0	-0.25	0	0	0	0	0	0	0	0	0	0	0	0	-0.25	0	0	0	-0.25	-0.25	0	-0.25	-0.25	0	0	0
Aspm	0	0.25	0	0	0	0	0	0	0.25	0	0	0	0	0	0	0	0	0	0	0	0	0	0	0	0	0	0	0.25	0	0	0.25	0	0	0	0	0	0.25	0.25	0.25	0.25	0	0	0	0
Atf3	0	0	0	0	-0.25	-0.25	-0.25	-0.25	-0.25	-0.25	0	-0.25	0	-0.25	0	-0.25	-0.25	0	-0.25	-0.25	0	0	-0.75	-0.25	-0.25	-0.25	-0.25	-0.25	0	-0.25	-0.25	0	-0.25	-0.25	0	0	-0.25	-0.25	-0.25	-0.25	-0.25	0	-0.25	-0.25
Atg9b	0	0	-0.25	0	-0.25	0	-0.25	0	-0.25	0	0	-0.25	-0.25	-0.25	0	-0.25	-0.25	0	-0.25	-0.25	0	0	-0.75	-0.25	-0.25	-0.25	-0.25	-0.25	-0.25	0	-0.25	0	-0.25	-0.25	-0.25	-0.25	-0.25	-0.25	-0.25	-0.25	-0.25	0	-0.25	0
Atl1	0	0	-0.25	0	-0.25	-0.25	-0.25	0	-0.25	0	0	-0.25	0	-0.25	0	0	-0.25	0	-0.25	-0.25	0	0	0	0	0	0	-0.25	0	0	-0.25	0	0	-0.25	0	0	0	-0.25	-0.25	-0.25	-0.25	0	0	-0.25	0
Atp1b2	0	0	0	0	0	0	0	0	-0.25	-0.25	0	0	0	0	0	0	0	0	0	0	0	0	0	0	0	0	0	0	0	0	0	0	-0.25	0	0	0	-0.25	0	0	-0.25	0	0	-0.25	0
Au022252	0	0	-0.25	0	-0.25	0	0	-0.25	-0.25	-0.25	-0.25	0	0	-0.25	0	-0.25	0	0	0	-0.25	0	0	0	-0.25	-0.25	-0.25	0	0	0	-0.25	0	0	-0.25	0	-0.25	0	-0.25	-0.25	-0.25	-0.25	0	0	-0.25	0
B3galnt1	0	0	0	0	-0.25	0	0	0	0	-0.25	0	0	0	0	0	0	0	0	0	0	0	0	0	0	0	0	0	0	0	0	0	0	-0.25	0	0	0	0	0	0	0	0	0	0	0
B3galt6	0	0	-0.25	0	-0.25	-0.25	0	-0.25	-0.25	0	0	-0.25	0	0	0	0	-0.25	0	0	0	0	0	0	0	0	0	-0.25	-0.25	0	-0.25	0	0	-0.25	0	-0.25	0	-0.25	-0.25	0	0	-0.25	0	0	0
B430212c06rik	0	0	0	0	0	0	0	0	0	0	0	0	0	0	0	0	0	0	0	0	0.25	0	0	0	0	0	0	0	0	0	0	0	0	0	0	0	0	0	0	0	0	0	0	0
B430306n03rik	0	0	0	0	0	0	0	0	-0.25	0	0	-0.25	0	-0.25	0	0	0	0	0	0	0	0	0	0	0	0	0	0	0	0	0	0	0	0	0	0	0	0	0	0	0	0	0	0
Bc030307	0	0.25	0	0	0	0.25	0	0	0.25	0	0	0	0	0	0	0	0	0	0	0.25	0.25	0	0.75	0.25	0.25	0.25	0	0.25	0	0	0.25	0	0	0	0	0	0.25	0.25	0.25	0.25	0	0	0	0
Bc037032	0	0	-0.25	0	-0.25	-0.25	-0.25	0	-0.25	0	0	-0.25	0	-0.25	0	0	0	0	-0.25	0	0	0	0	0	-0.25	0	-0.25	0	0	-0.25	0	0	0	0	0	0	0	-0.25	0	0	-0.25	0	0	0
Bc048546	0	0	0	0	0	0	0	0	0	0	0	0	0	0	0	0	0	0	0	0	0	0	0	0	0	0	0	0	0	0	0	0	0	0	0	0	0	0	0.25	0	0	0	0	0
Bcl2	0	0.25	0	0	0	0.25	0	0	0.25	0	0	0	0	0	0	0	0	0.25	0	0.25	0.25	0.25	0	0	0	0	0	0.25	0	0	0.25	0	0	0	0	0	0.25	0.25	0.25	0.25	0	0.25	0	0
Bcl2l1	0	0	-0.25	0	-0.25	-0.25	0	0	-0.25	0	0	-0.25	-0.25	-0.25	-0.25	0	-0.25	0	-0.25	-0.25	0	0	-0.75	-0.25	-0.25	0	0	-0.25	0	0	-0.25	0	-0.25	-0.25	0	0	-0.25	-0.25	-0.25	-0.25	0	0	-0.25	0
Bcl2l15	0	0	0	0	-0.25	0	0	0	-0.25	-0.25	0	-0.25	-0.25	-0.25	0	-0.25	0	0	0	-0.25	0	0	0	0	0	0	0	0	0	0	-0.25	0	-0.25	0	0	-0.25	0	0	0	0	0	0	0	0
Bco2	0	0	-0.25	0	-0.25	0	0	0	-0.25	-0.25	-0.25	-0.25	0	-0.25	-0.25	-0.25	-0.25	0	-0.25	-0.25	0	0	-0.75	-0.25	-0.25	-0.25	-0.25	0	0	-0.25	0	0	-0.25	0	0	0	-0.25	-0.25	-0.25	-0.25	0	0	-0.25	0
Bend4	0	0.25	0	0	0	0.25	0	0	0.25	0	0	0	0	0	0	0	0	0.25	0	0.25	0	0.25	0.75	0.25	0.25	0.25	0	0	0	0	0.25	0	0	0	0	0	0.25	0.25	0.25	0.25	0	0.25	0	0
Bgn	0	0	0	0	-0.25	0	0	0	0	0	0	0	0	0	0	0	0	0	0	0	0	0	0	0	0	0	0	0	0	0	0	0	0	0	0	0	0	0	0	0	0	0	0	0
Birc5	0	0	0	0	0	0	0	0	-0.25	0	0	-0.25	-0.25	-0.25	0	0	-0.25	0	0	-0.25	0	0	-0.75	-0.25	0	-0.25	0	0	0	-0.25	0	0	-0.25	0	-0.25	-0.25	-0.25	-0.25	-0.25	-0.25	-0.25	0	0	-0.25
Bloc1s2	0	0	-0.25	0	0	-0.25	0	-0.25	-0.25	0	0	-0.25	-0.25	-0.25	0	-0.25	-0.25	0	-0.25	0	0	0	0	-0.25	-0.25	-0.25	0	0	0	-0.25	0	0	0	0	-0.25	0	-0.25	-0.25	-0.25	-0.25	-0.25	0	-0.25	0
Btg2	0	0	0	0	0	-0.25	-0.25	-0.25	-0.25	-0.25	0	-0.25	-0.25	-0.25	0	-0.25	0	0	0	0	0	0	0	0	0	0	-0.25	-0.25	0	-0.25	-0.25	0	-0.25	-0.25	0	0	-0.25	-0.25	-0.25	-0.25	-0.25	0	0	0
C1qa	0	0	0	0	-0.25	0	0	0	-0.25	-0.25	0	-0.25	0	0	-0.25	0	0	0	0	0	0	0	-0.75	0	0	-0.25	0	0	0	0	0	0	0	0	0	0	-0.25	0	-0.25	0	0	0	0	0
C1qtnf1	0	0	-0.25	0	-0.25	0	0	-0.25	-0.25	0	0	-0.25	0	0	-0.25	-0.25	-0.25	0	-0.25	0	0	0	0	0	0	0	0	0	0	-0.25	0	0	0	0	-0.25	0	0	0	0	0	0	0	0	0
C1qtnf3	0	0	-0.25	0	0	0	-0.25	-0.25	-0.25	0	0	-0.25	-0.25	-0.25	0	0	-0.25	0	0	-0.25	0	0	-0.75	-0.25	-0.25	-0.25	0	0	0	-0.25	0	0	-0.25	0	-0.25	0	-0.25	-0.25	-0.25	-0.25	0	0	-0.25	0
Cacnb3	0	0	0	0	0	0	0	0	0.25	0	0	0	0	0	0	0	0	0	0	0.25	0.25	0	0	0	0	0	0	0	0	0	0	0	0	0	0	0	0.25	0.25	0.25	0.25	0	0	0	0
Calhm2	0	0	-0.25	0	0	0	0	0	-0.25	0	0	-0.25	0	-0.25	0	0	0	0	0	0	0	0	0	0	0	0	0	0	0	0	0	0	-0.25	0	0	0	0	0	0	0	0	0	0	0
Caml	0	0.25	0	0	0	0.25	0	0	0.25	0	0	0	0	0	0	0	0	0	0	0.25	0	0	0	0	0	0	0	0	0	0	0	0	0	0	0	0	0	0.25	0.25	0	0	0	0	0
Cand2	0	0	-0.25	0	-0.25	-0.25	-0.25	0	-0.25	0	0	-0.25	-0.25	-0.25	-0.25	0	-0.25	0	-0.25	0	0	0	0	0	0	0	0	0	0	-0.25	0	0	0	0	0	0	0	0	-0.25	0	0	0	0	-0.25
Capn3	0	0	-0.25	0	-0.25	0	0	0	-0.25	0	0	-0.25	0	-0.25	0	0	-0.25	0	-0.25	-0.25	0	0	0	0	0	0	-0.25	0	0	0	0	0	-0.25	0	0	0	0	0	0	0	-0.25	0	-0.25	0
Car13	0	0	0	0	-0.25	0	0	0	-0.25	0	0	0	0	0	0	-0.25	0	0	-0.25	-0.25	0	0	0	-0.25	-0.25	-0.25	-0.25	0	0	0	0	0	-0.25	0	-0.25	0	-0.25	-0.25	-0.25	-0.25	-0.25	0	-0.25	0
Carns1	0	0	0	0	-0.25	0	-0.25	0	-0.25	0	0	-0.25	0	-0.25	0	-0.25	0	0	0	-0.25	0	0	-0.75	-0.25	-0.25	-0.25	0	-0.25	-0.25	0	-0.25	0	0	-0.25	-0.25	-0.25	-0.25	-0.25	-0.25	-0.25	-0.25	0	-0.25	0
Casr	0	0	0	0	-0.25	0	0	0	-0.25	-0.25	0	0	0	0	0	-0.25	0	0	0	0	0	0	0	0	0	0	0	0	0	0	0	0	-0.25	-0.25	0	-0.25	-0.25	-0.25	-0.25	0	0	0	-0.25	0
Cbwd1	0	0	0	0	0	0	0	0	0.25	0	0	0	0	0	0	0	0	0	0	0.25	0.25	0.25	0.75	0	0	0	0	0	0	0	0	0	0	0	0	0	0	0.25	0	0.25	0	0	0	0
Ccbl2	0	0	0	0	-0.25	0	0	0	0	0	0	-0.25	0	0	0	0	0	0	0	-0.25	0	0	0	-0.25	0	-0.25	0	-0.25	0	0	0	0	0	0	0	0	-0.25	0	-0.25	0	0	0	0	0
Ccdc102a	0	0	-0.25	0	-0.25	0	-0.25	0	-0.25	-0.25	0	0	0	-0.25	0	-0.25	0	0	0	-0.25	0	0	-0.75	-0.25	-0.25	0	-0.25	-0.25	-0.25	-0.25	-0.25	0	-0.25	0	0	0	-0.25	-0.25	-0.25	-0.25	0	0	-0.25	0
Ccdc124	0	0	0	0	-0.25	-0.25	-0.25	-0.25	-0.25	-0.25	-0.25	-0.25	0	0	0	-0.25	-0.25	0	-0.25	-0.25	0	0	-0.75	-0.25	-0.25	-0.25	0	0	0	-0.25	0	0	-0.25	-0.25	-0.25	0	-0.25	-0.25	-0.25	-0.25	-0.25	0	-0.25	0
Ccdc137	0	0	-0.25	0	0	0	-0.25	-0.25	-0.25	0	0	-0.25	0	-0.25	-0.25	-0.25	-0.25	0	0	-0.25	0	0	0	0	0	0	0	-0.25	-0.25	-0.25	-0.25	0	-0.25	-0.25	-0.25	0	-0.25	-0.25	0	-0.25	0	0	0	0
Ccdc142	0	0	-0.25	0	-0.25	-0.25	-0.25	0	-0.25	0	0	-0.25	-0.25	-0.25	-0.25	-0.25	-0.25	0	-0.25	0	0	0	0	-0.25	-0.25	-0.25	0	0	0	-0.25	0	0	-0.25	0	0	0	-0.25	-0.25	-0.25	-0.25	-0.25	0	-0.25	-0.25
Ccdc17	0	0	0	0	0	0	0	0	0	0	0	0	0	0	0	0	0	0	0	0	0.25	0	0	0	0	0	0	0	0	0	0	0	0	0	0	0	0.25	0	0.25	0.25	0	0	0	0
Ccdc58	0	0	-0.25	0	0	0	-0.25	0	-0.25	-0.25	-0.25	0	0	0	0	-0.25	0	0	0	-0.25	0	0	-0.75	-0.25	-0.25	-0.25	0	-0.25	-0.25	0	-0.25	0	-0.25	0	0	0	-0.25	-0.25	-0.25	-0.25	-0.25	0	-0.25	0
Ccdc64b	0	0	-0.25	0	-0.25	0	-0.25	-0.25	-0.25	-0.25	-0.25	-0.25	-0.25	-0.25	-0.25	-0.25	-0.25	0	0	-0.25	0	0	-0.75	-0.25	-0.25	0	0	0	0	-0.25	0	0	-0.25	0	-0.25	-0.25	-0.25	-0.25	-0.25	-0.25	-0.25	0	-0.25	0
Ccdc80	0	0	0	0	-0.25	0	0	0	0	0	0	0	0	0	0	-0.25	0	0	0	0	0	0	0	0	0	0	0	0	0	0	0	0	0	0	0	0	0	0	0	0	-0.25	0	0	0
Ccl3	0	0	0	0	-0.25	0	0	0	-0.25	0	0	-0.25	-0.25	-0.25	0	0	-0.25	0	0	-0.25	0	0	0	0	0	0	-0.25	0	0	0	0	0	-0.25	0	0	0	0	-0.25	0	0	0	0	-0.25	0
Ccl4	0	0	0	0	0	0	0	0	0	0	0	0	0	0	0	0	0	0	0	-0.25	0	0	0	0	0	0	0	0	0	0	-0.25	0	-0.25	0	0	0	0	0	0	0	0	0	0	0
Cd101	0	0	0	0	0	0	0	0	0.25	0	0	0	0	0	0	0	0	0	0	0.25	0.25	0	0	0	0	0	0	0	0	0	0	0	0	0	0	0	0	0	0	0	0	0.25	0	0
Cd2	0	0	0	0	-0.25	0	0	0	0	0	0	0	-0.25	0	0	-0.25	0	0	-0.25	-0.25	0	0	0	0	0	0	0	0	0	0	0	0	0	-0.25	0	0	0	0	-0.25	-0.25	0	0	0	0
Cd320	0	0	0	0	0	0	0	0	0.25	0	0	0	0	0	0	0	0	0.25	0	0.25	0	0	0.75	0	0	0	0	0	0	0	0.25	0	0	0	0	0	0.25	0.25	0.25	0	0	0	0	0
Cd3g	0	0	-0.25	0	-0.25	0	0	-0.25	-0.25	0	0	-0.25	-0.25	-0.25	0	-0.25	-0.25	0	0	-0.25	0	0	0	-0.25	-0.25	-0.25	0	0	0	-0.25	0	0	-0.25	0	-0.25	0	-0.25	-0.25	-0.25	-0.25	0	0	-0.25	0
Cd4	0	0	-0.25	0	-0.25	0	0	0	-0.25	0	0	-0.25	0	0	0	0	0	0	-0.25	-0.25	0	0	0	0	0	0	0	0	0	0	0	0	-0.25	0	0	0	0	-0.25	-0.25	-0.25	-0.25	0	0	0
Cd72	0	0	-0.25	0	-0.25	-0.25	-0.25	0	-0.25	-0.25	-0.25	-0.25	-0.25	-0.25	0	0	-0.25	0	-0.25	-0.25	0	0	-0.75	-0.25	-0.25	-0.25	-0.25	0	0	0	0	0	-0.25	0	0	0	-0.25	-0.25	-0.25	-0.25	-0.25	0	-0.25	0
Cd81	0	0	-0.25	0	0	-0.25	0	0	-0.25	0	0	-0.25	-0.25	-0.25	-0.25	0	-0.25	0	-0.25	-0.25	0	0	0	0	0	0	0	0	0	0	0	0	0	0	-0.25	0	-0.25	-0.25	0	0	0	0	0	0
Cdc42bpa	0	0	-0.25	0	0	-0.25	-0.25	0	-0.25	0	0	-0.25	0	-0.25	0	-0.25	-0.25	0	0	-0.25	0	0	-0.75	-0.25	-0.25	-0.25	0	0	0	-0.25	0	0	-0.25	0	-0.25	0	-0.25	-0.25	-0.25	-0.25	0	0	-0.25	0
Cdca8	0	0	0	0	-0.25	0	0	0	-0.25	0	0	0	0	-0.25	0	0	0	0	0	-0.25	0	0	0	0	0	-0.25	0	0	0	0	0	0	0	0	-0.25	-0.25	-0.25	0	0	0	0	0	-0.25	0
Cdh5	0	0	0	0	0	0	0	0	0	0	0	0	0	0	0	0	0	0	0	0.25	0.25	0	0	0	0	0	0	0	0	0	0	0	0	0	0	0	0	0	0	0	0	0.25	0	0
Cdk7	0	0	0	0	-0.25	0	0	0	-0.25	0	0	-0.25	-0.25	-0.25	-0.25	0	-0.25	0	0	-0.25	0	0	-0.75	-0.25	-0.25	-0.25	-0.25	0	0	0	-0.25	0	-0.25	0	0	0	-0.25	-0.25	-0.25	-0.25	-0.25	0	-0.25	0
Cdkl2	0	0	-0.25	0	-0.25	0	-0.25	0	0	0	0	-0.25	0	-0.25	0	-0.25	-0.25	0	-0.25	-0.25	0	0	-0.75	-0.25	-0.25	-0.25	0	-0.25	-0.25	0	-0.25	0	-0.25	-0.25	0	0	-0.25	-0.25	-0.25	-0.25	0	0	-0.25	0
Cdt1	0	0.25	0	0	0	0.25	0	0	0.25	0	0	0	0	0	0	0	0	0.25	0	0.25	0	0	0.75	0.25	0.25	0.25	0	0	0	0	0	0	0	0	0	0	0.25	0.25	0	0.25	0	0	0	0
Cenpt	0	0	-0.25	0	-0.25	-0.25	0	0	-0.25	0	0	-0.25	0	-0.25	-0.25	0	-0.25	0	0	-0.25	0	0	0	0	-0.25	-0.25	0	0	0	0	0	0	0	-0.25	-0.25	-0.25	-0.25	-0.25	-0.25	-0.25	0	0	0	-0.25
Chmp6	0	0	0	0	-0.25	-0.25	-0.25	0	-0.25	0	0	0	0	0	0	-0.25	-0.25	0	-0.25	-0.25	0	0	0	0	-0.25	-0.25	0	0	0	-0.25	0	0	-0.25	0	0	0	-0.25	-0.25	-0.25	-0.25	-0.25	0	-0.25	0
Chordc1	0	0	0	0	0	0	0	0	0	0	0	0	0	0	-0.25	0	0	0	0	0	0	0	0	0	0	0	0	0	0	-0.25	0	0	0	0	0	0	0	-0.25	0	0	0	0	0	0
Chst14	0	0	0	0	0	-0.25	-0.25	0	-0.25	0	0	0	0	0	0	0	0	0	-0.25	-0.25	0	0	0	0	-0.25	0	0	0	0	0	0	0	-0.25	0	0	0	-0.25	-0.25	-0.25	0	-0.25	0	-0.25	0
Chst3	0	0	0	0	0	0	0	0	0	0	0	0	0	0	0	0	0	0	0	0	0	0	0	0	-0.25	0	0	0	0	0	0	0	0	0	0	0	-0.25	-0.25	0	0	0	0	0	0
Chst7	0	0	0	0	0	0	0	0	0	0	0	0	0	0	0	0	0	0	0	-0.25	0	0	0	0	0	0	0	-0.25	-0.25	0	-0.25	0	-0.25	0	0	0	-0.25	-0.25	0	-0.25	0	0	0	0
Cit	0	0	0	0	-0.25	-0.25	-0.25	-0.25	-0.25	-0.25	-0.25	-0.25	0	0	0	-0.25	0	0	0	-0.25	0	0	0	0	0	0	0	-0.25	-0.25	0	-0.25	0	0	-0.25	0	0	-0.25	0	0	0	0	0	0	0
Clcf1	0	0.25	0	0	0	0	0	0	0.25	0	0	0	0	0	0	0	0	0	0	0	0.25	0	0.75	0	0	0.25	0	0.25	0	0	0	0	0	0	0	0	0.25	0.25	0.25	0.25	0	0.25	0	0
Cldn1	0	0.25	0	0	0	0	0	0	0	0	0	0	0	0	0	0	0	0	0	0.25	0.25	0	0	0	0	0	0	0	0	0	0	0	0	0	0	0	0.25	0.25	0.25	0	0	0	0	0
Cnnm2	0	0.25	0	0.25	0	0.25	0	0	0.25	0	0	0	0	0	0	0	0	0.25	0	0.25	0.25	0.25	0.75	0.25	0.25	0.25	0	0.25	0	0	0.25	0	0	0	0	0	0.25	0.25	0.25	0.25	0	0.25	0	0
Col14a1	0	0	0	0	0	0	0	0	-0.25	0	0	-0.25	0	-0.25	0	-0.25	-0.25	0	0	-0.25	0	0	0	0	0	0	0	0	0	-0.25	0	0	-0.25	0	0	0	-0.25	-0.25	-0.25	-0.25	0	0	0	0
Col17a1	0	0	0	0	0	0	0	0	0	0	0	0	0	0	0	0	0	0	0	0.25	0	0	0	0	0	0	0	0	0	0	0	0	0	0	0	0	0	0	0	0	0	0	0	0
Col18a1	0	0	0	0	-0.25	0	0	0	0	0	0	0	0	0	0	0	0	0	0	0	0	0	0	0	0	0	0	0	0	0	0	0	0	0	0	0	0	0	0	0	0	0	0	0
Col1a1	0	0	0	0	-0.25	0	0	0	0	0	0	0	0	0	0	0	0	0	-0.25	0	0	0	-0.75	0	0	-0.25	0	0	0	0	0	0	0	0	0	0	-0.25	0	-0.25	-0.25	0	0	0	0
Col1a2	0	0	0	0	-0.25	0	0	0	0	0	0	0	0	0	0	0	0	0	0	0	0	0	0	0	0	0	0	0	0	0	0	0	0	0	0	0	0	0	0	0	0	0	0	0
Col23a1	0	0.25	0	0.25	0	0	0	0	0.25	0	0	0	0	0	0	0	0	0	0	0.25	0	0	0	0.25	0.25	0	0	0	0	0	0	0	0	0	0	0	0.25	0.25	0.25	0.25	0	0	0	0
Col8a1	0	0	0	0	-0.25	0	0	0	-0.25	0	0	0	0	0	0	0	0	0	0	0	0	0	0	0	0	0	0	0	0	0	0	0	0	0	0	0	-0.25	-0.25	0	-0.25	0	0	0	0
Commd2	0	0	0	0	0	-0.25	0	0	-0.25	0	0	0	-0.25	0	0	-0.25	-0.25	0	0	-0.25	0	0	0	-0.25	-0.25	-0.25	-0.25	0	0	0	0	0	-0.25	0	0	0	-0.25	-0.25	-0.25	-0.25	-0.25	0	-0.25	0
Coq3	0	0	-0.25	0	0	-0.25	-0.25	0	0	0	0	0	0	0	0	0	-0.25	0	-0.25	0	0	0	0	0	0	0	0	0	0	-0.25	0	0	0	0	-0.25	0	-0.25	0	0	0	0	0	0	0
Coro2b	0	0	0	0	0	0	0	0	0	0	0	0	0	0	0	0	0	0	0	0.25	0	0	0	0	0	0	0	0	0	0	0	0	0	0	0	0	0.25	0	0.25	0	0	0	0	0
Cpox	0	0	0	0	-0.25	0	0	0	-0.25	0	0	0	0	-0.25	0	0	0	0	0	0	0	0	0	0	0	0	-0.25	0	0	0	0	0	0	0	-0.25	-0.25	0	0	0	0	0	0	0	0
Crtc3	0	0	0	0	0	0	0	0	0.25	0	0	0	0	0	0	0	0	0.25	0	0.25	0.25	0	0.75	0.25	0.25	0.25	0	0	0	0	0.25	0	0	0	0	0	0.25	0.25	0.25	0.25	0	0.25	0	0
Csf1	0	0	0	0	-0.25	0	0	0	-0.25	0	0	0	0	-0.25	0	-0.25	0	0	0	-0.25	0	0	0	0	0	0	0	0	0	0	0	0	-0.25	0	0	-0.25	-0.25	0	-0.25	-0.25	0	0	0	0
Ctla2b	0	0	0	0	0	0	0	0	0	0	0	0	0	-0.25	0	-0.25	0	0	0	-0.25	0	0	0	0	0	0	0	0	0	0	0	-0.33	-0.25	0	0	0	0	0	0	0	-0.25	0	0	0
Ctla4	0	0	0	0	0	0	0	0	0.25	0	0	0	0	0	0	0	0	0	0	0.25	0.25	0	0	0	0	0	0	0	0	0	0	0	0	0	0	0	0	0	0	0	0	0.25	0	0
Cul7	0	0	-0.25	0	-0.25	0	-0.25	-0.25	-0.25	0	0	-0.25	0	0	0	-0.25	-0.25	0	0	-0.25	0	0	-0.75	-0.25	-0.25	-0.25	-0.25	-0.25	0	-0.25	-0.25	0	-0.25	0	-0.25	0	-0.25	-0.25	-0.25	-0.25	-0.25	0	-0.25	0
Cwf19l1	0	0	-0.25	0	0	-0.25	0	-0.25	-0.25	0	0	0	0	-0.25	-0.25	0	-0.25	0	0	-0.25	0	0	0	0	0	0	-0.25	0	0	-0.25	-0.25	0	0	0	0	0	-0.25	0	0	-0.25	-0.25	0	0	0
Cxcl1	0	0	0	0	-0.25	0	0	0	-0.25	-0.25	-0.25	0	0	0	0	-0.25	0	0	0	-0.25	0	0	0	0	0	0	-0.25	0	0	0	0	0	-0.25	-0.25	0	0	-0.25	0	-0.25	0	0	0	0	0
Cyb5d1	0	0	0	0	-0.25	0	0	-0.25	-0.25	0	0	0	-0.25	-0.25	-0.25	0	0	0	0	0	0	0	0	0	0	-0.25	0	-0.25	-0.25	-0.25	-0.25	0	-0.25	-0.25	-0.25	-0.25	-0.25	0	-0.25	0	0	0	0	-0.25
Cyp2s1	0	0	0	0	0	0	0	0	0.25	0	0	0	0	0	0	0	0	0	0	0	0	0	0	0	0	0	0	0	0	0	0	0	0	0	0	0	0	0	0	0	0	0.25	0	0
D10bwg1379e	0	0	0	0	0	0	0	0	0	0	0	0	0	0	0	0	0	0	0	0	0	0	0	0	0	0	0	0	0	0	0	0	0	0	0	0	0	0	0	0.25	0	0	0	0
D3ertd254e	0	0.25	0	0.25	0	0.25	0	0	0.25	0	0	0	0	0	0	0	0	0	0	0.25	0	0	0	0	0	0	0	0.25	0	0	0.25	0	0	0	0	0	0.25	0.25	0.25	0.25	0	0	0	0
D3ertd751e	0	0.25	0	0	0	0.25	0	0	0.25	0	0	0	0	0	0	0	0	0.25	0	0.25	0.25	0	0.75	0	0	0.25	0	0.25	0	0	0	0	0	0	0	0	0.25	0.25	0.25	0.25	0	0.25	0	0
D630045j12rik	0	0	0	0	0	0.25	0	0	0.25	0	0	0	0	0	0	0	0	0.25	0	0.25	0	0	0	0	0	0	0	0	0	0	0	0	0	0	0	0	0.25	0.25	0.25	0.25	0	0	0	0
Dab2ip	0	0	-0.25	0	0	-0.25	0	0	-0.25	0	0	0	0	-0.25	0	-0.25	-0.25	0	0	0	0	0	0	0	0	0	0	0	0	-0.25	0	0	0	0	0	0	-0.25	0	0	-0.25	0	0	-0.25	0
Dact3	0	0.25	0	0	0	0.25	0	0	0.25	0	0	0	0	0	0	0	0	0.25	0	0.25	0	0.25	0.75	0.25	0.25	0.25	0	0	0	0	0	0	0	0	0	0	0.25	0.25	0.25	0.25	0	0.25	0	0
Dcps	0	0	-0.25	0	-0.25	-0.25	-0.25	-0.25	-0.25	-0.25	-0.25	-0.25	-0.25	-0.25	-0.25	-0.25	-0.25	0	0	-0.25	0	0	-0.75	-0.25	-0.25	-0.25	-0.25	-0.25	-0.25	0	-0.25	0	-0.25	0	-0.25	-0.25	-0.25	-0.25	-0.25	-0.25	-0.25	0	-0.25	0
Ddr2	0	0	-0.25	0	0	0	-0.25	0	0	0	0	0	0	-0.25	0	0	-0.25	0	0	-0.25	0	0	0	0	0	0	-0.25	-0.25	-0.25	0	-0.25	0	0	0	0	0	-0.25	-0.25	-0.25	-0.25	-0.25	0	-0.25	0
Ddx31	0	0	-0.25	0	0	0	0	0	0	-0.25	0	-0.25	-0.25	0	-0.25	0	-0.25	0	0	0	0	0	0	0	0	0	-0.25	0	0	0	0	0	-0.25	-0.25	0	0	-0.25	-0.25	-0.25	-0.25	0	0	0	0
Dennd5b	0	0.25	0	0	0	0.25	0	0	0.25	0	0	0	0	0	0	0	0	0.25	0	0.25	0	0	0.75	0	0.25	0	0	0	0	0	0	0	0	0	0	0	0.25	0.25	0.25	0.25	0	0.25	0	0
Dffa	0	0	0	0	0	0	0	0	-0.25	0	0	0	0	-0.25	0	0	-0.25	0	0	-0.25	0	0	-0.75	-0.25	-0.25	-0.25	0	0	0	0	0	0	-0.25	0	-0.25	-0.25	-0.25	-0.25	-0.25	-0.25	-0.25	0	-0.25	0
Dfna5	0	0	0	0	-0.25	-0.25	-0.25	-0.25	-0.25	0	0	-0.25	0	-0.25	0	-0.25	0	0	0	-0.25	0	0	0	0	0	0	0	-0.25	0	-0.25	0	0	0	0	-0.25	0	0	0	0	0	0	0	0	0
Dhcr24	0	0	0	0	0	0	0	0	0	0	0	0	0	0	0	0	0	0	0	0	0	0	0	0	0	0	0	0.25	0	0	0.25	0	0	0	0	0	0.25	0	0	0	0	0.25	0	0
Dhx35	0	0.25	0	0	0	0.25	0	0	0.25	0	0	0	0	0	0	0	0	0.25	0	0.25	0.25	0.25	0.75	0.25	0.25	0.25	0	0.25	0	0	0.25	0	0	0	0	0	0.25	0.25	0.25	0.25	0	0.25	0	0
Dll4	0	0	0	0	0	0	0	0	0.25	0	0	0	0	0	0	0	0	0.25	0	0.25	0	0	0	0	0	0	0	0	0	0	0	0	0	0	0	0	0.25	0.25	0.25	0.25	0	0.25	0	0
Dnajb1	0	0	0	0	-0.25	-0.25	-0.25	0	-0.25	0	0	0	-0.25	-0.25	0	0	0	0	0	-0.25	0	0	-0.75	-0.25	-0.25	-0.25	0	-0.25	0	-0.25	-0.25	0	0	0	-0.25	0	-0.25	-0.25	-0.25	-0.25	-0.25	0	-0.25	0
Dock3	0	0	-0.25	0	-0.25	-0.25	-0.25	-0.25	-0.25	-0.25	-0.25	-0.25	0	0	0	-0.25	-0.25	0	-0.25	-0.25	0	0	0	-0.25	-0.25	-0.25	-0.25	-0.25	-0.25	-0.25	-0.25	0	-0.25	-0.25	-0.25	0	-0.25	-0.25	-0.25	-0.25	-0.25	0	-0.25	0
Dok2	0	0	-0.25	0	-0.25	-0.25	0	-0.25	-0.25	-0.25	0	-0.25	0	-0.25	0	-0.25	-0.25	0	-0.25	0	0	0	0	0	0	0	-0.25	0	0	-0.25	0	0	-0.25	-0.25	-0.25	-0.25	-0.25	-0.25	-0.25	-0.25	-0.25	0	0	0
Dolk	0	0	0	0	-0.25	0	-0.25	0	-0.25	-0.25	-0.25	0	0	0	0	0	0	0	0	-0.25	0	0	-0.75	-0.25	-0.25	-0.25	-0.25	0	0	-0.25	0	0	0	0	0	0	-0.25	-0.25	-0.25	-0.25	0	0	-0.25	0
Dos	0.25	0.25	0	0.25	0	0.25	0	0	0.25	0	0	0	0	0	0	0	0	0.25	0	0.25	0.25	0	0	0.25	0.25	0.25	0	0	0	0	0	0	0	0	0	0	0.25	0.25	0.25	0.25	0	0.25	0	0
Dpy19l3	0	0	-0.25	0	-0.25	-0.25	-0.25	0	-0.25	-0.25	-0.25	-0.25	-0.25	-0.25	-0.25	0	-0.25	0	0	-0.25	0	0	-0.75	-0.25	-0.25	-0.25	-0.25	0	0	-0.25	0	0	-0.25	-0.25	0	0	-0.25	-0.25	-0.25	-0.25	-0.25	0	-0.25	0
Dpy30	0	0	-0.25	0	-0.25	-0.25	-0.25	-0.25	-0.25	0	0	-0.25	-0.25	0	0	-0.25	-0.25	0	-0.25	-0.25	0	0	0	-0.25	-0.25	-0.25	-0.25	0	0	-0.25	0	0	-0.25	0	-0.25	0	-0.25	-0.25	-0.25	-0.25	-0.25	0	-0.25	0
Dscam	0	0.25	0	0	0	0.25	0	0	0.25	0	0	0	0	0	0	0	0	0	0	0.25	0.25	0	0	0	0	0	0	0.25	0	0	0.25	0	0	0	0	0	0	0	0	0	0	0	0	0
Dscc1	0.25	0.25	0	0.25	0	0.25	0	0	0.25	0	0	0	0	0	0	0	0	0.25	0	0.25	0.25	0.25	0	0	0	0.25	0	0	0	0	0.25	0	0	0	0	0	0.25	0.25	0.25	0.25	0	0.25	0	0
Dtnbp1	0	0.25	0	0	0	0.25	0	0	0.25	0	0	0	0	0	0	0	0	0.25	0	0.25	0.25	0	0.75	0.25	0.25	0.25	0	0	0	0	0	0	0	0	0	0	0.25	0.25	0.25	0.25	0	0.25	0	0
Dtx3l	0	0	0	0	-0.25	0	0	0	-0.25	0	0	-0.25	0	-0.25	0	-0.25	-0.25	0	0	-0.25	0	0	0	0	0	0	0	0	0	0	0	0	-0.25	0	0	0	-0.25	0	0	0	0	0	0	0
Dusp23	0	0	0	0	-0.25	-0.25	-0.25	0	-0.25	-0.25	-0.25	-0.25	0	-0.25	0	0	-0.25	0	-0.25	-0.25	0	0	-0.75	-0.25	-0.25	-0.25	-0.25	0	0	-0.25	0	0	0	0	0	0	-0.25	-0.25	-0.25	-0.25	-0.25	0	-0.25	0
Dusp8	0	0	-0.25	0	-0.25	-0.25	-0.25	0	-0.25	0	0	-0.25	0	0	0	-0.25	0	0	0	-0.25	0	0	0	-0.25	-0.25	-0.25	-0.25	-0.25	-0.25	-0.25	-0.25	0	-0.25	-0.25	0	-0.25	-0.25	-0.25	-0.25	-0.25	-0.25	0	-0.25	-0.25
E030024n20rik	0	0	0	0	0	0	0	0	0	0	0	0	0	0	0	0	0	0	0	0	0	0	0	0	0	0	0	0	0	0	0.25	0	0	0	0	0	0	0	0	0	0	0	0	0
E2f7	0	0.25	0	0	0	0.25	0	0	0.25	0	0	0	0	0	0	0	0	0.25	0	0.25	0	0	0.75	0.25	0.25	0.25	0	0	0	0	0	0	0	0	0	0	0.25	0.25	0.25	0.25	0	0.25	0	0
E2f8	0	0	-0.25	0	-0.25	-0.25	-0.25	-0.25	-0.25	-0.25	0	-0.25	0	0	0	-0.25	-0.25	0	0	0	0	0	0	0	0	0	0	-0.25	-0.25	-0.25	-0.25	0	-0.25	-0.25	0	0	-0.25	0	-0.25	-0.25	0	0	0	0
E330009j07rik	0	0	0	0	-0.25	-0.25	0	-0.25	-0.25	-0.25	0	-0.25	0	-0.25	0	0	0	0	-0.25	-0.25	0	0	-0.75	-0.25	-0.25	-0.25	-0.25	0	0	0	0	0	-0.25	0	0	0	-0.25	-0.25	-0.25	-0.25	-0.25	0	-0.25	0
E330033b04rik	0	0	-0.25	0	0	-0.25	0	0	-0.25	-0.25	0	0	-0.25	-0.25	0	0	0	0	0	0	0	0	0	-0.25	-0.25	-0.25	0	0	0	0	0	0	-0.25	0	0	0	-0.25	0	0	0	0	0	-0.25	0
Eaf2	0.25	0.25	0	0.25	0	0.25	0	0	0.25	0	0	0	0	0	0	0	0	0.25	0	0.25	0.25	0	0.75	0.25	0.25	0.25	0	0.25	0	0	0.25	0	0	0	0	0	0.25	0.25	0.25	0.25	0	0.25	0	0
Ebf1	0	0	0	0	-0.25	0	-0.25	0	0	0	0	0	0	0	0	0	0	0	0	0	0	0	0	0	0	0	0	-0.25	0	0	-0.25	0	0	0	0	0	0	0	0	0	0	0	0	0
Ecm1	0	0	0	0	0	-0.25	-0.25	-0.25	0	0	0	-0.25	0	0	0	-0.25	0	0	0	0	0	0	0	0	0	0	0	0	0	0	0	0	-0.25	0	0	0	-0.25	-0.25	0	-0.25	0	0	0	0
Efhc1	0	0.25	0	0	0	0.25	0	0	0.25	0	0	0	0	0	0	0	0	0	0	0.25	0	0	0	0	0	0	0	0	0	0	0	0	0	0	0	0	0.25	0.25	0.25	0.25	0	0.25	0	0
Efhd1	0	0	0	0	0	-0.25	-0.25	-0.25	0	0	0	0	0	0	0	0	0	0	0	-0.25	0	0	0	0	0	0	0	0	0	0	0	0	0	0	0	0	0	0	0	0	0	0	0	0
Egf	0.25	0.25	0	0.25	0	0.25	0	0	0.25	0	0	0	0	0	0	0	0	0.25	0	0.25	0.25	0	0.75	0.25	0.25	0.25	0	0	0	0	0	0	0	0	0	0	0.25	0	0	0	0	0.25	0	0
Egr1	0	0	-0.25	0	-0.25	-0.25	0	0	-0.25	-0.25	-0.25	-0.25	-0.25	-0.25	0	0	-0.25	0	-0.25	-0.25	0	0	0	0	-0.25	-0.25	0	0	0	-0.25	0	0	-0.25	-0.25	0	0	-0.25	-0.25	-0.25	-0.25	-0.25	0	-0.25	0
Eif2b3	0	0	0	0	0	0	0	0	0.25	0	0	0	0	0	0	0	0	0.25	0	0	0	0	0	0	0	0	0	0	0	0	0	0	0	0	0	0	0	0	0	0.25	0	0	0	0
Elmo3	0	0	-0.25	0	0	-0.25	0	0	-0.25	0	0	-0.25	0	0	-0.25	-0.25	-0.25	0	0	0	0	0	0	0	0	0	-0.25	0	0	0	0	0	0	0	0	0	0	0	0	-0.25	0	0	0	0
Eln	0	0	0	0	-0.25	0	0	0	0	0	0	-0.25	0	-0.25	0	0	0	0	0	0	0	0	0	0	0	0	0	0	0	0	0	0	0	0	0	0	0	0	0	0	-0.25	0	0	0
Enkur	0	0	0	0	0	0	0	-0.25	-0.25	0	0	-0.25	0	-0.25	-0.25	0	0	0	-0.25	-0.25	0	0	0	-0.25	-0.25	-0.25	-0.25	0	0	-0.25	0	0	0	-0.25	-0.25	0	-0.25	-0.25	-0.25	-0.25	-0.25	0	-0.25	0
Enpp1	0	0.25	0	0	0	0	0	0	0.25	0	0	0	0	0	0	0	0	0.25	0	0.25	0	0	0	0	0	0	0	0	0	0	0	0	0	0	0	0	0.25	0	0.25	0.25	0	0.25	0	0
Ercc6l	0	0	0	0	0	0	0	0	0.25	0	0	0	0	0	0	0	0	0	0	0	0	0	0	0.25	0.25	0.25	0	0	0	0	0	0	0	0	0	0	0.25	0	0	0	0	0	0	0
Erg	0	0	0	0	0	0	0	0	0.25	0	0	0	0	0	0	0	0	0	0	0.25	0.25	0.25	0.75	0.25	0	0.25	0	0	0	0	0	0	0	0	0	0	0.25	0	0.25	0.25	0	0	0	0
Eya1	0	0	0	0	0	0	0	0	0	0	0	0	0	0	0	0	0	0	0	0	0	0	0	0	0	0	0	0	0	0	0	0	0	0	0	0	0.25	0	0.25	0	0	0.25	0	0
F11r	0	0	0	0	-0.25	0	0	0	-0.25	0	0	0	0	0	0	-0.25	0	0	0	-0.25	0	0	0	0	0	0	-0.25	-0.25	-0.25	0	0	0	-0.25	0	0	-0.25	-0.25	0	0	0	0	0	-0.25	0
F8	0	0.25	0	0	0	0.25	0	0	0.25	0	0	0	0	0	0	0	0	0	0	0	0	0	0	0	0	0	0	0	0	0	0	0	0	0	0	0	0.25	0.25	0.25	0.25	0	0	0	0
Faah	0	0	0	0	-0.25	0	0	0	0	0	-0.25	0	0	0	0	0	0	0	-0.25	0	0	0	0	0	0	0	0	0	0	0	0	0	0	0	0	0	0	0	0	0	0	0	0	0
Fam131a	0	0	-0.25	0	-0.25	0	0	0	-0.25	-0.25	0	0	0	-0.25	-0.25	0	0	0	-0.25	0	0	0	0	0	0	0	0	0	0	0	0	0	-0.25	0	-0.25	0	-0.25	-0.25	-0.25	0	0	0	0	0
Fam195a	0	0	-0.25	0	0	0	-0.25	-0.25	-0.25	-0.25	0	0	0	-0.25	0	0	-0.25	0	-0.25	-0.25	0	0	-0.75	0	0	0	0	0	0	-0.25	0	0	0	-0.25	-0.25	-0.25	-0.25	-0.25	-0.25	-0.25	0	0	-0.25	0
Fam3c	0	0	-0.25	0	-0.25	-0.25	0	0	-0.25	-0.25	-0.25	-0.25	0	-0.25	0	-0.25	-0.25	0	0	0	0	0	0	0	0	0	-0.25	-0.25	-0.25	-0.25	-0.25	0	-0.25	-0.25	0	0	-0.25	-0.25	-0.25	-0.25	0	0	0	0
Fam57a	0	0	-0.25	0	-0.25	0	-0.25	0	-0.25	0	0	-0.25	-0.25	0	-0.25	-0.25	-0.25	0	-0.25	-0.25	0	0	0	0	0	-0.25	0	0	0	-0.25	0	0	-0.25	-0.25	0	0	-0.25	0	-0.25	-0.25	0	0	0	-0.25
Fam65a	0	0	-0.25	0	-0.25	-0.25	-0.25	-0.25	-0.25	0	0	-0.25	0	-0.25	0	-0.25	-0.25	0	-0.25	-0.25	0	0	-0.75	-0.25	-0.25	-0.25	-0.25	0	0	-0.25	0	0	-0.25	-0.25	0	0	-0.25	-0.25	-0.25	-0.25	-0.25	0	-0.25	0
Fam83c	0	0	0	0	0	0	0	0	0	0	0	0	0	0	0	0	0	0	0	0.25	0	0	0	0.25	0.25	0.25	0	0	0	0	0.25	0	0	0	0	0	0.25	0.25	0.25	0.25	0	0.25	0	0
Fblim1	0	0	0	0	-0.25	0	0	0	0	0	0	0	0	0	0	0	0	0	0	0	0	0	0	0	0	0	0	0	0	0	0	0	-0.25	0	0	0	-0.25	0	0	0	0	0	0	0
Fbln2	0	0	0	0	-0.25	0	0	0	0	0	0	0	0	0	0	0	0	0	0	0	0	0	0	0	0	0	0	0	0	0	0	0	0	0	0	0	0	0	0	0	0	0	0	0
Fbn1	0	0	-0.25	0	-0.25	0	0	0	-0.25	0	0	-0.25	0	-0.25	-0.25	0	-0.25	0	0	0	0	0	0	0	0	0	0	0	0	0	0	0	-0.25	0	0	0	-0.25	0	0	0	0	0	0	-0.25
Fbxo24	0	0	-0.25	0	0	0	0	0	0	0	0	0	0	-0.25	0	-0.25	0	0	0	-0.25	0	0	0	0	0	0	-0.25	-0.25	-0.25	0	-0.25	0	-0.25	-0.25	0	0	-0.25	-0.25	0	-0.25	0	0	-0.25	0
Fbxo5	0	0	-0.25	0	0	-0.25	0	0	-0.25	-0.25	-0.25	0	0	0	0	0	-0.25	0	0	-0.25	0	0	0	0	0	0	-0.25	0	0	-0.25	0	0	-0.25	0	-0.25	0	-0.25	-0.25	-0.25	-0.25	-0.25	0	-0.25	0
Fbxw17	0	0	-0.25	0	0	0	-0.25	0	0	0	0	0	0	0	-0.25	-0.25	0	0	0	0	0	0	0	-0.25	0	-0.25	0	-0.25	0	0	-0.25	0	0	-0.25	0	0	-0.25	-0.25	0	0	0	0	-0.25	0
Fdps	0	0.25	0	0	0	0.25	0	0	0.25	0	0	0	0	0	0	0	0	0	0	0.25	0.25	0	0.75	0.25	0	0	0	0.25	0	0	0.25	0	0	0	0	0	0.25	0.25	0.25	0.25	0	0.25	0	0
Fdxr	0	0	0	0	-0.25	-0.25	-0.25	0	-0.25	0	0	-0.25	-0.25	-0.25	-0.25	-0.25	-0.25	0	0	-0.25	0	0	-0.75	-0.25	-0.25	-0.25	0	-0.25	-0.25	-0.25	-0.25	0	0	-0.25	0	0	-0.25	-0.25	-0.25	-0.25	0	0	-0.25	0
Flnc	0	0	-0.25	0	0	0	-0.25	0	-0.25	-0.25	-0.25	-0.25	0	-0.25	0	0	-0.25	0	0	-0.25	0	0	-0.75	-0.25	-0.25	-0.25	-0.25	0	0	-0.25	0	0	-0.25	0	-0.25	-0.25	-0.25	-0.25	-0.25	-0.25	0	0	-0.25	0
Flt4	0	0	0	0	-0.25	-0.25	-0.25	0	0	0	0	0	0	0	0	0	0	0	0	-0.25	0	0	0	0	0	0	0	0	0	-0.25	-0.25	0	0	0	0	0	0	0	0	0	0	0	0	0
Fndc1	0	0	0	0	-0.25	0	0	0	0	0	0	0	0	0	0	0	0	0	-0.25	0	0	0	0	0	0	0	-0.25	0	0	0	0	0	-0.25	0	0	0	0	0	0	0	0	0	0	0
Fndc5	0	0	0	0	0	0	0	0	0.25	0	0	0	0	0	0	0	0	0	0	0	0	0	0	0.25	0.25	0.25	0	0	0	0	0	0	0	0	0	0	0.25	0	0.25	0	0	0	0	0
Fndc7	0	0	0	0	-0.25	0	0	0	-0.25	0	0	-0.25	-0.25	-0.25	-0.25	-0.25	-0.25	0	-0.25	-0.25	0	0	0	0	0	0	0	0	0	0	0	0	-0.25	-0.25	0	0	0	-0.25	0	0	0	0	-0.25	0
Fos	0	0	-0.25	0	-0.25	-0.25	-0.25	-0.25	-0.25	-0.25	-0.25	-0.25	-0.25	-0.25	-0.25	-0.25	-0.25	0	0	-0.25	0	0	-0.75	-0.25	-0.25	-0.25	-0.25	0	0	-0.25	0	0	-0.25	0	0	0	-0.25	-0.25	-0.25	-0.25	-0.25	0	-0.25	-0.25
Frmd4a	0	0	-0.25	0	-0.25	-0.25	0	0	-0.25	-0.25	0	-0.25	0	-0.25	-0.25	-0.25	-0.25	0	-0.25	-0.25	0	0	0	0	0	0	0	0	0	0	-0.25	0	-0.25	0	0	0	-0.25	-0.25	-0.25	0	-0.25	0	-0.25	0
Fsip1	0	0	0	0	-0.25	-0.25	-0.25	-0.25	-0.25	-0.25	-0.25	-0.25	-0.25	-0.25	0	0	0	0	0	-0.25	0	0	-0.75	-0.25	-0.25	-0.25	0	0	0	0	0	0	-0.25	-0.25	0	0	-0.25	0	-0.25	-0.25	0	0	-0.25	0
Ftsj2	0	0	0	0	0	0.25	0	0	0	0	0	0	0	0	0	0	0	0	0	0.25	0	0	0	0	0	0	0	0	0	0	0	0	0	0	0	0	0.25	0.25	0	0	0	0	0	0
Fxn	0.25	0.25	0	0.25	0	0.25	0	0	0.25	0	0	0	0	0	0	0	0	0.25	0	0	0	0	0	0	0	0	0	0.25	0	0	0	0	0	0	0	0	0.25	0	0.25	0	0	0.25	0	0
Fzd1	0	0	0	0	0	0	0	0	0.25	0	0	0	0	0	0	0	0	0	0	0	0	0	0	0	0	0	0	0	0	0	0	0	0	0	0	0	0	0	0	0	0	0.25	0	0
Gadd45gip1	0	0	-0.25	0	-0.25	-0.25	-0.25	-0.25	-0.25	-0.25	0	-0.25	-0.25	0	-0.25	0	-0.25	0	-0.25	0	0	0	0	0	0	0	-0.25	0	0	-0.25	0	0	-0.25	0	0	0	-0.25	-0.25	-0.25	-0.25	0	0	-0.25	0
Gale	0	0	0	0	0	0	0	0	0.25	0	0	0	0	0	0	0	0	0.25	0	0.25	0.25	0	0	0.25	0.25	0.25	0	0	0	0	0	0	0	0	0	0	0.25	0.25	0.25	0.25	0	0	0	0
Gapdhs	0	0	-0.25	0	-0.25	-0.25	-0.25	-0.25	-0.25	-0.25	-0.25	-0.25	-0.25	-0.25	-0.25	-0.25	-0.25	0	-0.25	-0.25	0	0	-0.75	-0.25	-0.25	-0.25	-0.25	-0.25	-0.25	-0.25	-0.25	0	-0.25	-0.25	-0.25	-0.25	-0.25	-0.25	-0.25	-0.25	-0.25	0	-0.25	-0.25
Gas6	0	0	0	0	0	0	0	0	0	0	0	0	0	0	0	0	0	0	0	0	0	0	0	0	0	0	0	0	0	0	0	0	-0.25	0	0	0	0	0	0	0	-0.25	0	0	0
Gbe1	0	0.25	0	0	0	0.25	0	0	0.25	0	0	0	0	0	0	0	0	0.25	0	0.25	0.25	0.25	0.75	0.25	0.25	0.25	0	0	0	0	0.25	0	0	0	0	0	0.25	0.25	0.25	0.25	0	0.25	0	0
Gcnt7	0	0.25	0	0	0	0	0	0	0.25	0	0	0	0	0	0	0	0	0	0	0	0	0	0	0	0	0.25	0	0	0	0	0	0	0	0	0	0	0.25	0	0	0.25	0	0	0	0
Gemin4	0	0	-0.25	0	-0.25	-0.25	-0.25	0	-0.25	0	0	-0.25	0	0	0	-0.25	0	0	-0.25	-0.25	0	0	0	0	0	-0.25	0	0	0	-0.25	0	0	-0.25	-0.25	0	0	-0.25	-0.25	-0.25	-0.25	0	0	0	-0.25
Get4	0	0	0	0	0	0.25	0	0	0.25	0	0	0	0	0	0	0	0	0.25	0	0.25	0	0.25	0.75	0.25	0.25	0	0	0.25	0	0	0.25	0	0	0	0	0	0.25	0.25	0.25	0.25	0	0.25	0	0
Gfod1	0.25	0.25	0	0.25	0	0.25	0	0	0.25	0	0	0	0	0	0	0	0	0.25	0	0.25	0.25	0	0.75	0.25	0.25	0.25	0	0.25	0	0	0	0	0	0	0	0	0.25	0.25	0.25	0.25	0	0.25	0	0
Ggt5	0	0	0	0	-0.25	0	0	0	0	0	-0.25	-0.25	-0.25	-0.25	0	-0.25	0	0	0	0	0	0	0	0	0	0	0	0	0	-0.25	0	0	0	-0.25	0	0	-0.25	-0.25	0	0	0	0	0	0
Gins3	0	0	-0.25	0	0	0	-0.25	-0.25	-0.25	0	0	-0.25	-0.25	-0.25	0	0	-0.25	0	0	0	0	0	-0.75	0	0	0	0	0	0	-0.25	0	0	0	-0.25	0	0	-0.25	0	-0.25	-0.25	0	0	0	0
Gipc1	0	0	-0.25	0	-0.25	-0.25	0	0	-0.25	0	0	0	0	0	0	-0.25	0	0	0	-0.25	0	0	0	-0.25	-0.25	-0.25	0	-0.25	0	-0.25	0	0	-0.25	0	0	0	-0.25	-0.25	-0.25	-0.25	-0.25	0	-0.25	0
Gk5	0	0	-0.25	0	-0.25	-0.25	0	0	0	0	0	0	0	0	0	-0.25	0	0	-0.25	-0.25	0	0	-0.75	-0.25	-0.25	-0.25	0	0	0	0	-0.25	0	-0.25	-0.25	0	0	-0.25	-0.25	-0.25	-0.25	-0.25	0	-0.25	0
Gm10863	0	0	0	0	-0.25	0	0	0	0	0	0	0	0	0	0	0	0	0	0	0	0	0	0	0	0	0	0	0	0	0	0	0	0	0	0	0	0	0	0	0	0	0	0	0
Gm14137	0	0	0	0	0	0.25	0	0	0	0	0	0	0	0	0	0	0	0.25	0	0	0	0	0	0	0	0	0	0.25	0	0	0.25	0	0	0	0	0	0.25	0	0	0	0	0	0	0
Gm14446	0	0	0	0	-0.25	0	0	0	0	0	0	-0.25	0	-0.25	0	0	0	0	0	-0.25	0	0	0	0	0	0	0	0	0	-0.25	0	0	0	-0.25	0	0	0	0	0	0	0	0	0	0
Gm6904	0	0	0	0	0	0	0	0	-0.25	0	0	0	-0.25	-0.25	0	0	-0.25	0	0	-0.25	0	0	0	0	0	0	0	0	0	0	0	0	0	0	0	0	0	0	0	0	0	0	0	0
Gm8221	0	0	0	0	-0.25	0	0	0	0	0	0	-0.25	0	0	0	0	0	0	0	0	0	0	0	0	0	0	0	0	0	0	0	0	-0.25	0	0	0	0	0	0	0	0	0	0	0
Gna11	0	0	-0.25	0	-0.25	-0.25	-0.25	-0.25	-0.25	0	0	-0.25	0	-0.25	0	-0.25	-0.25	0	-0.25	-0.25	0	0	-0.75	-0.25	-0.25	-0.25	-0.25	-0.25	0	-0.25	-0.25	0	-0.25	0	-0.25	0	-0.25	-0.25	-0.25	-0.25	0	0	-0.25	0
Gna15	0	0	0	0	-0.25	-0.25	-0.25	-0.25	-0.25	0	0	-0.25	0	-0.25	0	0	-0.25	0	0	-0.25	0	0	0	-0.25	0	-0.25	-0.25	0	0	-0.25	0	0	-0.25	0	-0.25	-0.25	-0.25	-0.25	-0.25	-0.25	0	0	0	0
Gnal	0	0.25	0	0.25	0	0.25	0	0	0.25	0	0	0	0	0	0	0	0	0.25	0	0.25	0	0	0.75	0.25	0.25	0.25	0	0	0	0	0	0	0	0	0	0	0.25	0	0.25	0.25	0	0	0	0
Gpd2	0	0	0	0	0	0	0	0	0.25	0	0	0	0	0	0	0	0	0.25	0	0.25	0.25	0	0	0	0	0	0	0	0	0	0	0	0	0	0	0	0.25	0.25	0.25	0.25	0	0.25	0	0
Gpr19	0	0	0	0	0	0.25	0	0	0.25	0	0	0	0	0	0	0	0	0.25	0	0	0.25	0	0	0	0	0	0	0	0	0	0.25	0	0	0	0	0	0.25	0.25	0.25	0.25	0	0	0	0
Gpr33	0	0	0	0	0	0	0	0	0	0	0	0	0	0	0	0	0	0	0	-0.25	0	0	0	0	0	0	0	0	0	0	-0.25	0	0	0	0	0	0	-0.25	0	0	-0.25	0	0	0
Gprc5c	0	0	0	0	-0.25	0	0	0	0	0	0	0	0	0	0	0	0	0	0	-0.25	0	0	-0.75	0	0	-0.25	0	0	0	0	0	0	0	0	0	0	-0.25	0	-0.25	0	0	0	0	0
Grap2	0	0	0	0	0	0	0	0	0.25	0	0	0	0	0	0	0	0	0	0	0.25	0.25	0	0.75	0	0.25	0.25	0	0	0	0	0	0	0	0	0	0	0.25	0.25	0.25	0.25	0	0	0	0
Grb10	0	0	0	0	-0.25	0	0	0	0	0	0	0	0	0	0	0	0	0	0	0	0	0	0	0	0	0	0	0	0	0	0	0	0	0	0	0	0	0	0	0	0	0	0	0
Grik5	0	0	-0.25	0	-0.25	-0.25	-0.25	0	-0.25	0	0	-0.25	0	0	0	-0.25	-0.25	0	0	0	0	0	0	0	0	0	0	-0.25	-0.25	-0.25	-0.25	0	-0.25	-0.25	0	0	-0.25	0	0	-0.25	0	0	0	0
Grwd1	0	0	0	0	0	0	0	0	0.25	0	0	0	0	0	0	0	0	0	0	0	0	0	0	0	0	0	0	0	0	0	0	0	0	0	0	0	0	0	0	0	0	0.25	0	0
Gsg1	0	0	0	0	-0.25	0	0	0	-0.25	0	0	-0.25	-0.25	-0.25	0	0	-0.25	0	0	-0.25	0	0	0	-0.25	-0.25	-0.25	0	0	0	0	-0.25	0	-0.25	-0.25	0	0	-0.25	-0.25	0	0	0	0	-0.25	0
Gtf2e1	0	0	0	0	0	0	0	0	0.25	0	0	0	0	0	0	0	0	0	0	0	0	0	0	0	0	0	0	0.25	0	0	0.25	0	0	0	0	0	0.25	0.25	0.25	0.25	0	0.25	0	0
Gzmm	0	0.25	0	0.25	0	0.25	0	0	0.25	0	0	0	0	0	0	0	0	0.25	0	0.25	0	0.25	0.75	0.25	0.25	0.25	0	0	0	0	0	0	0	0	0	0	0.25	0.25	0.25	0.25	0	0.25	0	0
H2-k2	0	0	0	0	-0.25	-0.25	-0.25	0	-0.25	0	0	0	-0.25	-0.25	0	-0.25	0	0	0	-0.25	0	0	0	0	0	0	-0.25	-0.25	-0.25	-0.25	-0.25	0	0	-0.25	-0.25	-0.25	0	0	0	0	0	0	0	-0.25
Habp4	0.25	0.25	0	0.25	0	0.25	0	0	0.25	0	0	0	0	0	0	0	0	0.25	0	0.25	0.25	0	0.75	0.25	0.25	0.25	0	0.25	0	0	0.25	0	0	0	0	0	0.25	0.25	0.25	0.25	0	0.25	0	0
Hamp	0	0	0	0	0	0	0	0	0	0	0	0	0	0	0	0	0	0	0	0.25	0	0	0	0	0	0	0	0	0	0	0	0	0	0	0	0	0	0	0.25	0	0	0.25	0	0
Hap1	0	0	-0.25	0	-0.25	0	-0.25	0	-0.25	0	0	0	0	0	0	-0.25	0	0	0	-0.25	0	0	-0.75	-0.25	-0.25	-0.25	0	0	-0.25	-0.25	-0.25	0	-0.25	0	0	0	-0.25	-0.25	-0.25	-0.25	0	0	-0.25	0
Hddc2	0	0	0	0	0	0	0	-0.25	0	0	0	-0.25	0	-0.25	0	0	0	0	0	0	0	0	0	0	-0.25	0	0	0	0	0	0	0	0	0	0	0	-0.25	-0.25	-0.25	0	0	0	0	0
Hectd2	0	0.25	0	0	0	0.25	0	0	0.25	0	0	0	0	0	0	0	0	0.25	0	0.25	0.25	0	0.75	0	0	0	0	0	0	0	0	0	0	0	0	0	0.25	0.25	0.25	0.25	0	0.25	0	0
Hemk1	0	0	0	0	0	0	0	0	0.25	0	0	0	0	0	0	0	0	0	0	0.25	0	0	0.75	0.25	0.25	0	0	0.25	0	0	0.25	0	0	0	0	0	0.25	0.25	0.25	0.25	0	0	0	0
Hes1	0	0	-0.25	0	-0.25	-0.25	-0.25	-0.25	-0.25	-0.25	-0.25	-0.25	0	-0.25	0	-0.25	-0.25	0	-0.25	-0.25	0	0	-0.75	-0.25	-0.25	-0.25	-0.25	-0.25	0	-0.25	-0.25	0	-0.25	0	0	0	-0.25	-0.25	-0.25	-0.25	0	0	-0.25	0
Hist1h2ag	0.25	0.25	0	0.25	0	0.25	0	0	0.25	0	0	0	0	0	0	0	0	0.25	0	0.25	0.25	0	0.75	0.25	0.25	0.25	0	0.25	0	0	0	0	0	0	0	0	0.25	0.25	0.25	0.25	0	0.25	0	0
Hist1h2bf	0	0	0	0	-0.25	-0.25	-0.25	0	0	0	0	-0.25	0	-0.25	0	-0.25	0	0	0	0	0	0	0	0	0	0	0	-0.25	0	0	-0.25	0	0	0	0	0	-0.25	-0.25	0	-0.25	0	0	-0.25	0
Hist1h4j	0	0	0	0	-0.25	-0.25	-0.25	-0.25	-0.25	0	0	0	0	0	0	-0.25	0	0	0	0	0	0	0	0	0	0	0	-0.25	0	0	0	0	0	0	0	0	-0.25	-0.25	0	0	0	0	-0.25	-0.25
Hist2h2be	0	0	0	0	0	0	-0.25	-0.25	-0.25	-0.25	0	-0.25	0	-0.25	-0.25	-0.25	-0.25	0	0	0	0	0	0	-0.25	0	-0.25	-0.25	-0.25	0	-0.25	-0.25	0	-0.25	-0.25	-0.25	0	-0.25	-0.25	0	0	0	0	-0.25	0
Hist2h3b	0	0	0	0	-0.25	-0.25	-0.25	-0.25	-0.25	0	0	0	0	-0.25	0	-0.25	0	0	0	-0.25	0	0	0	0	0	0	-0.25	-0.25	-0.25	-0.25	-0.25	0	-0.25	-0.25	0	-0.25	-0.25	0	0	0	0	0	-0.25	0
Hmbs	0	0	0	0	-0.25	0	-0.25	-0.25	-0.25	-0.25	-0.25	0	0	-0.25	0	-0.25	-0.25	0	0	-0.25	0	0	-0.75	0	0	-0.25	-0.25	-0.25	-0.25	-0.25	0	0	0	-0.25	-0.25	0	-0.25	-0.25	-0.25	-0.25	-0.25	0	0	0
Hoxa1	0	0	0	0	0	-0.25	0	0	-0.25	0	0	-0.25	-0.25	-0.25	-0.25	-0.25	-0.25	0	0	-0.25	0	0	0	0	0	-0.25	-0.25	0	0	0	0	0	0	0	0	0	-0.25	-0.25	-0.25	-0.25	0	0	-0.25	0
Hoxa2	0.25	0	0	0.25	0	0.25	0	0	0.25	0	0	0	0	0	0	0	0	0	0	0.25	0.25	0	0	0	0	0.25	0	0	0	0	0	0	0	0	0	0	0.25	0.25	0.25	0.25	0	0.25	0	0
Hpgds	0	0	0	0	-0.25	0	0	0	-0.25	0	0	0	0	0	0	0	0	0	0	-0.25	0	0	0	0	0	0	0	0	0	0	-0.25	0	0	-0.25	-0.25	0	0	0	0	0	0	0	-0.25	0
Hsh2d	0	0	0	0	-0.25	0	0	0	0	-0.25	0	0	0	-0.25	0	-0.25	0	0	0	-0.25	0	0	-0.75	-0.25	-0.25	-0.25	0	0	0	0	0	0	-0.25	0	0	-0.25	-0.25	0	-0.25	-0.25	0	0	-0.25	0
Hspa1a	0	0	0	0	-0.25	-0.25	-0.25	-0.25	-0.25	-0.25	0	-0.25	0	-0.25	0	0	0	0	0	-0.25	0	0	-0.75	0	0	0	0	0	0	-0.25	-0.25	0	-0.25	-0.25	0	0	-0.25	0	-0.25	-0.25	0	0	0	0
Hspa1b	0	0	0	0	0	0	0	0	-0.25	-0.25	-0.25	0	0	0	0	-0.25	0	0	0	0	0	0	0	0	0	0	0	0	0	0	-0.25	0	0	0	0	0	0	0	-0.25	0	0	0	0	0
Hsph1	0	0	-0.25	0	0	-0.25	0	0	-0.25	0	0	-0.25	0	-0.25	-0.25	0	-0.25	0	0	0	0	0	0	0	0	0	0	-0.25	0	-0.25	0	0	0	-0.25	-0.25	-0.25	0	-0.25	-0.25	0	0	0	0	0
I830012o16rik	0	0	0	0	0	0	0	0	0	0	0	-0.25	0	0	0	0	0	0	0	-0.25	0	0	0	0	0	0	0	0	0	0	0	0	0	-0.25	0	0	0	0	0	0	0	0	0	0
Ier5l	0	0	0	0	0	0	0	0	-0.25	0	0	-0.25	0	-0.25	0	-0.25	-0.25	0	-0.25	-0.25	0	0	0	-0.25	-0.25	-0.25	-0.25	-0.25	0	0	0	0	-0.25	0	-0.25	-0.25	-0.25	-0.25	-0.25	-0.25	-0.25	0	-0.25	-0.25
Ifit2	0	0	0	0	-0.25	-0.25	-0.25	-0.25	-0.25	0	0	0	0	-0.25	0	0	0	0	0	0	0	0	0	0	0	0	0	-0.25	0	0	0	0	0	0	-0.25	-0.25	0	0	0	-0.25	0	0	0	0
Ifit3	0	0	0	0	0	0	0	0	0	0	0	0	0	-0.25	0	0	0	0	0	0	0	0	0	0	0	0	0	0	0	0	0	0	0	0	0	0	0	0	0	0	0	0	0	0
Ifrd2	0	0	0	0	-0.25	0	0	0	-0.25	0	0	0	0	-0.25	0	0	0	0	0	-0.25	0	0	0	-0.25	-0.25	-0.25	0	0	0	-0.25	0	0	-0.25	0	-0.25	-0.25	-0.25	-0.25	-0.25	0	0	0	-0.25	0
Igsf3	0	0	-0.25	0	0	-0.25	0	-0.25	-0.25	0	0	-0.25	0	-0.25	0	-0.25	0	0	0	-0.25	0	0	0	-0.25	-0.25	-0.25	-0.25	0	0	0	0	0	-0.25	0	0	0	-0.25	-0.25	-0.25	-0.25	-0.25	0	-0.25	0
Ikbip	0	0	-0.25	0	-0.25	-0.25	-0.25	0	-0.25	-0.25	0	-0.25	-0.25	-0.25	0	-0.25	-0.25	0	0	-0.25	0	0	-0.75	-0.25	-0.25	-0.25	-0.25	0	0	-0.25	-0.25	0	-0.25	0	-0.25	0	-0.25	-0.25	-0.25	-0.25	-0.25	0	-0.25	0
Il11ra1	0	0	-0.25	0	-0.25	-0.25	-0.25	-0.25	-0.25	-0.25	0	-0.25	0	-0.25	0	0	-0.25	0	-0.25	-0.25	0	0	-0.75	-0.25	-0.25	-0.25	-0.25	-0.25	0	-0.25	-0.25	0	-0.25	0	0	0	-0.25	-0.25	-0.25	-0.25	-0.25	0	-0.25	0
Il16	0	0	0	0	0	0	0	0	-0.25	0	-0.25	-0.25	-0.25	-0.25	0	-0.25	-0.25	0	0	-0.25	0	0	0	-0.25	-0.25	0	-0.25	-0.25	0	0	-0.25	0	-0.25	0	0	0	-0.25	0	0	0	0	0	0	0
Il17rd	0	0	-0.25	0	-0.25	-0.25	0	0	-0.25	-0.25	0	-0.25	0	0	0	0	0	0	0	-0.25	0	0	0	-0.25	-0.25	-0.25	0	0	0	-0.25	0	0	-0.25	0	0	0	-0.25	-0.25	-0.25	-0.25	0	0	-0.25	0
Il18r1	0	0	0	0	0	0	0	0	0	0	0	-0.25	0	-0.25	0	-0.25	0	0	0	0	0	0	0	0	0	0	0	0	0	-0.25	-0.25	0	0	-0.25	0	0	-0.25	0	0	0	0	0	-0.25	0
Il1r1	0	0.25	0	0	0	0	0	0	0.25	0	0	0	0	0	0	0	0	0	0	0.25	0.25	0	0	0	0.25	0	0	0	0	0	0	0	0	0	0	0	0.25	0.25	0.25	0	0	0	0	0
Inf2	0	0	-0.25	0	-0.25	-0.25	0	0	-0.25	-0.25	-0.25	-0.25	-0.25	-0.25	0	-0.25	-0.25	0	0	-0.25	0	0	-0.75	-0.25	-0.25	-0.25	-0.25	0	0	-0.25	0	0	-0.25	0	0	0	-0.25	-0.25	-0.25	-0.25	0	0	-0.25	0
Ipo13	0	0	-0.25	0	-0.25	-0.25	-0.25	0	-0.25	0	0	-0.25	0	-0.25	-0.25	-0.25	-0.25	0	0	0	0	0	0	0	0	0	-0.25	-0.25	0	0	-0.25	0	-0.25	0	-0.25	-0.25	-0.25	-0.25	-0.25	-0.25	-0.25	0	-0.25	-0.25
Itpk1	0	0	-0.25	0	-0.25	-0.25	-0.25	-0.25	-0.25	-0.25	0	-0.25	0	-0.25	-0.25	-0.25	-0.25	0	0	-0.25	0	0	-0.75	-0.25	-0.25	-0.25	-0.25	0	0	-0.25	0	0	-0.25	0	-0.25	0	-0.25	-0.25	-0.25	-0.25	-0.25	0	-0.25	0
Itpkb	0.25	0.25	0	0.25	0	0.25	0	0	0.25	0	0	0	0	0	0	0	0	0.25	0	0.25	0.25	0	0	0.25	0.25	0.25	0	0.25	0	0	0.25	0	0	0	0	0	0.25	0.25	0.25	0.25	0	0.25	0	0
Jun	0	0	-0.25	0	0	-0.25	-0.25	-0.25	-0.25	-0.25	0	-0.25	-0.25	-0.25	-0.25	-0.25	-0.25	0	-0.25	-0.25	0	0	0	0	0	0	0	-0.25	0	-0.25	-0.25	0	-0.25	-0.25	-0.25	0	-0.25	-0.25	-0.25	-0.25	0	0	-0.25	0
Kbtbd11	0	0	-0.25	0	-0.25	0	0	0	0	0	0	-0.25	0	0	0	0	-0.25	0	0	0	0	0	-0.75	0	0	0	0	0	0	0	0	0	0	0	0	0	-0.25	-0.25	-0.25	-0.25	0	0	0	0
Kcnd1	0	0	-0.25	0	-0.25	0	-0.25	0	-0.25	0	0	-0.25	0	-0.25	-0.25	0	-0.25	0	0	-0.25	0	0	-0.75	-0.25	-0.25	-0.25	0	0	0	-0.25	0	0	0	-0.25	0	0	-0.25	-0.25	-0.25	-0.25	-0.25	0	-0.25	0
Kcnh4	0	0	-0.25	0	-0.25	-0.25	-0.25	-0.25	-0.25	0	0	-0.25	0	-0.25	-0.25	-0.25	-0.25	0	0	0	0	0	-0.75	-0.25	0	-0.25	0	-0.25	0	-0.25	-0.25	0	-0.25	0	-0.25	-0.25	-0.25	-0.25	-0.25	-0.25	0	0	-0.25	0
Kcp	0	0.25	0	0.25	0	0	0	0	0.25	0	0	0	0	0	0	0	0	0	0	0.25	0	0.25	0.75	0.25	0.25	0.25	0	0	0	0	0	0	0	0	0	0	0.25	0.25	0.25	0.25	0	0.25	0	0
Kctd11	0	0	0	0	-0.25	0	-0.25	-0.25	-0.25	0	0	-0.25	0	-0.25	0	0	0	0	0	-0.25	0	0	0	-0.25	-0.25	-0.25	0	0	0	0	-0.25	0	0	0	0	0	-0.25	-0.25	0	0	-0.25	0	-0.25	0
Kdr	0	0	0	0	0	0	0	0	0	0	0	-0.25	0	0	0	0	0	0	0	-0.25	0	0	0	0	0	0	-0.25	0	0	0	0	0	0	0	0	0	0	0	0	0	0	0	0	0
Keap1	0	0	-0.25	0	-0.25	-0.25	-0.25	-0.25	-0.25	-0.25	-0.25	-0.25	0	-0.25	0	0	0	0	0	-0.25	0	0	0	0	0	0	0	-0.25	-0.25	0	-0.25	0	-0.25	-0.25	0	0	-0.25	-0.25	-0.25	-0.25	0	0	0	0
Kif14	0	0	-0.25	0	-0.25	-0.25	-0.25	0	-0.25	0	0	-0.25	0	0	-0.25	-0.25	-0.25	0	0	0	0	0	0	0	0	0	0	-0.25	-0.25	0	-0.25	0	-0.25	-0.25	0	0	-0.25	-0.25	-0.25	0	-0.25	0	0	0
Kif18b	0	0	0	0	-0.25	0	-0.25	0	0	0	0	0	0	0	0	-0.25	0	0	0	0	0	0	0	0	0	0	0	-0.25	-0.25	-0.25	-0.25	0	-0.25	-0.25	-0.25	0	-0.25	-0.25	0	0	0	0	-0.25	0
Kif2c	0	0	0	0	-0.25	0	-0.25	0	-0.25	-0.25	0	-0.25	-0.25	-0.25	0	-0.25	-0.25	0	0	-0.25	0	0	0	0	0	-0.25	0	-0.25	-0.25	0	-0.25	0	-0.25	-0.25	-0.25	-0.25	-0.25	-0.25	0	0	0	0	0	0
Kirrel	0	0	0	0	-0.25	0	0	0	0	0	0	-0.25	0	-0.25	0	0	0	0	0	-0.25	0	0	-0.75	-0.25	-0.25	-0.25	0	0	0	0	0	0	-0.25	0	0	0	-0.25	-0.25	-0.25	0	0	0	-0.25	0
Kit	0	0	0	0	0	0.25	0	0	0	0	0	0	0	0	0	0	0	0	0	0.25	0.25	0.25	0.75	0.25	0.25	0.25	0	0.25	0	0	0.25	0	0	0	0	0	0.25	0.25	0.25	0.25	0	0.25	0	0
Klf16	0	0.25	0	0	0	0.25	0	0	0.25	0	0	0	0	0	0	0	0	0.25	0	0.25	0	0.25	0.75	0.25	0.25	0.25	0	0	0	0	0.25	0	0	0	0	0	0.25	0.25	0.25	0.25	0	0.25	0	0
Klf2	0	0	-0.25	0	0	0	-0.25	0	-0.25	-0.25	-0.25	-0.25	-0.25	-0.25	-0.25	-0.25	-0.25	0	0	-0.25	0	0	-0.75	-0.25	-0.25	-0.25	-0.25	0	0	-0.25	0	0	-0.25	-0.25	0	0	-0.25	-0.25	-0.25	-0.25	-0.25	0	-0.25	0
Klhdc4	0	0	0	0	0	0.25	0	0	0.25	0	0	0	0	0	0	0	0	0.25	0	0	0	0	0	0	0	0	0	0	0	0	0	0	0	0	0	0	0.25	0	0	0	0	0	0	0
Klhl22	0	0	-0.25	0	-0.25	-0.25	-0.25	-0.25	-0.25	-0.25	0	0	0	0	0	0	-0.25	0	0	-0.25	0	0	0	0	0	0	-0.25	0	0	-0.25	0	0	0	0	-0.25	0	-0.25	-0.25	-0.25	-0.25	-0.25	0	-0.25	0
Klra5	0	0	0	0	0	0	0	0	0	0	0	0	0	0	0	0	0	0	0	0.25	0.25	0	0	0	0	0	0	0	0	0	0.25	0	0	0	0	0	0	0	0	0	0	0	0	0
Lama2	0	0	-0.25	0	-0.25	0	0	0	-0.25	0	0	-0.25	-0.25	-0.25	-0.25	-0.25	-0.25	0	0	0	0	0	0	0	0	0	0	-0.25	0	0	0	0	0	-0.25	0	0	0	0	0	0	0	0	0	0
Lama4	0	0	0	0	-0.25	0	0	0	0	0	0	0	0	0	0	0	0	0	0	0	0	0	0	0	0	0	0	0	0	0	0	0	0	0	0	0	0	0	0	0	0	0	0	0
Lamc1	0	0	-0.25	0	-0.25	-0.25	-0.25	-0.25	-0.25	-0.25	-0.25	-0.25	0	-0.25	0	-0.25	-0.25	0	0	-0.25	0	0	-0.75	-0.25	-0.25	-0.25	-0.25	0	0	0	-0.25	0	-0.25	0	0	0	-0.25	-0.25	-0.25	-0.25	-0.25	0	-0.25	0
Lenep	0	0	0	0	-0.25	0	0	0	-0.25	-0.25	0	-0.25	-0.25	0	0	-0.25	-0.25	0	0	-0.25	0	0	0	0	0	0	-0.25	-0.25	0	0	-0.25	0	0	-0.25	0	0	-0.25	-0.25	-0.25	-0.25	-0.25	0	0	0
Lgals2	0	0	-0.25	0	-0.25	0	0	0	-0.25	-0.25	-0.25	-0.25	0	-0.25	0	0	0	0	0	-0.25	0	0	0	-0.25	-0.25	0	0	0	0	0	0	0	-0.25	0	0	0	-0.25	-0.25	-0.25	-0.25	0	0	0	0
Lig1	0	0	0	0	-0.25	-0.25	0	-0.25	-0.25	-0.25	0	-0.25	0	-0.25	0	-0.25	-0.25	0	0	-0.25	0	0	0	0	-0.25	0	-0.25	0	0	-0.25	0	0	-0.25	0	-0.25	-0.25	-0.25	-0.25	-0.25	-0.25	-0.25	0	0	-0.25
Lig4	0	0	-0.25	0	-0.25	0	-0.25	-0.25	-0.25	-0.25	-0.25	-0.25	-0.25	-0.25	-0.25	0	-0.25	0	0	0	0	0	0	-0.25	-0.25	-0.25	-0.25	0	0	-0.25	0	0	0	0	-0.25	0	-0.25	-0.25	-0.25	-0.25	-0.25	0	-0.25	0
Limk2	0	0	-0.25	0	-0.25	-0.25	-0.25	-0.25	0	0	0	-0.25	-0.25	-0.25	0	0	0	0	0	-0.25	0	0	0	0	-0.25	0	0	0	0	-0.25	0	0	-0.25	0	0	0	-0.25	-0.25	-0.25	-0.25	0	0	-0.25	0
Lin37	0	0	-0.25	0	-0.25	-0.25	-0.25	-0.25	-0.25	0	0	-0.25	0	-0.25	0	0	-0.25	0	0	-0.25	0	0	-0.75	-0.25	-0.25	-0.25	0	0	0	-0.25	-0.25	0	-0.25	0	-0.25	-0.25	-0.25	-0.25	-0.25	-0.25	0	0	-0.25	0
Lin52	0.25	0.25	0	0.25	0	0	0	0	0.25	0	0	0	0	0	0	0	0	0	0	0.25	0	0	0	0	0	0	0	0.25	0	0	0.25	0	0	0	0	0	0.25	0.25	0.25	0.25	0	0.25	0	0
Lin54	0	0.25	0	0	0	0.25	0	0	0.25	0	0	0	0	0	0	0	0	0.25	0	0.25	0.25	0.25	0.75	0.25	0.25	0.25	0	0	0	0	0	0	0	0	0	0	0.25	0.25	0.25	0.25	0	0.25	0	0
Loxl2	0	0	0	0	0	-0.25	0	0	-0.25	0	0	-0.25	0	-0.25	0	0	0	0	0	0	0	0	0	0	0	0	0	0	0	0	0	0	-0.25	-0.25	0	0	0	0	0	0	0	0	0	0
Lpar2	0	0	0	0	0	0.25	0	0	0.25	0	0	0	0	0	0	0	0	0	0	0.25	0	0.25	0.75	0	0.25	0.25	0	0.25	0	0	0	0	0	0	0	0	0.25	0.25	0.25	0.25	0	0	0	0
Lphn2	0.25	0.25	0	0.25	0	0.25	0	0	0.25	0	0	0	0	0	0	0	0	0.25	0	0.25	0.25	0	0.75	0.25	0.25	0	0	0.25	0	0	0.25	0	0	0	0	0	0.25	0.25	0.25	0	0	0.25	0	0
Lrrc1	0	0	0	0	0	0	0	0	0.25	0	0	0	0	0	0	0	0	0.25	0	0.25	0.25	0	0.75	0	0.25	0	0	0	0	0	0	0	0	0	0	0	0.25	0.25	0.25	0.25	0	0.25	0	0
Lrrc14	0	0	-0.25	0	-0.25	-0.25	-0.25	-0.25	-0.25	-0.25	0	-0.25	-0.25	-0.25	0	-0.25	-0.25	0	-0.25	-0.25	0	0	0	-0.25	-0.25	-0.25	-0.25	-0.25	0	-0.25	-0.25	0	-0.25	-0.25	-0.25	0	-0.25	-0.25	-0.25	-0.25	-0.25	0	-0.25	0
Lrrc32	0	0	0	0	0	0	0	0	0.25	0	0	0	0	0	0	0	0	0.25	0	0.25	0	0.25	0.75	0.25	0.25	0.25	0	0	0	0	0	0	0	0	0	0	0.25	0	0.25	0.25	0	0	0	0
Lrrc8b	0	0.25	0	0	0	0.25	0	0	0.25	0	0	0	0	0	0	0	0	0.25	0	0.25	0.25	0	0.75	0	0	0.25	0	0.25	0	0	0.25	0	0	0	0	0	0.25	0.25	0.25	0.25	0	0.25	0	0
Lsm3	0	0	-0.25	0	-0.25	-0.25	-0.25	0	-0.25	0	0	0	-0.25	-0.25	0	-0.25	-0.25	0	-0.25	-0.25	0	0	-0.75	-0.25	-0.25	-0.25	0	0	0	-0.25	0	0	-0.25	0	0	0	-0.25	-0.25	-0.25	-0.25	0	0	-0.25	-0.25
Ltc4s	0	0	-0.25	0	-0.25	-0.25	-0.25	0	-0.25	-0.25	0	-0.25	0	-0.25	0	-0.25	-0.25	0	-0.25	-0.25	0	0	-0.75	-0.25	-0.25	-0.25	-0.25	0	0	-0.25	0	0	-0.25	-0.25	-0.25	-0.25	-0.25	-0.25	-0.25	-0.25	-0.25	0	-0.25	0
Ly75	0	0	0	0.25	0	0.25	0	0	0.25	0	0	0	0	0	0	0	0	0.25	0	0.25	0.25	0	0	0.25	0	0.25	0	0.25	0	0	0.25	0	0	0	0	0	0.25	0.25	0.25	0.25	0	0.25	0	0
Lyl1	0	0	-0.25	0	-0.25	-0.25	-0.25	-0.25	-0.25	-0.25	0	0	-0.25	0	0	-0.25	-0.25	0	0	0	0	0	-0.75	0	0	-0.25	0	-0.25	-0.25	-0.25	-0.25	0	-0.25	-0.25	0	0	-0.25	-0.25	-0.25	0	0	0	0	0
Mall	0	0	0	0	0	0	0	0	0	0	0	-0.25	-0.25	0	0	-0.25	0	0	0	0	0	0	0	0	0	0	0	0	0	0	0	0	0	0	0	0	0	0	0	0	0	0	0	0
Mamdc2	0	0	0	0	0	0	0	0	0	0	0	0	0	0	0	-0.25	0	0	0	0	0	0	0	0	0	0	0	0	0	0	0	0	0	-0.25	0	0	0	-0.25	0	0	0	0	0	-0.25
Mamld1	0	0.25	0	0	0	0	0	0	0.25	0	0	0	0	0	0	0	0	0	0	0.25	0	0	0.75	0.25	0.25	0.25	0	0	0	0	0.25	0	0	0	0	0	0.25	0.25	0.25	0.25	0	0	0	0
Map1lc3a	0	0	-0.25	0	0	-0.25	0	0	-0.25	0	0	0	0	0	0	-0.25	0	0	0	-0.25	0	0	0	-0.25	-0.25	-0.25	0	0	0	0	0	0	0	0	0	0	-0.25	-0.25	-0.25	-0.25	0	0	-0.25	0
Map4k4	0	0.25	0	0	0	0.25	0	0	0.25	0	0	0	0	0	0	0	0	0.25	0	0.25	0.25	0	0.75	0.25	0.25	0	0	0.25	0	0	0.25	0	0	0	0	0	0.25	0.25	0.25	0.25	0	0.25	0	0
Mapk8ip3	0	0	-0.25	0	0	0	-0.25	0	-0.25	-0.25	-0.25	-0.25	-0.25	-0.25	-0.25	-0.25	-0.25	0	0	-0.25	0	0	-0.75	-0.25	-0.25	-0.25	-0.25	-0.25	-0.25	-0.25	-0.25	0	-0.25	-0.25	0	0	-0.25	-0.25	-0.25	-0.25	0	0	-0.25	0
Mast4	0	0	0	0	0	0	0	0	0.25	0	0	0	0	0	0	0	0	0.25	0	0.25	0.25	0	0	0	0.25	0	0	0	0	0	0	0	0	0	0	0	0.25	0.25	0.25	0.25	0	0	0	0
Mavs	0	0	0	0	0	0	0	0	-0.25	0	-0.25	-0.25	0	-0.25	0	0	0	0	0	-0.25	0	0	0	0	0	0	0	-0.25	-0.25	0	0	0	-0.25	-0.25	0	0	-0.25	-0.25	-0.25	-0.25	0	0	-0.25	0
Mbip	0.25	0.25	0	0.25	0	0	0	0	0.25	0	0	0	0	0	0	0	0	0	0	0	0	0	0	0.25	0.25	0.25	0	0	0	0	0.25	0	0	0	0	0	0.25	0.25	0	0	0	0	0	0
Mcam	0	0	0	0	-0.25	0	0	0	0	0	0	0	0	0	0	0	0	0	0	0	0	0	0	0	0	0	0	0	0	0	0	0	0	0	0	0	0	0	0	0	0	0	0	0
Mcm7	0	0	-0.25	0	-0.25	-0.25	-0.25	0	-0.25	-0.25	0	-0.25	0	0	-0.25	-0.25	-0.25	0	0	-0.25	0	0	0	-0.25	-0.25	-0.25	-0.25	-0.25	-0.25	-0.25	-0.25	0	-0.25	0	0	0	-0.25	-0.25	-0.25	-0.25	0	0	-0.25	0
Mcoln2	0	0	0	0	-0.25	0	0	-0.25	0	0	0	-0.25	-0.25	-0.25	0	-0.25	-0.25	0	0	-0.25	0	0	-0.75	0	-0.25	-0.25	-0.25	0	0	0	0	0	0	-0.25	0	0	-0.25	-0.25	-0.25	-0.25	-0.25	0	-0.25	0
Mea1	0	0	-0.25	0	0	0	0	-0.25	-0.25	-0.25	0	-0.25	-0.25	-0.25	0	0	-0.25	0	0	-0.25	0	0	-0.75	-0.25	-0.25	-0.25	0	0	0	-0.25	0	0	0	0	-0.25	-0.25	-0.25	-0.25	-0.25	-0.25	-0.25	0	-0.25	0
Med9	0	0	0	0	-0.25	-0.25	-0.25	-0.25	-0.25	-0.25	-0.25	0	0	0	0	-0.25	0	0	0	-0.25	0	0	0	0	0	0	0	0	0	0	0	0	0	-0.25	0	0	-0.25	-0.25	-0.25	0	0	0	0	0
Melk	0	0	0	0	0	0.25	0	0	0	0	0	0	0	0	0	0	0	0	0	0.25	0	0	0	0.25	0.25	0.25	0	0	0	0	0	0	0	0	0	0	0.25	0.25	0.25	0.25	0	0	0	0
Mertk	0	0	0	0	-0.25	-0.25	-0.25	-0.25	-0.25	-0.25	0	-0.25	0	0	0	0	0	0	0	-0.25	0	0	-0.75	-0.25	-0.25	-0.25	-0.25	0	0	0	0	0	0	-0.25	0	0	-0.25	-0.25	-0.25	-0.25	-0.25	0	-0.25	-0.25
Mfsd6l	0	0	0	0	-0.25	0	0	0	-0.25	0	0	-0.25	0	-0.25	0	0	0	0	0	0	0	0	0	0	0	0	0	0	0	0	0	0	0	0	0	0	0	0	0	0	0	0	0	0
Mgl2	0	0	0	0	0	0	0	0	0	0	0	-0.25	0	0	0	-0.25	0	0	0	-0.25	0	0	0	0	0	0	0	0	0	0	0	0	0	0	0	0	0	0	0	0	0	0	0	0
Mitd1	0	0	0	0	-0.25	0	0	-0.25	-0.25	0	-0.25	-0.25	-0.25	0	0	0	-0.25	0	0	-0.25	0	0	-0.75	-0.25	-0.25	-0.25	-0.25	0	0	-0.25	0	0	-0.25	-0.25	-0.25	0	-0.25	-0.25	-0.25	-0.25	-0.25	0	-0.25	0
Mmp9	0	0	-0.25	0	-0.25	-0.25	0	0	-0.25	0	0	-0.25	-0.25	-0.25	0	-0.25	-0.25	0	0	0	0	0	0	0	0	0	0	0	0	0	0	0	-0.25	-0.25	0	0	-0.25	0	-0.25	0	-0.25	0	0	0
Mon1a	0	0	0	0	-0.25	0	0	0	-0.25	-0.25	-0.25	-0.25	0	-0.25	0	0	-0.25	0	0	0	0	0	0	0	-0.25	0	-0.25	0	0	0	0	0	-0.25	-0.25	-0.25	-0.25	-0.25	0	0	-0.25	0	0	0	-0.25
Mpp7	0	0.25	0	0	0	0.25	0	0	0.25	0	0	0	0	0	0	0	0	0.25	0	0.25	0	0	0.75	0.25	0.25	0.25	0	0.25	0	0	0.25	0	0	0	0	0	0.25	0.25	0.25	0.25	0	0	0	0
Mreg	0	0	-0.25	0	-0.25	-0.25	0	-0.25	-0.25	-0.25	-0.25	0	0	0	0	-0.25	0	0	-0.25	0	0	0	0	0	0	0	0	0	0	0	0	0	0	0	0	0	-0.25	0	0	0	0	0	0	0
Mrpl12	0	0	0	0	-0.25	-0.25	-0.25	-0.25	-0.25	-0.25	-0.25	-0.25	0	0	0	0	-0.25	0	0	-0.25	0	0	-0.75	-0.25	-0.25	-0.25	0	0	0	-0.25	0	0	-0.25	0	-0.25	0	-0.25	-0.25	-0.25	-0.25	0	0	-0.25	0
Mrpl15	0	0	-0.25	0	-0.25	0	0	0	0	0	0	0	0	-0.25	0	0	0	0	0	-0.25	0	0	-0.75	-0.25	-0.25	-0.25	-0.25	0	0	0	0	0	0	0	0	0	-0.25	-0.25	-0.25	-0.25	0	0	-0.25	0
Mrps27	0	0	-0.25	0	-0.25	-0.25	0	0	-0.25	-0.25	-0.25	-0.25	-0.25	0	0	0	-0.25	0	-0.25	0	0	0	0	0	0	0	-0.25	0	0	0	-0.25	0	-0.25	0	0	0	0	-0.25	0	-0.25	0	0	0	0
Mrps28	0	0.25	0	0	0	0.25	0	0	0	0	0	0	0	0	0	0	0	0	0	0.25	0	0	0	0.25	0.25	0	0	0	0	0	0	0	0	0	0	0	0.25	0.25	0.25	0.25	0	0	0	0
Mrps6	0	0	-0.25	0	-0.25	0	0	-0.25	-0.25	-0.25	0	-0.25	0	-0.25	0	0	0	0	-0.25	-0.25	0	0	-0.75	-0.25	-0.25	-0.25	0	0	0	-0.25	0	0	0	0	-0.25	0	-0.25	-0.25	-0.25	-0.25	-0.25	0	-0.25	0
Mrs2	0	0	-0.25	0	-0.25	0	0	-0.25	-0.25	0	0	-0.25	0	0	0	0	0	0	-0.25	0	0	0	0	0	0	0	0	0	0	-0.25	-0.25	0	-0.25	0	-0.25	0	0	0	0	-0.25	0	0	0	0
Mtbp	0	0	-0.25	0	-0.25	-0.25	-0.25	-0.25	-0.25	0	0	-0.25	-0.25	-0.25	-0.25	-0.25	-0.25	0	0	0	0	0	0	0	0	0	0	0	0	0	0	0	-0.25	0	0	0	-0.25	0	-0.25	0	0	0	0	0
Mttp	0	0	-0.25	0	-0.25	-0.25	-0.25	0	-0.25	0	0	-0.25	-0.25	-0.25	-0.25	-0.25	-0.25	0	0	-0.25	0	0	-0.75	0	0	-0.25	0	-0.25	0	-0.25	0	0	-0.25	-0.25	0	-0.25	-0.25	-0.25	-0.25	-0.25	0	0	0	0
Mus81	0	0	-0.25	0	-0.25	0	0	-0.25	-0.25	-0.25	0	-0.25	0	-0.25	0	0	-0.25	0	0	-0.25	0	0	-0.75	-0.25	-0.25	-0.25	-0.25	0	0	-0.25	0	0	-0.25	0	-0.25	-0.25	-0.25	-0.25	-0.25	-0.25	-0.25	0	-0.25	0
Mx1	0	0	0	0	-0.25	0	-0.25	0	-0.25	0	0	0	0	0	0	-0.25	0	0	0	-0.25	0	0	-0.75	0	0	0	0	0	0	0	0	0	0	0	0	0	-0.25	0	-0.25	0	0	0	0	0
Myo7a	0	0	0	0	-0.25	0	0	0	0	0	0	-0.25	0	-0.25	-0.25	0	0	0	0	0	0	0	0	0	0	0	0	0	0	0	0	0	0	0	0	0	0	0	0	0	0	0	0	0
Nap1l3	0	0.25	0	0	0	0	0	0	0.25	0	0	0	0	0	0	0	0	0	0	0.25	0	0	0.75	0	0.25	0.25	0	0	0	0	0	0	0	0	0	0	0.25	0.25	0.25	0.25	0	0	0	0
Naprt1	0	0	-0.25	0	-0.25	0	0	-0.25	0	0	0	-0.25	0	0	0	0	0	0	0	-0.25	0	0	0	0	0	0	0	0	0	0	0	0	0	0	0	0	-0.25	-0.25	-0.25	-0.25	0	0	0	0
Nat14	0	0	-0.25	0	-0.25	-0.25	-0.25	0	-0.25	-0.25	0	-0.25	-0.25	0	0	-0.25	-0.25	0	0	-0.25	0	0	-0.75	-0.25	-0.25	0	-0.25	0	0	-0.25	0	0	-0.25	0	0	0	-0.25	-0.25	-0.25	-0.25	-0.25	0	0	0
Nck2	0	0	-0.25	0	-0.25	-0.25	-0.25	-0.25	-0.25	0	0	-0.25	0	-0.25	0	-0.25	-0.25	0	-0.25	-0.25	0	0	-0.75	0	0	-0.25	0	0	0	-0.25	-0.25	0	-0.25	-0.25	0	0	-0.25	-0.25	-0.25	-0.25	-0.25	0	0	0
Ncoa5	0	0	-0.25	0	0	0	0	-0.25	-0.25	0	0	-0.25	0	-0.25	0	-0.25	0	0	0	-0.25	0	0	0	0	0	0	-0.25	0	0	0	0	0	0	-0.25	0	0	-0.25	0	-0.25	-0.25	0	0	0	0
Ndrg4	0	0	-0.25	0	-0.25	0	-0.25	-0.25	-0.25	0	0	-0.25	0	0	0	-0.25	-0.25	0	0	-0.25	0	0	-0.75	0	-0.25	0	0	0	0	-0.25	0	0	0	0	-0.25	0	-0.25	-0.25	-0.25	-0.25	0	0	-0.25	0
Ndufaf2	0	0	0	0	-0.25	-0.25	-0.25	-0.25	-0.25	-0.25	-0.25	-0.25	0	-0.25	-0.25	-0.25	-0.25	0	0	-0.25	0	0	-0.75	-0.25	-0.25	-0.25	0	-0.25	-0.25	0	-0.25	0	-0.25	-0.25	0	0	-0.25	-0.25	-0.25	-0.25	0	0	-0.25	0
Necab3	0	0	0	0	-0.25	0	-0.25	0	-0.25	0	0	0	0	0	-0.25	0	0	0	0	0	0	0	-0.75	-0.25	-0.25	-0.25	0	0	0	-0.25	0	0	0	0	0	0	-0.25	0	-0.25	0	0	0	-0.25	0
Neo1	0	0	0	0	-0.25	0	-0.25	0	0	0	0	0	0	0	0	0	0	0	0	0	0	0	0	0	0	0	-0.25	0	0	0	0	0	0	0	0	0	0	0	0	0	0	0	0	0
Nes	0	0	-0.25	0	-0.25	0	0	0	-0.25	-0.25	-0.25	-0.25	-0.25	-0.25	-0.25	0	-0.25	0	0	-0.25	0	0	0	0	0	0	0	0	0	0	0	0	0	0	0	0	-0.25	-0.25	-0.25	-0.25	-0.25	0	-0.25	0
Net1	0	0.25	0	0	0	0.25	0	0	0.25	0	0	0	0	0	0	0	0	0	0	0.25	0.25	0	0	0.25	0.25	0.25	0	0.25	0	0	0.25	0	0	0	0	0	0.25	0.25	0.25	0	0	0.25	0	0
Nhej1	0	0	0	0	-0.25	-0.25	0	-0.25	-0.25	-0.25	-0.25	0	0	0	0	-0.25	0	0	0	-0.25	0	0	-0.75	-0.25	-0.25	-0.25	-0.25	0	0	-0.25	0	0	-0.25	0	-0.25	0	-0.25	-0.25	-0.25	-0.25	-0.25	0	-0.25	0
Nid1	0	0	0	0	-0.25	0	0	0	0	0	0	-0.25	0	0	0	-0.25	0	0	0	0	0	0	0	0	0	0	0	0	0	0	0	0	0	0	0	0	0	-0.25	0	0	0	0	0	0
Nlgn2	0	0.25	0	0.25	0	0.25	0	0	0.25	0	0	0	0	0	0	0	0	0.25	0	0.25	0	0	0.75	0.25	0.25	0.25	0	0	0	0	0	0	0	0	0	0	0.25	0.25	0.25	0.25	0	0	0	0
Nlrp6	0	0	0	0	0	0	0	0	0	0	0	0	0	0	0	0	0	0	0	0	0	0	0	0	0	0	0	-0.25	-0.25	0	-0.25	0	0	-0.25	0	0	-0.25	-0.25	0	0	0	0	0	0
Nlrx1	0	0	0	0	-0.25	0	0	0	0	0	0	-0.25	0	0	0	0	0	0	0	0	0	0	0	0	0	0	0	0	0	0	0	0	0	0	0	0	0	0	-0.25	0	-0.25	0	0	0
Nmb	0	0	0	0	0	0.25	0	0	0.25	0	0	0	0	0	0	0	0	0	0	0	0	0	0	0.25	0	0.25	0	0	0	0	0	0	0	0	0	0	0	0	0	0.25	0	0	0	0
Nmnat1	0	0	-0.25	0	-0.25	-0.25	-0.25	0	-0.25	0	0	-0.25	-0.25	-0.25	-0.25	-0.25	-0.25	0	0	-0.25	0	0	0	0	0	0	0	-0.25	0	0	-0.25	0	-0.25	0	0	0	-0.25	-0.25	0	0	0	0	0	0
Nmnat3	0	0.25	0	0	0	0.25	0	0	0.25	0	0	0	0	0	0	0	0	0	0	0.25	0.25	0	0.75	0.25	0.25	0.25	0	0	0	0	0.25	0	0	0	0	0	0.25	0.25	0.25	0.25	0	0	0	0
Nol10	0	0.25	0	0	0	0	0	0	0.25	0	0	0	0	0	0	0	0	0	0	0.25	0.25	0	0	0	0	0	0	0	0	0	0	0	0	0	0	0	0	0	0	0	0	0	0	0
Nol12	0	0.25	0	0	0	0.25	0	0	0.25	0	0	0	0	0	0	0	0	0	0	0.25	0.25	0.25	0.75	0.25	0.25	0.25	0	0	0	0	0.25	0	0	0	0	0	0.25	0.25	0.25	0.25	0	0.25	0	0
Nt5c2	0	0.25	0	0	0	0.25	0	0	0.25	0	0	0	0	0	0	0	0	0.25	0	0.25	0.25	0	0.75	0.25	0.25	0.25	0	0	0	0	0	0	0	0	0	0	0.25	0.25	0.25	0.25	0	0.25	0	0
Ntng2	0.25	0.25	0	0.25	0	0	0	0	0	0	0	0	0	0	0	0	0	0.25	0	0.25	0.25	0	0	0	0	0	0	0	0	0	0	0	0	0	0	0	0.25	0	0.25	0.25	0	0.25	0	0
Nudcd1	0	0	0	0	-0.25	0	0	-0.25	-0.25	0	0	0	0	-0.25	0	0	-0.25	0	0	0	0	0	0	0	0	0	-0.25	0	0	0	-0.25	0	0	0	-0.25	-0.25	-0.25	-0.25	-0.25	-0.25	0	0	0	-0.25
Nudt14	0	0	-0.25	0	-0.25	-0.25	-0.25	0	-0.25	-0.25	-0.25	-0.25	0	-0.25	0	-0.25	-0.25	0	0	-0.25	0	0	-0.75	-0.25	-0.25	-0.25	0	0	0	-0.25	-0.25	0	0	0	0	0	-0.25	-0.25	-0.25	-0.25	-0.25	0	-0.25	0
Nudt18	0	0	0	0	0	0	0	0	-0.25	0	0	0	0	0	0	-0.25	0	0	0	-0.25	0	0	0	-0.25	-0.25	-0.25	-0.25	0	0	0	0	0	-0.25	0	0	0	-0.25	-0.25	-0.25	-0.25	-0.25	0	-0.25	0
Nudt7	0	0	0	0	0	0	0	-0.25	-0.25	0	0	-0.25	0	0	0	0	0	0	0	-0.25	0	0	-0.75	-0.25	-0.25	-0.25	-0.25	0	0	-0.25	0	0	-0.25	0	-0.25	0	-0.25	-0.25	0	-0.25	-0.25	0	-0.25	0
Nup107	0	0	-0.25	0	-0.25	-0.25	-0.25	-0.25	-0.25	-0.25	-0.25	-0.25	0	-0.25	-0.25	-0.25	-0.25	0	0	-0.25	0	0	-0.75	-0.25	-0.25	-0.25	0	0	0	-0.25	-0.25	0	0	-0.25	-0.25	0	-0.25	-0.25	-0.25	-0.25	0	0	-0.25	0
Olr1	0	0	0	0	0	0	0	0	0.25	0	0	0	0	0	0	0	0	0	0	0.25	0.25	0	0	0	0	0	0	0.25	0	0	0	0	0	0	0	0	0	0	0	0	0	0.25	0	0
Opn3	0	0	-0.25	0	-0.25	-0.25	-0.25	-0.25	-0.25	0	0	0	0	0	0	-0.25	0	0	-0.25	-0.25	0	0	0	-0.25	-0.25	-0.25	-0.25	0	0	0	0	0	0	0	0	0	-0.25	-0.25	-0.25	-0.25	-0.25	0	-0.25	0
Orm3	0	0	0	0	-0.25	0	0	0	0	0	0	0	0	0	0	0	0	0	0	0	0	0	0	0	0	0	0	0	0	0	0	0	0	0	0	0	0	0	0	0	0	0	0	0
Ovca2	0	0	-0.25	0	-0.25	-0.25	-0.25	-0.25	-0.25	-0.25	-0.25	-0.25	-0.25	-0.25	-0.25	-0.25	-0.25	0	-0.25	-0.25	0	0	-0.75	-0.25	-0.25	-0.25	0	-0.25	0	-0.25	-0.25	0	-0.25	-0.25	0	0	-0.25	-0.25	-0.25	-0.25	-0.25	0	-0.25	0
P2ry13	0	0	0	0	0	0	0	0	0	0	0	-0.25	0	-0.25	0	-0.25	0	0	0	0	0	0	0	0	-0.25	0	0	0	0	0	0	0	0	0	0	0	-0.25	-0.25	-0.25	-0.25	0	0	0	0
Pacsin1	0	0	-0.25	0	-0.25	0	-0.25	0	-0.25	-0.25	-0.25	-0.25	0	0	0	0	-0.25	0	0	0	0	0	0	0	0	0	0	0	0	-0.25	-0.25	0	-0.25	0	0	0	-0.25	-0.25	-0.25	-0.25	0	0	0	0
Palb2	0	0	-0.25	0	-0.25	-0.25	-0.25	-0.25	-0.25	0	0	-0.25	-0.25	-0.25	-0.25	0	-0.25	0	-0.25	-0.25	0	0	0	0	0	0	0	0	0	-0.25	0	0	-0.25	0	-0.25	0	-0.25	-0.25	-0.25	-0.25	0	0	0	0
Papd7	0	0	-0.25	0	-0.25	-0.25	-0.25	-0.25	-0.25	-0.25	-0.25	-0.25	-0.25	0	0	-0.25	-0.25	0	-0.25	-0.25	0	0	-0.75	-0.25	-0.25	-0.25	-0.25	0	0	-0.25	0	0	-0.25	-0.25	-0.25	0	-0.25	-0.25	-0.25	-0.25	-0.25	0	-0.25	0
Parp3	0	0	0	0	-0.25	-0.25	0	0	-0.25	-0.25	-0.25	-0.25	0	-0.25	0	-0.25	0	0	0	-0.25	0	0	-0.75	-0.25	-0.25	-0.25	0	0	0	0	-0.25	0	-0.25	-0.25	-0.25	0	-0.25	-0.25	-0.25	-0.25	0	0	-0.25	0
Pax5	0	0	0	0	-0.25	0	-0.25	0	0	0	0	0	0	0	0	0	0	0	0	0	0	0	0	0	0	0	-0.25	0	0	0	0	0	-0.25	0	0	0	0	0	0	0	0	0	0	0
Pccb	0	0.25	0	0	0	0.25	0	0	0.25	0	0	0	0	0	0	0	0	0.25	0	0.25	0.25	0	0	0	0.25	0	0	0.25	0	0	0.25	0	0	0	0	0	0.25	0.25	0.25	0.25	0	0	0	0
Pcmt1	0	0	-0.25	0	-0.25	-0.25	0	-0.25	-0.25	-0.25	0	-0.25	0	-0.25	0	-0.25	-0.25	0	-0.25	-0.25	0	0	-0.75	0	0	0	-0.25	-0.25	0	-0.25	-0.25	0	-0.25	0	0	0	-0.25	-0.25	-0.25	-0.25	0	0	-0.25	0
Pcolce	0	0	-0.25	0	-0.25	0	-0.25	-0.25	-0.25	0	0	-0.25	-0.25	0	-0.25	-0.25	-0.25	0	0	-0.25	0	0	-0.75	-0.25	-0.25	-0.25	0	-0.25	-0.25	-0.25	-0.25	0	0	-0.25	0	0	-0.25	-0.25	-0.25	-0.25	0	0	-0.25	0
Pcyt2	0	0	-0.25	0	-0.25	0	-0.25	-0.25	-0.25	0	0	-0.25	-0.25	-0.25	-0.25	0	-0.25	0	-0.25	-0.25	0	0	-0.75	-0.25	-0.25	-0.25	-0.25	0	0	-0.25	0	0	-0.25	0	0	0	-0.25	-0.25	-0.25	-0.25	-0.25	0	-0.25	0
Pdgfb	0	0	0	0	0	0	0	0	-0.25	-0.25	-0.25	0	0	-0.25	0	-0.25	0	0	-0.25	0	0	0	0	0	0	0	-0.25	0	0	-0.25	0	0	0	0	0	0	0	0	0	0	0	0	-0.25	0
Pdgfc	0	0	-0.25	0	-0.25	-0.25	0	0	-0.25	0	0	-0.25	0	-0.25	0	0	-0.25	0	0	-0.25	0	0	-0.75	-0.25	-0.25	0	-0.25	0	0	0	0	0	0	-0.25	0	0	-0.25	-0.25	-0.25	-0.25	0	0	-0.25	0
Pdgfra	0	0	0	0	-0.25	0	0	0	0	0	0	0	-0.25	0	0	-0.25	0	0	0	-0.25	0	0	0	0	0	0	0	0	0	0	0	0	0	0	0	0	0	0	0	0	-0.25	0	0	0
Pdlim3	0	0	0	0	0	0	0	0	-0.25	0	0	-0.25	0	-0.25	0	-0.25	0	0	0	-0.25	0	0	0	0	0	0	0	0	0	0	0	0	0	0	0	0	0	0	0	0	0	0	0	0
Pdpn	0	0	0	0	-0.25	0	-0.25	-0.25	-0.25	0	0	-0.25	-0.25	-0.25	0	-0.25	0	0	0	-0.25	0	0	0	0	0	0	0	0	0	-0.25	0	0	-0.25	-0.25	0	0	-0.25	-0.25	-0.25	-0.25	0	0	-0.25	0
Pdzrn3	0	0	0	0	0	0	0	0	0	-0.25	0	0	0	0	0	0	0	0	0	0	0	0	0	0	0	0	0	0	0	0	0	0	0	-0.25	0	0	0	0	0	0	0	0	0	0
Peg3	0	0	0	0	0	0	0	0	-0.25	0	0	-0.25	0	0	0	0	0	0	0	-0.25	0	0	-0.75	-0.25	-0.25	-0.25	0	0	0	0	0	0	-0.25	0	0	0	-0.25	-0.25	-0.25	-0.25	-0.25	0	-0.25	0
Pex26	0	0	0	0	0	0	0	0	-0.25	0	0	0	0	-0.25	0	0	0	0	0	0	0	0	0	0	0	0	0	0	0	0	0	0	-0.25	0	-0.25	-0.25	0	0	0	0	0	0	0	-0.25
Pf4	0	0	0	0	0	0	-0.25	0	0	0	0	-0.25	0	0	-0.25	0	0	0	0	0	0	0	0	0	0	0	0	0	0	0	-0.25	0	0	0	0	0	-0.25	0	0	0	-0.25	0	0	0
Phlpp1	0	0.25	0	0.25	0	0.25	0	0	0.25	0	0	0	0	0	0	0	0	0.25	0	0.25	0.25	0	0.75	0.25	0.25	0	0	0	0	0	0	0	0	0	0	0	0.25	0.25	0.25	0.25	0	0.25	0	0
Pigo	0	0	-0.25	0	-0.25	0	-0.25	0	-0.25	0	0	-0.25	-0.25	-0.25	-0.25	0	-0.25	0	0	-0.25	0	0	0	0	0	0	0	0	0	0	0	0	-0.25	-0.25	-0.25	-0.25	-0.25	-0.25	0	0	0	0	0	0
Pigv	0	0	-0.25	0	0	0	-0.25	-0.25	-0.25	-0.25	0	-0.25	0	-0.25	-0.25	-0.25	-0.25	0	0	-0.25	0	0	-0.75	-0.25	-0.25	-0.25	-0.25	0	0	-0.25	0	0	-0.25	0	-0.25	0	-0.25	-0.25	-0.25	-0.25	-0.25	0	-0.25	0
Pih1d1	0	0.25	0	0	0	0	0	0	0.25	0	0	0	0	0	0	0	0	0.25	0	0.25	0	0	0.75	0.25	0.25	0.25	0	0	0	0	0	0	0	0	0	0	0.25	0.25	0.25	0.25	0	0	0	0
Pik3ip1	0	0	-0.25	0	-0.25	-0.25	-0.25	0	-0.25	-0.25	0	-0.25	0	0	0	-0.25	0	0	0	-0.25	0	0	0	0	0	0	0	-0.25	0	-0.25	-0.25	0	0	0	0	0	-0.25	-0.25	-0.25	-0.25	0	0	0	0
Pja1	0.25	0.25	0	0.25	0	0.25	0	0	0.25	0	0	0	0	0	0	0	0	0.25	0	0.25	0.25	0	0	0	0	0	0	0	0	0	0	0	0	0	0	0	0.25	0	0.25	0.25	0	0.25	0	0
Pkn3	0	0	0	0	0	0	0	0	0.25	0	0	0	0	0	0	0	0	0.25	0	0.25	0	0	0	0	0	0	0	0	0	0	0.25	0	0	0	0	0	0.25	0.25	0.25	0	0	0	0	0
Pkp3	0	0.25	0	0	0	0	0	0	0.25	0	0	0	0	0	0	0	0	0	0	0.25	0.25	0	0.75	0.25	0	0	0	0	0	0	0	0	0	0	0	0	0.25	0.25	0.25	0.25	0	0	0	0
Pla2g6	0	0	-0.25	0	-0.25	0	-0.25	0	-0.25	-0.25	-0.25	-0.25	0	0	0	-0.25	-0.25	0	0	-0.25	0	0	-0.75	-0.25	-0.25	-0.25	-0.25	0	0	-0.25	0	0	0	-0.25	0	0	-0.25	-0.25	-0.25	-0.25	-0.25	0	-0.25	0
Plagl1	0	0	0	0	0	0	0	0	0	0	0	0	0	0	0	0	0	0	0	0.25	0	0	0	0	0	0	0	0	0	0	0	0	0	0	0	0	0	0	0.25	0	0	0	0	0
Plau	0	0	0	0	-0.25	-0.25	0	0	-0.25	-0.25	0	-0.25	-0.25	-0.25	0	-0.25	0	0	-0.25	-0.25	0	0	0	-0.25	-0.25	-0.25	0	0	-0.25	0	-0.25	0	0	-0.25	-0.25	0	-0.25	0	0	0	-0.25	0	-0.25	0
Pld2	0	0	-0.25	0	-0.25	-0.25	-0.25	-0.25	-0.25	-0.25	-0.25	-0.25	0	-0.25	0	-0.25	-0.25	0	-0.25	-0.25	0	0	0	-0.25	-0.25	-0.25	-0.25	0	0	-0.25	0	0	-0.25	-0.25	-0.25	0	-0.25	-0.25	-0.25	-0.25	0	0	-0.25	0
Plekhj1	0	0	-0.25	0	-0.25	-0.25	-0.25	-0.25	-0.25	-0.25	0	-0.25	0	-0.25	-0.25	0	0	0	0	-0.25	0	0	-0.75	0	0	0	-0.25	0	0	-0.25	0	0	-0.25	0	-0.25	0	-0.25	0	-0.25	-0.25	-0.25	0	0	0
Plin3	0	0	-0.25	0	-0.25	-0.25	-0.25	-0.25	-0.25	-0.25	0	0	0	-0.25	-0.25	-0.25	0	0	-0.25	-0.25	0	0	0	-0.25	-0.25	-0.25	-0.25	-0.25	-0.25	0	-0.25	0	-0.25	-0.25	-0.25	-0.25	-0.25	-0.25	-0.25	-0.25	-0.25	0	-0.25	0
Pms1	0	0	-0.25	0	-0.25	0	-0.25	0	-0.25	0	0	-0.25	-0.25	-0.25	-0.25	0	-0.25	0	0	0	0	0	0	0	0	0	0	-0.25	0	-0.25	-0.25	0	0	-0.25	-0.25	0	0	-0.25	0	0	0	0	0	0
Pnpla6	0	0	0	0	0	0	0	-0.25	-0.25	0	0	0	0	-0.25	0	0	0	0	0	-0.25	0	0	-0.75	0	-0.25	-0.25	0	0	0	0	0	0	0	0	-0.25	-0.25	-0.25	-0.25	-0.25	-0.25	0	0	-0.25	0
Polh	0	0	0	0	-0.25	-0.25	0	-0.25	-0.25	0	0	-0.25	0	0	-0.25	-0.25	-0.25	0	0	-0.25	0	0	0	-0.25	-0.25	-0.25	-0.25	0	0	-0.25	0	0	-0.25	0	-0.25	0	-0.25	-0.25	-0.25	0	0	0	-0.25	0
Poli	0	0	-0.25	0	-0.25	-0.25	0	-0.25	-0.25	-0.25	-0.25	-0.25	0	-0.25	0	0	-0.25	0	-0.25	0	0	0	0	0	0	0	0	0	0	-0.25	0	0	0	0	-0.25	-0.25	-0.25	-0.25	0	0	0	0	0	0
Polk	0	0	-0.25	0	-0.25	-0.25	-0.25	-0.25	-0.25	-0.25	-0.25	-0.25	-0.25	-0.25	-0.25	-0.25	-0.25	0	0	-0.25	0	0	0	-0.25	-0.25	0	-0.25	0	0	-0.25	0	0	-0.25	0	-0.25	-0.25	-0.25	-0.25	-0.25	-0.25	0	0	-0.25	-0.25
Pop1	0	0	0	0	-0.25	0	0	-0.25	-0.25	0	0	0	0	-0.25	0	0	0	0	0	-0.25	0	0	0	0	0	0	0	0	0	-0.25	0	0	0	0	-0.25	-0.25	0	0	0	0	0	0	0	-0.25
Ppbp	0	0	0	0	0	0	-0.25	0	0	0	0	-0.25	0	0	-0.25	0	0	0	0	0	0	0	0	0	0	0	0	0	0	0	-0.25	0	0	0	0	0	-0.25	0	0	0	-0.25	0	0	0
Ppm1f	0	0	0	0	-0.25	0	0	0	0	0	0	0	0	0	0	0	0	0	0	-0.25	0	0	0	0	0	0	0	0	0	-0.25	0	0	0	0	-0.25	0	-0.25	-0.25	-0.25	-0.25	0	0	0	0
Ppp1r14b	0	0.25	0	0	0	0.25	0	0	0.25	0	0	0	0	0	0	0	0	0.25	0	0.25	0	0	0.75	0.25	0.25	0.25	0	0	0	0	0.25	0	0	0	0	0	0.25	0.25	0.25	0.25	0	0.25	0	0
Ppp3cc	0	0	-0.25	0	0	0	0	-0.25	-0.25	0	0	-0.25	0	-0.25	-0.25	0	0	0	-0.25	0	0	0	0	0	0	0	-0.25	0	0	-0.25	0	0	0	-0.25	-0.25	0	0	0	0	-0.25	0	0	0	0
Prdm8	0	0	0	0	0	0.25	0	0	0.25	0	0	0	0	0	0	0	0	0.25	0	0.25	0	0	0	0	0	0	0	0	0	0	0.25	0	0	0	0	0	0.25	0.25	0	0.25	0	0	0	0
Prelid2	0	0	-0.25	0	-0.25	0	0	0	-0.25	-0.25	-0.25	-0.25	-0.25	-0.25	0	0	-0.25	0	0	0	0	0	0	0	0	0	0	0	0	0	0	0	-0.25	0	0	0	-0.25	0	-0.25	0	0	0	0	0
Prickle1	0	0	-0.25	0	-0.25	-0.25	-0.25	-0.25	-0.25	-0.25	0	-0.25	0	-0.25	0	0	0	0	0	-0.25	0	0	-0.75	0	-0.25	0	0	0	0	-0.25	0	0	0	0	-0.25	0	-0.25	-0.25	-0.25	-0.25	0	0	0	0
Prkcsh	0.25	0.25	0	0	0	0	0	0	0.25	0	0	0	0	0	0	0	0	0	0	0	0	0	0	0	0	0	0	0.25	0	0	0.25	0	0	0	0	0	0.25	0.25	0.25	0	0	0	0	0
Procr	0	0.25	0	0.25	0	0	0	0	0.25	0	0	0	0	0	0	0	0	0	0	0.25	0.25	0	0.75	0.25	0.25	0	0	0	0	0	0	0	0	0	0	0	0.25	0	0	0	0	0	0	0
Psrc1	0	0	-0.25	0	-0.25	0	0	0	-0.25	0	0	0	0	0	0	-0.25	-0.25	0	0	-0.25	0	0	0	0	0	0	0	0	0	0	0	0	0	0	0	0	-0.25	-0.25	0	0	0	0	-0.25	0
Ptgis	0	0	0	0	-0.25	0	0	0	0	0	0	0	0	-0.25	0	0	0	0	0	0	0	0	0	0	0	0	0	0	0	0	0	0	-0.25	0	0	0	0	0	0	0	0	0	0	0
Ptpn13	0	0	-0.25	0	0	-0.25	0	0	0	0	0	-0.25	0	0	0	0	0	0	0	0	0	0	0	0	0	0	0	0	0	0	0	0	-0.25	0	0	0	0	0	0	-0.25	0	0	0	0
Ptpn14	0	0	0	0	-0.25	0	0	0	0	0	0	-0.25	-0.25	-0.25	0	-0.25	0	0	0	-0.25	0	0	0	0	0	0	0	0	0	0	0	0	-0.25	0	0	0	0	0	0	0	0	0	0	0
Ptpn21	0	0	-0.25	0	-0.25	-0.25	-0.25	-0.25	-0.25	-0.25	0	-0.25	0	-0.25	0	-0.25	-0.25	0	0	-0.25	0	0	-0.75	0	0	-0.25	-0.25	0	0	-0.25	0	0	0	0	-0.25	-0.25	-0.25	-0.25	-0.25	-0.25	-0.25	0	-0.25	-0.25
Pwwp2b	0	0	-0.25	0	-0.25	-0.25	-0.25	0	-0.25	-0.25	-0.25	-0.25	-0.25	-0.25	0	-0.25	0	0	0	-0.25	0	0	0	0	0	0	-0.25	0	0	-0.25	0	0	-0.25	0	0	0	-0.25	-0.25	-0.25	-0.25	0	0	0	0
Pygo2	0	0	0	0	0	0	-0.25	-0.25	-0.25	-0.25	0	-0.25	0	-0.25	-0.25	-0.25	-0.25	0	0	-0.25	0	0	-0.75	0	0	0	-0.25	0	0	0	0	0	-0.25	-0.25	0	0	-0.25	-0.25	-0.25	-0.25	-0.25	0	-0.25	0
Qpct	0	0	0	0	0	0	0	0	-0.25	-0.25	-0.25	0	0	-0.25	0	-0.25	0	0	0	-0.25	0	0	0	0	0	0	0	0	0	0	0	0	0	-0.25	0	-0.25	0	0	0	0	0	0	0	0
Rab11fip2	0	0.25	0	0	0	0.25	0	0	0.25	0	0	0	0	0	0	0	0	0.25	0	0.25	0	0	0.75	0.25	0.25	0.25	0	0	0	0	0	0	0	0	0	0	0.25	0.25	0.25	0.25	0	0.25	0	0
Rab11fip3	0.25	0.25	0	0.25	0	0.25	0	0	0.25	0	0	0	0	0	0	0	0	0.25	0	0	0.25	0	0	0	0	0	0	0	0	0	0	0	0	0	0	0	0.25	0.25	0.25	0.25	0	0.25	0	0
Rab39	0	0	-0.25	0	-0.25	-0.25	-0.25	-0.25	-0.25	-0.25	-0.25	-0.25	0	-0.25	0	-0.25	-0.25	0	-0.25	-0.25	0	0	-0.75	-0.25	-0.25	-0.25	-0.25	-0.25	0	-0.25	-0.25	0	-0.25	0	0	0	-0.25	-0.25	-0.25	-0.25	-0.25	0	-0.25	0
Rab39b	0	0	0	0	0	0	0	0	0	0	0	0	0	0	0	0	0	0	0	0	0.25	0	0	0	0	0	0	0	0	0	0	0	0	0	0	0	0	0	0	0	0	0	0	0
Rac3	0	0	0	0	0	0	0	0	0.25	0	0	0	0	0	0	0	0	0	0	0.25	0	0	0.75	0.25	0.25	0.25	0	0.25	0	0	0.25	0	0	0	0	0	0.25	0.25	0.25	0.25	0	0	0	0
Rad50	0	0	0	0	0	0	-0.25	0	-0.25	0	0	0	0	0	0	0	0	0	0	0	0	0	0	0	0	0	-0.25	0	0	0	0	0	0	0	-0.25	0	-0.25	0	0	-0.25	-0.25	0	0	0
Rad51	0	0	0	0	0	-0.25	0	0	-0.25	0	0	-0.25	0	-0.25	-0.25	0	-0.25	0	-0.25	0	0	0	0	0	0	0	0	0	0	0	0	0	0	0	-0.25	-0.25	0	0	0	0	0	0	0	0
Rae1	0	0	-0.25	0	-0.25	-0.25	-0.25	-0.25	-0.25	0	0	-0.25	0	-0.25	-0.25	0	-0.25	0	-0.25	-0.25	0	0	-0.75	-0.25	-0.25	-0.25	0	0	0	-0.25	0	0	-0.25	-0.25	-0.25	-0.25	-0.25	-0.25	-0.25	-0.25	0	0	-0.25	-0.25
Rasgrp3	0	0	0	0	0	0	0	0	0	0	0	0	0	0	0	0	0	0	0	0.25	0.25	0	0	0	0.25	0	0	0	0	0	0.25	0	0	0	0	0	0	0	0	0	0	0.25	0	0
Rcsd1	0	0	-0.25	0	-0.25	-0.25	-0.25	0	-0.25	0	0	-0.25	-0.25	-0.25	-0.25	-0.25	-0.25	0	0	-0.25	0	0	0	-0.25	-0.25	0	-0.25	-0.25	-0.25	-0.25	-0.25	0	-0.25	-0.25	-0.25	0	-0.25	-0.25	-0.25	-0.25	0	0	0	-0.25
Relt	0	0	0	0	-0.25	-0.25	-0.25	0	-0.25	-0.25	0	-0.25	0	-0.25	0	-0.25	-0.25	0	-0.25	-0.25	0	0	-0.75	-0.25	-0.25	-0.25	0	0	0	-0.25	0	0	-0.25	0	0	0	-0.25	-0.25	-0.25	-0.25	0	0	-0.25	0
Rgs3	0	0	0	0	-0.25	-0.25	-0.25	0	-0.25	-0.25	0	-0.25	-0.25	-0.25	0	-0.25	-0.25	0	-0.25	0	0	0	0	0	-0.25	0	-0.25	-0.25	-0.25	-0.25	-0.25	0	-0.25	-0.25	-0.25	0	-0.25	-0.25	-0.25	-0.25	0	0	-0.25	0
Rhoc	0	0	0	0	-0.25	0	0	0	-0.25	-0.25	-0.25	-0.25	0	-0.25	0	0	-0.25	0	0	-0.25	0	0	-0.75	-0.25	-0.25	-0.25	-0.25	0	0	0	0	0	-0.25	0	0	0	-0.25	-0.25	-0.25	-0.25	-0.25	0	-0.25	0
Rmnd5b	0	0	-0.25	0	-0.25	-0.25	0	-0.25	-0.25	0	0	-0.25	-0.25	-0.25	-0.25	0	-0.25	0	0	-0.25	0	0	0	-0.25	0	0	0	0	0	-0.25	0	0	-0.25	0	-0.25	-0.25	-0.25	-0.25	-0.25	-0.25	0	0	0	-0.25
Rnf125	0	0	0	0	0	0	0	0	0.25	0	0	0	0	0	0	0	0	0.25	0	0.25	0	0	0	0	0	0	0	0	0	0	0.25	0	0	0	0	0	0.25	0.25	0.25	0.25	0	0.25	0	0
Rnf157	0.25	0.25	0	0	0	0.25	0	0	0.25	0	0	0	0	0	0	0	0	0.25	0	0.25	0.25	0	0.75	0.25	0.25	0.25	0	0.25	0	0	0.25	0	0	0	0	0	0.25	0.25	0.25	0.25	0	0.25	0	0
Rnf43	0.25	0.25	0	0.25	0	0.25	0	0	0.25	0	0	0	0	0	0	0	0	0.25	0	0.25	0.25	0	0.75	0.25	0.25	0.25	0	0	0	0	0.25	0	0	0	0	0	0.25	0.25	0.25	0.25	0	0.25	0	0
Rpa1	0	0	0	0	-0.25	0	0	0	0	0	0	-0.25	-0.25	0	0	0	0	0	0	-0.25	0	0	0	-0.25	-0.25	-0.25	-0.25	0	0	0	0	0	-0.25	0	0	-0.25	-0.25	-0.25	-0.25	-0.25	-0.25	0	-0.25	0
Rpa2	0	0	0	0	0	0.25	0	0	0.25	0	0	0	0	0	0	0	0	0	0	0.25	0.25	0	0	0	0	0	0	0.25	0	0	0.25	0	0	0	0	0	0.25	0.25	0.25	0	0	0	0	0
Rpgrip1l	0	0	0	0	0	0	0	-0.25	-0.25	0	0	0	0	-0.25	0	0	0	0	0	0	0	0	-0.75	0	0	0	0	0	0	0	0	0	0	0	-0.25	-0.25	-0.25	-0.25	-0.25	0	0	0	0	-0.25
Rpusd2	0	0.25	0	0.25	0	0	0	0	0	0	0	0	0	0	0	0	0	0	0	0.25	0	0	0.75	0.25	0.25	0.25	0	0.25	0	0	0.25	0	0	0	0	0	0.25	0.25	0.25	0.25	0	0.25	0	0
Rrm2	0	0	-0.25	0	-0.25	0	-0.25	-0.25	-0.25	0	0	-0.25	0	-0.25	0	-0.25	0	0	-0.25	-0.25	0	0	-0.75	-0.25	-0.25	-0.25	0	-0.25	0	0	0	0	-0.25	0	-0.25	0	-0.25	0	-0.25	-0.25	0	0	-0.25	0
Rsad2	0	0	0	0	-0.25	0	0	0	0	0	0	0	0	0	0	0	0	0	0	-0.25	0	0	-0.75	-0.25	-0.25	-0.25	-0.25	0	0	0	0	0	0	0	0	0	-0.25	0	-0.25	-0.25	0	0	-0.25	0
Rusc1	0	0.25	0	0	0	0.25	0	0	0.25	0	0	0	0	0	0	0	0	0	0	0.25	0.25	0	0.75	0.25	0	0	0	0.25	0	0	0.25	0	0	0	0	0	0.25	0.25	0.25	0.25	0	0.25	0	0
Ruvbl2	0	0	-0.25	0	-0.25	0	-0.25	0	-0.25	-0.25	-0.25	-0.25	0	0	-0.25	-0.25	-0.25	0	-0.25	-0.25	0	0	-0.75	-0.25	-0.25	-0.25	0	-0.25	0	-0.25	-0.25	0	-0.25	0	0	0	-0.25	-0.25	-0.25	-0.25	0	0	-0.25	0
S100a1	0	0	-0.25	0	0	-0.25	0	0	-0.25	-0.25	-0.25	-0.25	0	-0.25	0	0	-0.25	0	0	-0.25	0	0	-0.75	-0.25	-0.25	-0.25	0	0	0	0	0	0	-0.25	0	0	0	-0.25	-0.25	-0.25	-0.25	-0.25	0	-0.25	0
Saa3	0	0	-0.25	0	-0.25	-0.25	0	-0.25	-0.25	0	0	-0.25	0	-0.25	0	0	0	0	0	0	0	0	0	0	0	0	0	0	0	-0.25	0	0	0	0	-0.25	0	0	0	0	-0.25	0	0	0	0
Sall2	0	0	-0.25	0	0	-0.25	0	0	-0.25	0	0	-0.25	-0.25	-0.25	-0.25	0	-0.25	0	0	-0.25	0	0	0	-0.25	-0.25	-0.25	0	0	0	0	0	0	-0.25	0	0	0	-0.25	0	-0.25	-0.25	0	0	-0.25	0
Samd4	0	0	0	0	-0.25	0	0	0	0	0	0	0	0	0	0	-0.25	0	0	0	0	0	0	0	0	0	0	0	-0.25	0	0	0	0	-0.25	0	0	0	-0.25	-0.25	0	0	0	0	0	0
Sass6	0	0	-0.25	0	-0.25	-0.25	0	0	0	0	0	-0.25	-0.25	-0.25	0	0	0	0	0	-0.25	0	0	0	0	0	0	-0.25	0	0	0	0	0	-0.25	0	0	0	0	0	0	0	0	0	-0.25	0
Scaper	0.25	0.25	0	0.25	0	0.25	0	0	0.25	0	0	0	0	0	0	0	0	0.25	0	0.25	0.25	0	0.75	0.25	0.25	0.25	0	0	0	0	0	0	0	0	0	0	0.25	0.25	0.25	0.25	0	0.25	0	0
Scml4	0	0.25	0	0	0	0	0	0	0.25	0	0	0	0	0	0	0	0	0	0	0.25	0.25	0	0	0.25	0	0	0	0	0	0	0	0	0	0	0	0	0.25	0	0	0	0	0.25	0	0
Sec14l2	0	0	0	0	-0.25	0	0	0	-0.25	0	0	-0.25	-0.25	-0.25	0	-0.25	-0.25	0	0	-0.25	0	0	0	-0.25	-0.25	-0.25	-0.25	-0.25	-0.25	0	0	0	-0.25	-0.25	0	0	-0.25	-0.25	-0.25	-0.25	0	0	-0.25	0
Sema6d	0	0	-0.25	0	-0.25	0	-0.25	0	-0.25	-0.25	-0.25	-0.25	-0.25	-0.25	0	-0.25	-0.25	0	-0.25	-0.25	0	0	-0.75	-0.25	-0.25	-0.25	-0.25	0	0	-0.25	-0.25	0	-0.25	-0.25	-0.25	0	-0.25	-0.25	-0.25	-0.25	-0.25	0	-0.25	0
Serf1	0.25	0.25	0	0.25	0	0.25	0	0	0.25	0	0	0	0	0	0	0	0	0.25	0	0.25	0.25	0	0.75	0.25	0.25	0.25	0	0	0	0	0	0	0	0	0	0	0.25	0.25	0.25	0.25	0	0.25	0	0
Serpina3n	0	0	0	0	-0.25	0	0	0	0	0	0	0	0	-0.25	0	-0.25	0	0	0	0	0	0	0	-0.25	0	0	0	0	0	0	0	0	0	0	0	0	-0.25	-0.25	-0.25	0	0	0	0	0
Serpinb1a	0	0	0	0	-0.25	0	0	0	-0.25	0	0	-0.25	-0.25	-0.25	-0.25	-0.25	0	0	0	-0.25	0	0	0	-0.25	-0.25	0	0	0	0	0	0	0	-0.25	0	-0.25	0	0	0	0	0	-0.25	0	0	0
Serpine1	0	0	0	0	-0.25	0	0	0	-0.25	0	0	-0.25	-0.25	-0.25	0	-0.25	-0.25	0	0	-0.25	0	0	0	0	0	0	0	-0.25	0	0	-0.25	0	0	0	0	0	-0.25	0	0	0	0	0	0	0
Serpinf1	0	0	0	0	0	0	0	0	-0.25	0	0	-0.25	0	-0.25	-0.25	0	0	0	0	-0.25	0	0	0	0	0	0	0	0	0	0	0	0	0	0	0	0	0	0	0	0	0	0	0	0
Serping1	0	0	0	0	-0.25	0	0	0	0	0	0	0	0	0	0	0	0	0	0	0	0	0	0	0	0	0	-0.25	0	0	0	0	0	0	0	0	0	0	0	0	0	0	0	0	0
Serpini1	0	0	-0.25	0	-0.25	-0.25	-0.25	-0.25	-0.25	0	0	-0.25	0	-0.25	0	-0.25	0	0	0	-0.25	0	0	-0.75	-0.25	-0.25	-0.25	-0.25	-0.25	-0.25	0	0	0	-0.25	0	-0.25	-0.25	-0.25	-0.25	-0.25	-0.25	-0.25	0	-0.25	-0.25
Setd4	0	0	0	0	0	0	0	0	0.25	0	0	0	0	0	0	0	0	0	0	0.25	0.25	0.25	0.75	0.25	0.25	0.25	0	0	0	0	0	0	0	0	0	0	0.25	0.25	0.25	0.25	0	0	0	0
Sgcb	0	0	-0.25	0	-0.25	-0.25	0	-0.25	-0.25	0	0	-0.25	0	0	0	0	-0.25	0	0	-0.25	0	0	-0.75	-0.25	-0.25	-0.25	0	0	0	0	0	0	-0.25	0	-0.25	0	-0.25	-0.25	-0.25	-0.25	0	0	-0.25	0
Sgol2	0	0	-0.25	0	0	0	-0.25	0	-0.25	0	0	-0.25	0	0	-0.25	-0.25	-0.25	0	0	-0.25	0	0	-0.75	-0.25	0	-0.25	0	-0.25	-0.25	0	-0.25	0	0	-0.25	0	0	-0.25	-0.25	-0.25	-0.25	0	0	0	0
Sgsm2	0	0	-0.25	0	-0.25	-0.25	0	-0.25	-0.25	0	0	-0.25	0	-0.25	-0.25	-0.25	-0.25	0	0	-0.25	0	0	0	0	0	0	-0.25	0	0	0	0	0	-0.25	-0.25	0	0	-0.25	0	-0.25	0	-0.25	0	0	0
Sgsm3	0	0	0	0	0	0.25	0	0	0.25	0	0	0	0	0	0	0	0	0	0	0	0.25	0	0	0.25	0.25	0.25	0	0	0	0	0	0	0	0	0	0	0.25	0	0.25	0	0	0	0	0
Shank1	0	0	-0.25	0	-0.25	0	-0.25	-0.25	-0.25	-0.25	-0.25	-0.25	0	-0.25	0	-0.25	-0.25	0	0	-0.25	0	0	-0.75	-0.25	-0.25	-0.25	0	0	0	-0.25	-0.25	0	-0.25	-0.25	-0.25	-0.25	-0.25	-0.25	-0.25	-0.25	-0.25	0	-0.25	0
Siglecg	0	0	0	0	-0.25	0	0	0	-0.25	0	0	0	0	0	0	-0.25	0	0	-0.25	0	0	0	0	0	0	0	0	0	0	0	0	0	-0.25	0	0	0	-0.25	0	0	-0.25	0	0	0	0
Sipa1l2	0	0.25	0	0.25	0	0.25	0	0	0.25	0	0	0	0	0	0	0	0	0.25	0	0.25	0.25	0	0	0.25	0.25	0.25	0	0.25	0	0	0.25	0	0	0	0	0	0.25	0.25	0.25	0.25	0	0.25	0	0
Sirt5	0	0	0	0	-0.25	-0.25	0	-0.25	-0.25	0	0	-0.25	0	0	0	0	-0.25	0	0	-0.25	0	0	0	-0.25	-0.25	-0.25	-0.25	0	0	-0.25	0	0	-0.25	0	-0.25	0	-0.25	-0.25	-0.25	-0.25	-0.25	0	-0.25	0
Ska3	0	0.25	0	0	0	0.25	0	0	0.25	0	0	0	0	0	0	0	0	0	0	0.25	0	0	0	0	0	0	0	0	0	0	0	0	0	0	0	0	0	0	0	0	0	0	0	0
Slc1a4	0	0.25	0	0	0	0	0	0	0.25	0	0	0	0	0	0	0	0	0	0	0.25	0.25	0	0	0.25	0.25	0.25	0	0.25	0	0	0	0	0	0	0	0	0.25	0.25	0.25	0.25	0	0	0	0
Slc22a4	0	0.25	0	0	0	0	0	0	0.25	0	0	0	0	0	0	0	0	0	0	0.25	0.25	0	0.75	0.25	0.25	0.25	0	0	0	0	0	0	0	0	0	0	0.25	0.25	0.25	0.25	0	0.25	0	0
Slc26a6	0	0	0	0	-0.25	0	0	0	0	-0.25	0	-0.25	0	0	0	-0.25	0	0	0	-0.25	0	0	0	0	0	0	0	-0.25	-0.25	0	-0.25	0	-0.25	-0.25	0	0	-0.25	0	0	0	0	0	-0.25	0
Slc27a2	0	0	0	0	-0.25	0	0	0	-0.25	-0.25	0	0	0	0	0	0	-0.25	0	0	-0.25	0	0	0	0	0	0	-0.25	0	0	0	0	0	0	0	0	0	-0.25	-0.25	-0.25	-0.25	-0.25	0	0	0
Slc29a2	0	0	0	0	-0.25	-0.25	-0.25	-0.25	-0.25	0	0	0	0	-0.25	0	-0.25	-0.25	0	0	-0.25	0	0	0	0	0	0	0	0	0	0	0	0	0	-0.25	-0.25	-0.25	-0.25	0	-0.25	0	0	0	0	0
Slc37a4	0	0	0	0	-0.25	-0.25	0	-0.25	-0.25	-0.25	0	-0.25	0	0	0	-0.25	-0.25	0	0	-0.25	0	0	-0.75	-0.25	-0.25	-0.25	-0.25	0	0	-0.25	0	0	-0.25	0	-0.25	0	-0.25	-0.25	-0.25	-0.25	-0.25	0	-0.25	0
Slc4a8	0	0	0	0	-0.25	0	-0.25	0	-0.25	0	0	-0.25	-0.25	-0.25	0	-0.25	0	0	0	0	0	0	0	0	0	0	0	-0.25	-0.25	0	-0.25	0	0	-0.25	0	0	-0.25	-0.25	-0.25	-0.25	0	0	-0.25	0
Slc6a11	0	0	0	0	0	0	0	0	0	0	0	0	0	0	0	0	0	0	0	0.25	0	0	0	0	0	0	0	0	0	0	0	0	0	0	0	0	0	0	0	0	0	0	0	0
Slc6a20a	0	0	0	0	0	0	-0.25	0	0	0	0	0	0	0	0	0	0	0	0	0	0	0	0	0	0	0	0	0	0	0	0	0	0	0	0	0	0	-0.25	0	0	0	0	0	0
Slc9a3r2	0	0	-0.25	0	-0.25	-0.25	-0.25	0	-0.25	0	0	-0.25	0	-0.25	0	0	-0.25	0	0	-0.25	0	0	-0.75	0	-0.25	-0.25	0	0	0	-0.25	0	0	0	0	-0.25	-0.25	-0.25	-0.25	-0.25	-0.25	0	0	0	0
Slco2b1	0	0	0	0	-0.25	0	0	0	0	0	0	-0.25	0	-0.25	0	-0.25	0	0	0	0	0	0	0	0	-0.25	0	0	0	0	0	0	0	-0.25	0	0	0	0	0	0	0	-0.25	0	0	0
Slfnl1	0	0	0	0	0	0	0	0	0	0	0	0	0	0	0	0	0	0	0	0	0.25	0	0	0	0.25	0	0	0	0	0	0	0	0	0	0	0	0.25	0	0.25	0	0	0.25	0	0
Smad1	0	0.25	0	0	0	0.25	0	0	0.25	0	0	0	0	0	0	0	0	0.25	0	0.25	0	0	0	0	0	0	0	0	0	0	0	0	0	0	0	0	0	0	0	0.25	0	0	0	0
Smagp	0	0	-0.25	0	-0.25	-0.25	-0.25	-0.25	-0.25	0	0	-0.25	0	-0.25	0	-0.25	-0.25	0	0	-0.25	0	0	-0.75	-0.25	-0.25	-0.25	-0.25	0	0	-0.25	-0.25	0	-0.25	0	0	0	-0.25	-0.25	-0.25	-0.25	-0.25	0	-0.25	-0.25
Smarcal1	0	0	0	0	0	0	0	0	-0.25	0	0	0	0	-0.25	0	-0.25	0	0	0	-0.25	0	0	-0.75	-0.25	-0.25	-0.25	0	0	0	0	0	0	0	0	-0.25	-0.25	-0.25	0	0	-0.25	-0.25	0	-0.25	0
Smarcd1	0	0.25	0	0	0	0.25	0	0	0.25	0	0	0	0	0	0	0	0	0.25	0	0.25	0	0	0.75	0.25	0.25	0.25	0	0	0	0	0	0	0	0	0	0	0.25	0.25	0.25	0.25	0	0.25	0	0
Smyd4	0	0	0	0	0	0	0	0	-0.25	0	0	-0.25	0	-0.25	-0.25	0	0	0	0	-0.25	0	0	0	-0.25	-0.25	-0.25	-0.25	0	0	0	0	0	-0.25	0	0	0	-0.25	-0.25	-0.25	-0.25	-0.25	0	-0.25	0
Snai1	0	0.25	0	0	0	0.25	0	0	0.25	0	0	0	0	0	0	0	0	0.25	0	0.25	0	0.25	0.75	0	0	0	0	0.25	0	0	0	0	0	0	0	0	0.25	0.25	0	0.25	0	0.25	0	0
Snapc4	0	0	-0.25	0	0	-0.25	-0.25	0	-0.25	-0.25	-0.25	-0.25	-0.25	-0.25	-0.25	-0.25	-0.25	0	0	-0.25	0	0	-0.75	-0.25	-0.25	-0.25	-0.25	-0.25	-0.25	-0.25	-0.25	0	0	-0.25	0	0	-0.25	-0.25	-0.25	-0.25	-0.25	0	-0.25	0
Snn	0	0	-0.25	0	-0.25	0	-0.25	0	-0.25	0	0	-0.25	0	0	0	0	-0.25	0	0	-0.25	0	0	-0.75	-0.25	-0.25	-0.25	0	0	0	-0.25	0	0	0	0	0	0	-0.25	-0.25	-0.25	-0.25	0	0	-0.25	0
Sntb2	0	0.25	0	0	0	0.25	0	0	0	0	0	0	0	0	0	0	0	0.25	0	0.25	0.25	0.25	0.75	0.25	0	0.25	0	0	0	0	0	0	0	0	0	0	0.25	0.25	0.25	0.25	0	0	0	0
Snx33	0	0	0	0	0	0.25	0	0	0.25	0	0	0	0	0	0	0	0	0.25	0	0	0	0.25	0.75	0	0	0	0	0.25	0	0	0	0	0	0	0	0	0.25	0	0.25	0.25	0	0.25	0	0
Socs5	0	0	0	0	-0.25	-0.25	0	0	-0.25	0	0	-0.25	0	-0.25	0	-0.25	0	0	-0.25	-0.25	0	0	0	0	0	0	-0.25	-0.25	0	0	0	0	-0.25	0	0	0	-0.25	-0.25	-0.25	-0.25	0	0	-0.25	0
Spag1	0	0	-0.25	0	-0.25	0	-0.25	0	-0.25	-0.25	0	-0.25	-0.25	-0.25	-0.25	-0.25	-0.25	0	0	-0.25	0	0	-0.75	-0.25	-0.25	-0.25	-0.25	0	0	-0.25	0	0	-0.25	-0.25	0	0	-0.25	-0.25	-0.25	-0.25	-0.25	0	-0.25	0
Spag5	0	0	-0.25	0	0	0	0	0	-0.25	-0.25	-0.25	0	-0.25	0	0	0	-0.25	0	0	-0.25	0	0	-0.75	-0.25	-0.25	-0.25	-0.25	0	0	-0.25	-0.25	0	0	0	0	0	-0.25	-0.25	-0.25	-0.25	-0.25	0	-0.25	0
Spag9	0	0.25	0	0	0	0.25	0	0	0.25	0	0	0	0	0	0	0	0	0.25	0	0.25	0.25	0	0.75	0.25	0.25	0.25	0	0.25	0	0	0.25	0	0	0	0	0	0.25	0.25	0.25	0.25	0	0.25	0	0
Sparc	0	0	0	0	-0.25	0	0	0	0	0	0	0	0	0	0	0	0	0	0	-0.25	0	0	0	0	0	0	0	0	0	0	0	0	0	0	0	0	0	0	0	0	0	0	0	0
Spata5l1	0	0	0	0	-0.25	-0.25	-0.25	-0.25	-0.25	0	0	0	0	0	-0.25	0	0	0	0	0	0	0	0	0	0	0	-0.25	0	0	-0.25	-0.25	0	-0.25	0	-0.25	0	0	0	0	0	-0.25	0	0	0
Spc24	0	0	0	0	-0.25	0	-0.25	-0.25	-0.25	-0.25	0	0	0	0	0	0	-0.25	0	0	-0.25	0	0	-0.75	-0.25	-0.25	-0.25	-0.25	0	-0.25	-0.25	-0.25	0	0	0	0	0	-0.25	-0.25	-0.25	-0.25	-0.25	0	-0.25	0
Spred2	0	0	-0.25	0	-0.25	-0.25	-0.25	-0.25	-0.25	0	0	-0.25	0	-0.25	0	-0.25	-0.25	0	-0.25	-0.25	0	0	0	0	0	-0.25	-0.25	-0.25	-0.25	0	-0.25	0	-0.25	-0.25	0	0	-0.25	-0.25	-0.25	-0.25	0	0	0	0
Spry1	0	0	0	0	0	-0.25	-0.25	-0.25	-0.25	0	0	-0.25	0	0	0	0	0	0	0	-0.25	0	0	-0.75	0	0	0	0	0	0	0	0	0	0	0	0	0	-0.25	0	-0.25	-0.25	0	0	0	0
Spsb1	0	0	-0.25	0	-0.25	-0.25	-0.25	-0.25	-0.25	-0.25	0	-0.25	-0.25	-0.25	0	-0.25	-0.25	0	0	-0.25	0	0	-0.75	-0.25	-0.25	-0.25	-0.25	0	0	-0.25	0	0	-0.25	0	0	-0.25	-0.25	-0.25	-0.25	-0.25	-0.25	0	-0.25	0
Src	0	0	-0.25	0	-0.25	0	0	0	-0.25	0	0	-0.25	0	0	0	-0.25	-0.25	0	0	-0.25	0	0	0	-0.25	-0.25	-0.25	-0.25	0	0	0	0	0	-0.25	0	0	0	-0.25	-0.25	-0.25	-0.25	-0.25	0	-0.25	0
Ss18l1	0	0	-0.25	0	-0.25	-0.25	-0.25	-0.25	-0.25	-0.25	-0.25	-0.25	-0.25	0	0	-0.25	-0.25	0	0	-0.25	0	0	-0.75	-0.25	-0.25	-0.25	-0.25	0	0	-0.25	-0.25	0	-0.25	0	-0.25	0	-0.25	-0.25	-0.25	-0.25	-0.25	0	-0.25	0
St13	0	0	-0.25	0	0	-0.25	0	0	-0.25	-0.25	0	-0.25	0	-0.25	0	0	-0.25	0	0	0	0	0	0	0	0	0	-0.25	0	0	0	0	0	0	-0.25	0	0	-0.25	-0.25	-0.25	-0.25	-0.25	0	-0.25	0
Stat2	0	0	-0.25	0	-0.25	-0.25	-0.25	-0.25	-0.25	0	0	-0.25	0	-0.25	0	-0.25	0	0	0	-0.25	0	0	0	-0.25	0	-0.25	0	-0.25	-0.25	0	-0.25	0	-0.25	-0.25	0	0	-0.25	-0.25	-0.25	-0.25	-0.25	0	0	0
Stoml1	0	0	-0.25	0	-0.25	-0.25	0	0	-0.25	0	0	-0.25	-0.25	-0.25	0	-0.25	0	0	0	-0.25	0	0	0	0	0	0	0	-0.25	-0.25	0	-0.25	0	0	0	0	0	-0.25	-0.25	-0.25	-0.25	-0.25	0	-0.25	0
Sult1a1	0	0	0	0	0	0	0	0	0	0	0	-0.25	-0.25	-0.25	0	0	0	0	0	0	0	0	0	0	0	0	0	0	0	0	0	0	0	0	0	0	-0.25	0	0	0	0	0	0	0
Svep1	0	0	0	0	-0.25	0	0	0	0	0	0	-0.25	-0.25	-0.25	0	-0.25	0	0	0	-0.25	0	0	0	0	0	0	0	0	0	0	0	0	-0.25	0	0	0	0	0	0	0	0	0	0	0
Syn1	0	0	-0.25	0	0	-0.25	0	0	0	0	0	-0.25	0	-0.25	0	-0.25	0	0	0	0	0	0	0	0	0	0	0	0	0	0	0	0	-0.25	0	0	0	0	0	0	0	0	0	0	0
Syne1	0	0	0	0	0	0	0	0	0.25	0	0	0	0	0	0	0	0	0	0	0.25	0	0	0	0	0	0	0	0.25	0	0	0.25	0	0	0	0	0	0.25	0.25	0	0	0	0	0	0
Synpo2	0	0	0	0	-0.25	0	0	0	-0.25	-0.25	-0.25	-0.25	0	-0.25	0	0	-0.25	0	0	-0.25	0	0	0	0	0	0	0	0	0	0	0	0	0	0	0	0	-0.25	0	0	0	-0.25	0	0	0
Syp	0	0	0	0	-0.25	0	0	0	0	0	0	0	0	0	0	-0.25	0	0	0	0	0	0	0	0	0	0	0	-0.25	-0.25	-0.25	-0.25	0	0	-0.25	0	0	-0.25	-0.25	0	0	-0.25	0	0	0
Taok2	0	0	-0.25	0	-0.25	-0.25	0	-0.25	-0.25	0	0	0	-0.25	-0.25	-0.25	0	-0.25	0	-0.25	-0.25	0	0	-0.75	-0.25	-0.25	-0.25	0	0	0	-0.25	-0.25	0	0	-0.25	-0.25	-0.25	-0.25	-0.25	-0.25	-0.25	-0.25	0	-0.25	-0.25
Tarbp2	0	0	-0.25	0	0	0	-0.25	0	-0.25	-0.25	0	0	0	-0.25	0	-0.25	-0.25	0	0	-0.25	0	0	-0.75	-0.25	-0.25	-0.25	-0.25	-0.25	-0.25	0	-0.25	0	-0.25	0	-0.25	-0.25	-0.25	-0.25	-0.25	-0.25	0	0	-0.25	0
Tbc1d19	0	0	0	0	-0.25	0	0	0	0	0	0	0	0	0	0	0	0	0	0	0	0	0	0	0	0	0	0	0	0	0	-0.25	0	0	-0.25	0	0	-0.25	-0.25	-0.25	0	0	0	0	0
Tex9	0	0	0	0	-0.25	-0.25	-0.25	-0.25	-0.25	0	0	0	0	-0.25	0	0	0	0	0	-0.25	0	0	0	0	0	0	0	0	0	0	0	0	0	-0.25	0	0	0	0	0	0	0	0	0	0
Tgfb2	0	0	0	0	0	0	0	0	0	0	0	-0.25	0	-0.25	-0.25	0	0	0	0	-0.25	0	0	0	0	0	0	0	0	0	0	0	0	0	0	0	0	0	0	0	0	0	0	0	0
Tgfbr3	0	0	0	0	0	0	0	0	0	0	0	0	0	0	0	0	0	0	0	0	0	0	0	0	0	0	0	0	0	-0.25	0	0	0	0	0	0	0	0	0	-0.25	0	0	0	0
Timd4	0	0	0	0	0	0	0	0	0	0	0	-0.25	0	0	0	0	0	0	0	-0.25	0	0	0	0	0	0	0	0	0	0	0	0	-0.25	0	0	0	0	0	0	0	0	0	0	0
Tlcd2	0	0	0	0	0	0.25	0	0	0.25	0	0	0	0	0	0	0	0	0	0	0	0.25	0	0	0.25	0.25	0.25	0	0.25	0	0	0.25	0	0	0	0	0	0.25	0.25	0.25	0.25	0	0	0	0
Tle6	0	0	-0.25	0	-0.25	0	0	0	-0.25	-0.25	0	-0.25	-0.25	-0.25	-0.25	-0.25	-0.25	0	0	-0.25	0	0	0	0	0	-0.25	-0.25	-0.25	-0.25	0	-0.25	0	-0.25	-0.25	0	0	-0.25	0	-0.25	-0.25	0	0	-0.25	0
Tmeff1	0	0.25	0	0.25	0	0.25	0	0	0.25	0	0	0	0	0	0	0	0	0.25	0	0.25	0	0	0	0	0	0	0	0	0	0	0.25	0	0	0	0	0	0.25	0	0.25	0.25	0	0	0	0
Tmem120b	0.25	0.25	0	0.25	0	0.25	0	0	0.25	0	0	0	0	0	0	0	0	0.25	0	0.25	0.25	0	0	0.25	0.25	0.25	0	0	0	0	0	0	0	0	0	0	0.25	0.25	0.25	0.25	0	0.25	0	0
Tmem141	0	0	0	0	0	0	-0.25	0	-0.25	0	0	0	0	0	0	-0.25	0	0	-0.25	-0.25	0	0	-0.75	-0.25	-0.25	-0.25	0	0	0	-0.25	0	0	0	0	0	0	-0.25	-0.25	-0.25	-0.25	0	0	-0.25	0
Tmem143	0	0.25	0	0.25	0	0.25	0	0	0.25	0	0	0	0	0	0	0	0	0	0	0.25	0.25	0	0.75	0.25	0.25	0.25	0	0.25	0	0	0.25	0	0	0	0	0	0.25	0.25	0.25	0.25	0	0.25	0	0
Tmem14a	0	0	0	0	-0.25	0	0	-0.25	-0.25	0	0	-0.25	0	-0.25	0	0	0	0	0	0	0	0	0	0	0	0	0	0	0	-0.25	0	0	0	0	-0.25	0	0	0	0	0	0	0	0	0
Tmem191c	0	0	-0.25	0	-0.25	0	0	0	-0.25	0	0	0	0	0	0	0	0	0	0	0	0	0	0	0	0	0	0	0	0	0	0	0	0	0	0	0	-0.25	0	-0.25	0	0	0	-0.25	0
Tmem204	0	0	0	0	-0.25	0	0	0	0	0	0	0	0	0	0	0	0	0	0	0	0	0	0	0	0	0	0	0	0	0	0	0	0	-0.25	0	0	0	0	0	0	0	0	0	0
Tmem70	0	0	-0.25	0	-0.25	-0.25	0	-0.25	-0.25	0	0	-0.25	0	-0.25	0	-0.25	0	0	-0.25	-0.25	0	0	-0.75	-0.25	0	-0.25	-0.25	-0.25	-0.25	-0.25	-0.25	0	-0.25	-0.25	-0.25	-0.25	-0.25	-0.25	-0.25	-0.25	0	0	-0.25	-0.25
Tmpo	0	0	-0.25	0	-0.25	-0.25	-0.25	-0.25	-0.25	-0.25	-0.25	-0.25	0	-0.25	-0.25	-0.25	-0.25	0	-0.25	-0.25	0	0	-0.75	-0.25	0	0	-0.25	-0.25	0	-0.25	-0.25	0	-0.25	0	-0.25	0	-0.25	-0.25	-0.25	-0.25	-0.25	0	0	-0.25
Tmtc4	0	0	-0.25	0	-0.25	-0.25	0	0	-0.25	-0.25	0	-0.25	0	0	0	0	-0.25	0	0	-0.25	0	0	0	0	0	0	0	-0.25	-0.25	-0.25	0	0	-0.25	0	0	0	-0.25	-0.25	-0.25	-0.25	0	0	0	-0.25
Tmub1	0	0	-0.25	0	-0.25	-0.25	-0.25	-0.25	-0.25	-0.25	-0.25	-0.25	0	-0.25	-0.25	-0.25	-0.25	0	0	-0.25	0	0	-0.75	-0.25	-0.25	-0.25	-0.25	0	0	-0.25	0	0	-0.25	0	-0.25	-0.25	-0.25	-0.25	-0.25	-0.25	-0.25	0	-0.25	0
Tnfrsf17	0	0	0	0	0	0.25	0	0	0	0	0	0	0	0	0	0	0	0.25	0	0.25	0	0	0	0.25	0.25	0.25	0	0	0	0	0	0	0	0	0	0	0.25	0.25	0.25	0.25	0	0.25	0	0
Tnfsf15	0	0	0	0	0	0	0	0	0	0	-0.25	-0.25	0	-0.25	-0.25	0	0	0	0	-0.25	0	0	0	-0.25	-0.25	-0.25	0	0	0	0	0	0	-0.25	0	0	0	-0.25	0	0	0	0	0	0	0
Tnfsf8	0	0	-0.25	0	-0.25	0	0	0	-0.25	0	0	-0.25	0	-0.25	0	-0.25	0	0	0	-0.25	0	0	0	0	0	0	0	0	0	0	0	0	0	0	0	0	-0.25	0	0	0	0	0	0	0
Tnni2	0	0	0	0	-0.25	0	0	0	-0.25	0	0	-0.25	-0.25	-0.25	0	0	0	0	0	0	0	0	-0.75	-0.25	-0.25	0	-0.25	0	0	0	0	0	0	-0.25	0	0	-0.25	0	-0.25	0	0	0	-0.25	0
Tnpo2	0	0	-0.25	0	-0.25	-0.25	-0.25	-0.25	-0.25	-0.25	-0.25	-0.25	-0.25	0	0	-0.25	-0.25	0	0	-0.25	0	0	0	-0.25	-0.25	-0.25	0	-0.25	0	-0.25	-0.25	0	-0.25	-0.25	-0.25	0	-0.25	-0.25	-0.25	-0.25	-0.25	0	-0.25	-0.25
Top3a	0	0.25	0	0	0	0.25	0	0	0.25	0	0	0	0	0	0	0	0	0	0	0.25	0	0	0	0	0	0	0	0	0	0	0.25	0	0	0	0	0	0	0	0	0	0	0.25	0	0
Tpm2	0	0	0	0	-0.25	0	-0.25	0	-0.25	0	0	-0.25	0	-0.25	0	-0.25	0	0	0	0	0	0	0	0	0	0	-0.25	-0.25	-0.25	0	-0.25	0	0	-0.25	0	0	-0.25	0	0	0	0	0	0	0
Tpx2	0	0	-0.25	0	0	0	0	0	-0.25	0	0	-0.25	-0.25	-0.25	0	-0.25	-0.25	0	-0.25	-0.25	0	0	0	0	0	0	-0.25	-0.25	-0.25	0	0	0	-0.25	0	-0.25	-0.25	-0.25	-0.25	0	0	0	0	-0.25	-0.25
Traf3ip3	0	0	-0.25	0	-0.25	-0.25	-0.25	0	-0.25	-0.25	-0.25	-0.25	0	-0.25	-0.25	0	-0.25	0	-0.25	-0.25	0	0	0	0	0	0	0	-0.25	-0.25	0	-0.25	0	-0.25	-0.25	0	0	-0.25	-0.25	-0.25	-0.25	0	0	0	0
Trappc6a	0	0	-0.25	0	-0.25	0	0	0	-0.25	0	0	-0.25	0	0	-0.25	-0.25	-0.25	0	0	-0.25	0	0	0	0	0	0	0	-0.25	0	0	-0.25	0	-0.25	0	0	0	-0.25	-0.25	0	-0.25	0	0	-0.25	0
Trim14	0	0	0	0	-0.25	-0.25	-0.25	-0.25	-0.25	-0.25	0	0	0	-0.25	0	-0.25	-0.25	0	0	-0.25	0	0	-0.75	-0.25	-0.25	-0.25	-0.25	0	0	-0.25	0	0	-0.25	0	-0.25	0	-0.25	-0.25	-0.25	-0.25	-0.25	0	-0.25	0
Trim21	0	0	0	0	-0.25	0	0	0	0	0	0	-0.25	0	-0.25	0	0	0	0	0	-0.25	0	0	0	0	0	0	0	0	0	0	0	0	0	0	0	0	-0.25	0	-0.25	0	0	0	0	0
Trim32	0	0	0	0	0	0	0	-0.25	-0.25	0	0	0	0	-0.25	0	0	0	0	0	-0.25	0	0	0	0	0	0	0	0	0	-0.25	0	0	0	0	-0.25	-0.25	-0.25	-0.25	0	0	0	0	-0.25	-0.25
Trim34a	0	0	0	0	-0.25	0	0	-0.25	-0.25	0	0	-0.25	0	0	0	-0.25	-0.25	0	0	-0.25	0	0	-0.75	0	-0.25	0	0	-0.25	0	0	0	0	-0.25	-0.25	0	-0.25	-0.25	-0.25	-0.25	-0.25	0	0	-0.25	0
Trim41	0	0	-0.25	0	0	-0.25	-0.25	0	-0.25	0	0	-0.25	-0.25	-0.25	-0.25	-0.25	-0.25	0	0	-0.25	0	0	-0.75	-0.25	-0.25	-0.25	0	0	0	-0.25	0	0	-0.25	-0.25	0	0	-0.25	-0.25	-0.25	-0.25	-0.25	0	-0.25	-0.25
Trim47	0	0	-0.25	0	-0.25	-0.25	0	0	-0.25	-0.25	-0.25	-0.25	0	0	0	0	0	0	0	-0.25	0	0	0	-0.25	-0.25	-0.25	-0.25	0	0	0	0	0	0	-0.25	0	0	-0.25	-0.25	-0.25	-0.25	-0.25	0	-0.25	0
Trmt2a	0	0	-0.25	0	0	-0.25	-0.25	-0.25	-0.25	-0.25	-0.25	-0.25	0	-0.25	-0.25	-0.25	-0.25	0	0	-0.25	0	0	0	0	0	0	-0.25	0	0	-0.25	0	0	-0.25	0	-0.25	0	-0.25	-0.25	-0.25	-0.25	0	0	-0.25	0
Tsc22d3	0	0	0	0	-0.25	0	0	0	-0.25	0	0	-0.25	0	-0.25	0	0	0	0	0	0	0	0	0	0	0	0	0	0	0	0	0	0	0	-0.25	0	0	0	0	0	0	0	0	0	0
Tshz2	0	0	0	0	0	0	0	0	0	0	0	-0.25	-0.25	-0.25	0	0	0	0	0	-0.25	0	0	0	0	0	0	0	0	0	0	0	0	0	-0.25	0	0	0	0	0	0	-0.25	0	0	0
Tspan2	0	0.25	0	0	0	0	0	0	0.25	0	0	0	0	0	0	0	0	0	0	0.25	0.25	0.25	0.75	0.25	0.25	0.25	0	0	0	0	0	0	0	0	0	0	0.25	0.25	0.25	0.25	0	0.25	0	0
Tspyl3	0	0	-0.25	0	0	0	0	0	0	0	0	-0.25	0	-0.25	0	0	0	0	0	0	0	0	0	0	0	0	-0.25	0	0	0	-0.25	0	0	-0.25	0	0	0	0	0	0	0	0	0	0
Tstd1	0	0	-0.25	0	0	-0.25	0	0	-0.25	0	0	-0.25	0	0	-0.25	0	-0.25	0	0	-0.25	0	0	0	0	0	0	0	0	0	0	0	0	0	0	0	-0.25	-0.25	0	0	0	0	0	0	0
Ttc12	0	0	0	0	-0.25	0	0	0	-0.25	0	0	0	0	0	-0.25	0	-0.25	0	0	-0.25	0	0	0	-0.25	-0.25	-0.25	-0.25	0	0	0	0	0	0	-0.25	0	0	-0.25	-0.25	-0.25	-0.25	-0.25	0	-0.25	0
Ttc39a	0	0	0	0	0	0	0	0	0	0	0	0	0	0	0	0	0	0	0	0	0.25	0	0	0	0	0	0	0	0	0	0	0	0	0	0	0	0	0	0	0	0	0	0	0
Ttf2	0	0	0	0	-0.25	-0.25	0	0	-0.25	-0.25	0	0	0	0	0	-0.25	0	0	-0.25	-0.25	0	0	0	-0.25	0	0	0	0	0	0	0	0	0	0	0	0	-0.25	0	-0.25	-0.25	-0.25	0	0	0
Tti1	0	0	0	0	-0.25	-0.25	-0.25	-0.25	-0.25	0	0	-0.25	-0.25	-0.25	0	0	-0.25	0	0	0	0	0	0	0	0	0	0	0	0	-0.25	0	0	0	0	-0.25	0	-0.25	-0.25	-0.25	-0.25	0	0	0	-0.25
Ttyh2	0	0	0	0	-0.25	0	0	0	-0.25	-0.25	0	-0.25	-0.25	-0.25	-0.25	-0.25	-0.25	0	-0.25	-0.25	0	0	-0.75	-0.25	-0.25	-0.25	-0.25	-0.25	0	0	-0.25	0	0	-0.25	0	0	-0.25	-0.25	-0.25	-0.25	-0.25	0	-0.25	0
Tulp3	0	0	-0.25	0	-0.25	-0.25	-0.25	0	-0.25	0	0	-0.25	0	-0.25	0	-0.25	-0.25	0	-0.25	-0.25	0	0	-0.75	-0.25	-0.25	-0.25	-0.25	-0.25	-0.25	0	0	0	-0.25	0	0	0	-0.25	-0.25	-0.25	-0.25	0	0	-0.25	0
Txndc5	0	0.25	0	0	0	0.25	0	0	0.25	0	0	0	0	0	0	0	0	0.25	0	0.25	0.25	0.25	0.75	0	0.25	0.25	0	0	0	0	0	0	0	0	0	0	0.25	0.25	0.25	0.25	0	0.25	0	0
Ubap1	0.25	0.25	0	0.25	0	0	0	0	0	0	0	0	0	0	0	0	0	0.25	0	0.25	0.25	0	0	0	0	0.25	0	0.25	0	0	0.25	0	0	0	0	0	0.25	0.25	0	0.25	0	0.25	0	0
Ubtd2	0	0.25	0	0	0	0.25	0	0	0.25	0	0	0	0	0	0	0	0	0.25	0	0.25	0.25	0	0.75	0.25	0.25	0.25	0	0.25	0	0	0.25	0	0	0	0	0	0.25	0.25	0.25	0.25	0	0.25	0	0
Ubxn2b	0	0	-0.25	0	-0.25	-0.25	0	-0.25	-0.25	-0.25	0	-0.25	0	0	0	0	-0.25	0	0	-0.25	0	0	0	0	0	0	0	0	0	-0.25	0	0	-0.25	0	-0.25	0	-0.25	-0.25	-0.25	-0.25	0	0	-0.25	0
Ugt1a5	0	0	0	0	0	0	0	0	0.25	0	0	0	0	0	0	0	0	0	0	0	0.25	0	0	0	0	0	0	0	0	0	0	0	0	0	0	0	0	0	0	0	0	0	0	0
Uhrf1	0	0	-0.25	0	0	-0.25	-0.25	-0.25	-0.25	-0.25	-0.25	-0.25	0	0	0	-0.25	0	0	0	-0.25	0	0	-0.75	-0.25	-0.25	-0.25	-0.25	-0.25	-0.25	-0.25	-0.25	-0.33	-0.25	-0.25	0	0	-0.25	-0.25	-0.25	-0.25	-0.25	0	-0.25	0
Ung	0	0	-0.25	0	-0.25	-0.25	-0.25	-0.25	-0.25	-0.25	-0.25	-0.25	-0.25	-0.25	-0.25	-0.25	-0.25	0	0	-0.25	0	0	-0.75	-0.25	-0.25	-0.25	-0.25	-0.25	-0.25	-0.25	-0.25	0	0	-0.25	0	0	-0.25	-0.25	-0.25	-0.25	-0.25	0	-0.25	0
Usp18	0	0	0	0	-0.25	-0.25	0	0	-0.25	-0.25	0	-0.25	0	0	-0.25	-0.25	0	0	0	-0.25	0	0	-0.75	-0.25	-0.25	-0.25	-0.25	0	0	-0.25	0	0	0	-0.25	0	0	-0.25	-0.25	-0.25	-0.25	-0.25	0	-0.25	0
Usp21	0	0	-0.25	0	-0.25	0	-0.25	-0.25	-0.25	-0.25	-0.25	-0.25	0	0	0	-0.25	0	0	0	-0.25	0	0	-0.75	-0.25	0	-0.25	0	-0.25	-0.25	-0.25	-0.25	0	-0.25	-0.25	-0.25	0	-0.25	0	-0.25	-0.25	-0.25	0	-0.25	0
Usp53	0	0.25	0	0	0	0.25	0	0	0.25	0	0	0	0	0	0	0	0	0.25	0	0.25	0.25	0	0.75	0.25	0.25	0.25	0	0.25	0	0	0.25	0	0	0	0	0	0.25	0.25	0.25	0.25	0	0.25	0	0
Vasn	0	0	0	0	0	0	0	0	0.25	0	0	0	0	0	0	0	0	0	0	0.25	0	0	0	0.25	0.25	0.25	0	0	0	0	0	0	0	0	0	0	0.25	0	0	0	0	0	0	0
Vgll4	0.25	0.25	0	0.25	0	0.25	0	0	0.25	0	0	0	0	0	0	0	0	0	0	0.25	0.25	0.25	0.75	0.25	0.25	0.25	0	0	0	0	0	0	0	0	0	0	0.25	0.25	0.25	0.25	0	0.25	0	0
Vhl	0	0	-0.25	0	-0.25	0	-0.25	0	-0.25	0	0	-0.25	0	0	0	-0.25	0	0	-0.25	-0.25	0	0	-0.75	-0.25	-0.25	-0.25	0	0	0	-0.25	0	0	-0.25	-0.25	-0.25	0	-0.25	-0.25	-0.25	-0.25	0	0	-0.25	0
Vipr1	0	0	-0.25	0	-0.25	-0.25	-0.25	0	-0.25	0	0	-0.25	0	-0.25	-0.25	0	0	0	0	-0.25	0	0	0	0	0	0	0	-0.25	0	0	-0.25	0	-0.25	0	0	-0.25	-0.25	-0.25	-0.25	-0.25	0	0	-0.25	0
Vmn2r90	0	0	0	0	0	0	0	0	0	0	0	0	0	-0.25	0	0	0	0	0	0	0	0	0	0	0	0	0	0	0	0	-0.25	0	-0.25	-0.25	0	0	0	0	0	0	0	0	0	0
Vps25	0	0	0	0	0	0.25	0	0	0	0	0	0	0	0	0	0	0	0	0	0	0.25	0	0	0	0	0	0	0	0	0	0.25	0	0	0	0	0	0	0	0	0	0	0	0	0
Vwa1	0	0.25	0	0	0	0.25	0	0	0.25	0	0	0	0	0	0	0	0	0.25	0	0.25	0	0.25	0.75	0.25	0.25	0	0	0	0	0	0	0	0	0	0	0	0.25	0	0.25	0.25	0	0.25	0	0
Wbp1	0	0.25	0	0	0	0.25	0	0	0.25	0	0	0	0	0	0	0	0	0.25	0	0.25	0	0	0	0.25	0.25	0.25	0	0.25	0	0	0.25	0	0	0	0	0	0.25	0.25	0.25	0.25	0	0	0	0
Wdr47	0	0.25	0	0	0	0.25	0	0	0.25	0	0	0	0	0	0	0	0	0.25	0	0.25	0.25	0	0	0.25	0.25	0.25	0	0.25	0	0	0.25	0	0	0	0	0	0.25	0.25	0.25	0.25	0	0.25	0	0
Wdr6	0	0.25	0	0	0	0.25	0	0	0.25	0	0	0	0	0	0	0	0	0	0	0.25	0	0	0.75	0.25	0	0.25	0	0	0	0	0	0	0	0	0	0	0.25	0.25	0.25	0.25	0	0	0	0
Wfs1	0	0.25	0	0	0	0.25	0	0	0.25	0	0	0	0	0	0	0	0	0.25	0	0.25	0	0	0.75	0.25	0.25	0.25	0	0.25	0	0	0.25	0	0	0	0	0	0.25	0.25	0.25	0.25	0	0	0	0
Whrn	0	0	-0.25	0	-0.25	0	0	-0.25	-0.25	0	0	0	0	-0.25	0	0	0	0	-0.25	0	0	0	-0.75	-0.25	-0.25	-0.25	-0.25	0	0	0	-0.25	0	-0.25	-0.25	0	0	-0.25	-0.25	-0.25	-0.25	-0.25	0	-0.25	0
Wnt11	0	0	0	0	0	0	0	0	0	0	0	0	0	0	0	0	0	0	0	0	0	0	0	0	0	0	0	0	0	0	0	0	0	0	0	0	0	0	0	0.25	0	0	0	0
Wnt4	0	0	0	0	0	0	0	0	0	0	0	0	0	0	0	0	0	0	0	0	0	0	0	0	0	0	0	0	0	-0.25	0	0	0	0	0	0	0	0	0	0	0	0	0	0
Wtip	0	0	0	0	0	-0.25	0	0	0	0	0	0	0	0	0	0	0	0	-0.25	0	0	0	0	0	0	0	0	0	0	0	0	0	0	0	0	0	0	0	-0.25	-0.25	0	0	0	0
Xcr1	0	0.25	0	0	0	0.25	0	0	0.25	0	0	0	0	0	0	0	0	0.25	0	0.25	0	0	0.75	0.25	0	0	0	0	0	0	0	0	0	0	0	0	0.25	0.25	0.25	0.25	0	0	0	0
Zbtb24	0	0	-0.25	0	0	0	-0.25	0	-0.25	-0.25	-0.25	-0.25	-0.25	-0.25	0	0	-0.25	0	0	-0.25	0	0	-0.75	-0.25	-0.25	-0.25	-0.25	0	0	-0.25	0	0	0	0	0	0	-0.25	-0.25	-0.25	-0.25	0	0	-0.25	0
Zbtb40	0	0	0	0	-0.25	0	0	0	0	0	0	0	0	-0.25	0	0	0	0	0	0	0	0	0	0	0	0	-0.25	0	0	0	0	0	0	0	0	0	0	0	0	0	0	0	0	0
Zc3h12d	0	0	-0.25	0	0	0	0	0	-0.25	0	0	-0.25	-0.25	-0.25	0	0	-0.25	0	0	0	0	0	0	-0.25	0	0	0	0	0	0	-0.25	0	-0.25	-0.25	0	0	0	0	-0.25	0	0	0	-0.25	0
Zcchc17	0	0	-0.25	0	-0.25	-0.25	-0.25	0	-0.25	0	0	0	-0.25	0	0	-0.25	-0.25	0	0	0	0	0	-0.75	0	-0.25	0	-0.25	-0.25	-0.25	-0.25	0	0	0	0	0	0	-0.25	-0.25	-0.25	-0.25	-0.25	0	-0.25	-0.25
Zdhhc23	0	0	-0.25	0	0	-0.25	-0.25	0	-0.25	-0.25	-0.25	-0.25	0	0	0	0	-0.25	0	-0.25	-0.25	0	0	-0.75	-0.25	-0.25	-0.25	0	0	0	-0.25	0	0	-0.25	0	0	0	-0.25	-0.25	-0.25	-0.25	0	0	-0.25	0
Zfand2b	0	0	-0.25	0	0	-0.25	-0.25	-0.25	-0.25	0	0	0	0	0	0	-0.25	0	0	0	-0.25	0	0	-0.75	-0.25	-0.25	-0.25	-0.25	-0.25	0	-0.25	-0.25	0	-0.25	0	0	0	-0.25	-0.25	-0.25	-0.25	-0.25	0	-0.25	0
Zfp105	0	0	0	0	0	0	0	0	0.25	0	0	0	0	0	0	0	0	0	0	0	0	0	0	0	0	0	0	0	0	0	0	0	0	0	0	0	0	0	0	0	0	0	0	0
Zfp109	0	0	0	0	0	0	0	0	-0.25	0	0	0	0	-0.25	-0.25	0	-0.25	0	0	0	0	0	0	0	0	0	0	0	0	0	0	0	0	0	-0.25	-0.25	0	0	0	0	0	0	0	0
Zfp143	0	0	-0.25	0	-0.25	-0.25	-0.25	0	-0.25	-0.25	-0.25	-0.25	0	0	0	0	0	0	0	0	0	0	0	0	0	0	0	0	0	-0.25	0	0	-0.25	0	0	0	-0.25	-0.25	0	-0.25	0	0	0	0
Zfp213	0	0	-0.25	0	-0.25	0	0	-0.25	-0.25	0	0	-0.25	-0.25	0	-0.25	-0.25	-0.25	0	0	-0.25	0	0	0	0	0	-0.25	-0.25	-0.25	0	-0.25	-0.25	0	-0.25	0	-0.25	0	-0.25	-0.25	-0.25	-0.25	0	0	0	0
Zfp276	0	0	-0.25	0	0	-0.25	-0.25	-0.25	-0.25	-0.25	-0.25	-0.25	0	-0.25	-0.25	-0.25	-0.25	0	0	-0.25	0	0	0	-0.25	-0.25	-0.25	0	0	0	-0.25	0	0	-0.25	0	0	0	-0.25	-0.25	-0.25	-0.25	0	0	-0.25	0
Zfp28	0	0	0	0	0	0	0	0	0.25	0	0	0	0	0	0	0	0	0	0	0	0	0	0.75	0.25	0	0.25	0	0	0	0	0	0	0	0	0	0	0	0	0.25	0.25	0	0	0	0
Zfp334	0	0	0	0	0	0	0	-0.25	-0.25	0	0	0	0	0	0	0	0	0	0	0	0	0	0	0	-0.25	0	-0.25	0	0	-0.25	0	0	0	0	-0.25	0	-0.25	0	0	0	0	0	0	0
Zfp446	0	0	0	0	-0.25	-0.25	0	0	0	0	0	-0.25	0	-0.25	0	-0.25	0	0	0	0	0	0	0	0	0	0	0	-0.25	-0.25	0	-0.25	0	0	-0.25	-0.25	-0.25	-0.25	-0.25	0	-0.25	0	0	-0.25	0
Zfp523	0	0	-0.25	0	-0.25	-0.25	0	0	-0.25	0	0	-0.25	0	-0.25	0	-0.25	0	0	0	-0.25	0	0	0	0	0	-0.25	0	0	0	0	0	0	-0.25	0	0	0	-0.25	-0.25	-0.25	-0.25	-0.25	0	0	0
Zfp563	0	0	-0.25	0	0	0	0	0	0	0	0	0	0	0	0	-0.25	0	0	0	0	0	0	0	0	0	0	0	-0.25	0	0	-0.25	0	-0.25	0	0	0	-0.25	0	0	0	0	0	-0.25	0
Zfp58	0.25	0.25	0	0.25	0	0.25	0	0	0.25	0	0	0	0	0	0	0	0	0.25	0	0	0.25	0	0	0	0	0	0	0	0	0	0	0	0	0	0	0	0	0	0	0	0	0.25	0	0
Zfp583	0	0	-0.25	0	0	0	0	-0.25	-0.25	0	0	0	0	-0.25	0	0	0	0	0	0	0	0	0	0	0	0	0	0	0	-0.25	0	0	0	0	-0.25	-0.25	0	0	0	0	0	0	0	-0.25
Zfp687	0.25	0	0	0.25	0	0.25	0	0	0.25	0	0	0	0	0	0	0	0	0	0	0.25	0.25	0	0.75	0.25	0.25	0.25	0	0.25	0	0	0.25	0	0	0	0	0	0.25	0.25	0.25	0.25	0	0.25	0	0
Zfp945	0	0	0	0	0	0	0	0	0.25	0	0	0	0	0	0	0	0	0	0	0.25	0	0	0	0	0	0	0	0.25	0	0	0.25	0	0	0	0	0	0	0	0	0	0	0	0	0
Zfyve1	0	0	-0.25	0	0	0	-0.25	-0.25	-0.25	0	0	0	0	-0.25	0	-0.25	0	0	0	-0.25	0	0	0	0	0	0	0	0	0	0	0	0	0	0	-0.25	-0.25	-0.25	-0.25	-0.25	-0.25	0	0	-0.25	0
Zfyve19	0	0	0	0	0	-0.25	0	0	-0.25	-0.25	-0.25	-0.25	0	-0.25	0	0	0	0	0	0	0	0	0	0	0	0	0	0	0	-0.25	0	0	-0.25	0	-0.25	-0.25	-0.25	0	0	0	0	0	0	-0.25
Zfyve21	0	0	0	0	0	-0.25	-0.25	-0.25	-0.25	-0.25	0	-0.25	0	0	0	-0.25	-0.25	0	-0.25	-0.25	0	0	-0.75	-0.25	-0.25	-0.25	0	-0.25	-0.25	-0.25	-0.25	0	-0.25	-0.25	0	0	-0.25	-0.25	-0.25	-0.25	-0.25	0	-0.25	0
Znfx1	0	0	-0.25	0	-0.25	0	-0.25	-0.25	-0.25	0	0	-0.25	-0.25	-0.25	0	-0.25	-0.25	0	-0.25	-0.25	0	0	0	-0.25	-0.25	-0.25	-0.25	-0.25	-0.25	-0.25	-0.25	0	-0.25	-0.25	-0.25	-0.25	-0.25	0	-0.25	-0.25	-0.25	0	-0.25	0
Znrd1as	0	0	-0.25	0	0	-0.25	0	0	-0.25	-0.25	-0.25	-0.25	-0.25	-0.25	-0.25	-0.25	-0.25	0	-0.25	-0.25	0	0	-0.75	-0.25	-0.25	0	0	0	0	0	-0.25	0	-0.25	-0.25	0	0	-0.25	-0.25	-0.25	-0.25	0	0	-0.25	0
Zscan18	0	0	0	0	0	0	0	0	-0.25	0	0	0	0	-0.25	0	-0.25	0	0	0	0	0	0	0	-0.25	-0.25	-0.25	0	0	0	-0.25	-0.25	0	0	0	-0.25	-0.25	-0.25	0	-0.25	-0.25	0	0	-0.25	0
Zscan20	0	0	-0.25	0	-0.25	-0.25	0	0	-0.25	-0.25	0	-0.25	-0.25	-0.25	0	0	-0.25	0	0	-0.25	0	0	0	0	0	0	0	-0.25	-0.25	0	-0.25	0	-0.25	-0.25	-0.25	-0.25	-0.25	-0.25	0	0	0	0	0	-0.25
Zscan22	0	0	-0.25	0	-0.25	0	0	0	-0.25	0	0	-0.25	-0.25	-0.25	-0.25	0	-0.25	0	0	0	0	0	0	0	0	0	-0.25	0	0	0	0	0	0	0	-0.25	-0.25	0	0	0	0	0	0	0	-0.25
Zw10	0	0	-0.25	0	-0.25	0	0	0	-0.25	0	0	0	0	-0.25	0	0	0	0	0	0	0	0	0	0	0	0	0	0	0	-0.25	-0.25	0	-0.25	0	-0.25	-0.25	0	0	0	0	0	0	0	-0.25
