	Bclaf1	Cebpa	Cebpb	E2f1	E2f4	Egr1	Egr2	Elf1	Elf2	Elk1	Elk3	Elk4	Erf	Ets1	Etv1	Etv3	Etv5	Etv6	Fli1	Fos	Foxp1	Gabpa	Hsf1	Hsf2	Irf1	Irf3	Irf4	Irf7	Irf8	Irf9	Klf16	Klf7	Nfe2l2	Nfya	Nfyb	Nfyc	Nrf1	Pbx1	Pbx3	Plagl1	Rest	Rfx5	Setdb1	Smarcc2	Sp1	Sp2	Sp3	Sp4	Spdef	Srf	Stat1	Stat2	Stat3	Tbp	Thap1	Ybx1	Yy1
2310061j03rik	0	0	0	0	0	0	0	0	0	0	0	0	0	0	0	0	0	0	0	0	0.25	0	0	0	0	0	0	0	0	0	0	0	0	0	0	0	0	0	0	0	0	0	0	0	0	0	0	0	0	0	0	0	0	0	0	0	0
4632415l05rik	0	0	0	-0.25	0	0	0	-0.25	0	0	0	0	0	0	0	0	0	0	0	0	0	0	0	0	0	0	0	0	0	0	0	0	0	0	0	0	0	0	0	0	0	0	0	0	0	0	0	0	0	0	0	0	0	0	0	0	0
4930513n10rik	0	0	0.25	0	0	0	0	0	0	0	0	0	0	0	0	0	0	0	0	0	0	0	0	0	0	0	0	0	0	0	0	0	0	0	0	0	0	0	0	0	0	0	0	0	0	0	0	0	0	0	0	0	0	0	0	0	0
4931406h21rik	0	0	0	0	0	0	0	0	0	0	0	0	0	0	0	0	0	0	0	0	0	0	0	0	0	0	0	0	0	0	0	0	0	0	0	0	0	0	0	0	0	0	0	0	0	0	0	0	0	0	0	0	0.25	0	0	0	0
6330407a03rik	0	0	0	0	0	0	0	0	0	0	0	0	0	0	0	0	0	0	0	0	0.25	0	0	0	0	0	0	0	0	0	0	0	0	0	0	0	0	0	0	0	0	0	0	0	0	0	0	0	0	0	0	0	0.25	0	0	0	0
A530032d15rik	0	0	0	0	0	0	0	0	0	0	0	0	0	0	0	0	0	0	0	0	0.25	0	0	0	0	0	0	0	0	0	0	0	0	0	0	0	0	0	0	0	0	0	0	0	0	0	0	0	0	0	0	0	0	0	0	0	0
Abt1	0	0	0	0	0	0	0	0	0	0	0	0	0	0	0	0	0	0	0	0	0	0	0	0	0	0	0	0	0	0	0	0	0	0	0	0	0	0	0	0	0	0	0	0	0	0	0	0	0	0	0	0	0.25	0	0	0	0
Abtb2	0	0.25	0.25	0	0	0	0	0	0	0	0	0	0	0	0	0	0	0	0	0	0	0	0	0	0	0	0	0	0	0	0	0	0	0	0	0	0	0	0	0	0	0	0	0	0	0	0	0	0	0	0	0	0.25	0	0	0	0
Acot11	0	0	0	0	0	0	0	0	0	0	0	0	0	0	0	0	0	0	0	0	0	0	0	0	0	0	0	0	0	0	0	0	0	0	0	0	0	0	0	0	0	0	0	0	0	0	0	0	0	0	0	0	0.25	0	0	0	0
Actn1	0	0.25	0.25	0	0	0	0	0	0	0	0	0	0	0	0	0	0	0	0	0	0.25	0	0	0	0	0	0	0	0	0	0	0	0	0	0	0	0	0	0	0	0	0	0	0	0	0	0	0	0	0	0	0	0	0	0	0	0
Adamtsl4	-0.25	0	0	0	-0.25	-0.25	0	-0.25	-0.25	-0.25	0	0	0	-0.25	0	0	0	-0.25	-0.25	-0.25	0	-0.25	0	0	-0.25	-0.25	-0.25	0	0	-0.25	0	0	0	-0.25	0	0	-0.25	0	-0.25	0	-0.25	-0.25	0	0	-0.25	-0.25	-0.25	-0.25	0	0	-0.25	0	-0.25	-0.25	0	-0.25	0
Adora2a	0	0	0	0	0	0	0	0	0	0	0	0	0	0	0	0	0	0	0	0	0.25	0	0	0	0	0	0	0	0	0	0	0	0	0	0	0	0	0	0	0	0	0	0	0	0	0	0	0	0	0	0	0	0.25	0	0	0	0
Adora2b	0	0	0	0	0	0	0	0	0	0	0	0	0	0	0	0	0	0	0	0	0	0	0	0	0	0	0	0	0	0	0	0	0	0	0	0	0	0	0	0	0	0	0	0	0	0	0	0	0	0	0	0	0.25	0	0	0	0
Adss	0	0	0	0	0	0	0	0	0	0	0	0	0	0	0	0	0	0	0	0	0.25	0	0	0	0	0	0	0	0	0	0	0	0	0	0	0	0	0	0	0	0	0	0	0	0	0	0	0	0	0	0	0	0	0	0	0	0
Agpat4	0	0.25	0.25	0	0	0	0	0	0	0	0	0	0	0	0	0	0	0	0	0	0	0	0	0	0	0	0	0	0	0	0	0	0	0	0	0	0	0.25	0	0	0	0	0	0	0	0	0	0	0	0	0	0	0.25	0	0	0	0
Agr2	0	0.25	0	0	0	0	0	0	0	0	0	0	0	0	0	0	0	0	0	0	0	0	0	0	0	0	0	0	0	0	0	0	0	0	0	0	0	0	0	0	0	0	0	0	0	0	0	0	0	0	0	0	0	0	0	0	0
Akt3	0	0	0	0	0	0	0	0	0	0	0	0	0	0	0	0	0	0	0	0	0.25	0	0	0	0	0	0	0	0	0	0	0	0	0	0	0	0	0	0	0	0	0	0	0	0	0	0	0	0	0	0	0	0.25	0	0	0	0
Alcam	0	0	0	0	0	0	0	0	0	0	0	0	0	0	0	0	0	0	0	0	0.25	0	0	0	0	0	0	0	0	0	0	0	0	0	0	0	0	0	0	0	0	0	0	0	0	0	0	0	0	0	0	0	0.25	0	0	0	0
Alpk2	0	0	0	0	0	0	0	0	0	0	0	0	0	0	0	0	0	0	0	0	0.25	0	0	0	0	0	0	0	0	0	0	0	0	0	0	0	0	0	0	0	0	0	0	0	0	0	0	0	0	0	0	0	0.25	0	0	0	0
Amica1	0	0	0	0	0	-0.25	0	-0.25	0	-0.25	0	0	0	-0.25	0	0	0	0	-0.25	-0.25	0	-0.25	-0.25	-0.25	-0.25	-0.25	-0.25	0	-0.25	-0.25	0	0	0	0	0	0	0	0	-0.25	0	0	0	0	0	0	-0.25	0	0	-0.25	0	-0.25	-0.25	0	0	-0.25	0	0
Ankrd28	0	0.25	0.25	0	0	0	0	0	0	0	0	0	0	0	0	0	0	0	0	0	0	0	0	0	0	0	0	0	0	0	0	0	0	0	0	0	0	0	0	0	0	0	0	0	0	0	0	0	0	0	0	0	0.25	0	0	0	0
Ankrd33b	0	0	0	0	0	0	0	0	0	0	0	0	0	0	0	0	0	0	0	0	0.25	0	0	0	0	0	0	0	0	0	0	0	0	0	0	0	0	0	0	0	0	0	0	0	0	0	0	0	0	0	0	0	0	0	0	0	0
Anln	-0.25	0	0	-0.25	-0.25	-0.25	0	-0.25	0	0	0	0	0	0	0	0	0	-0.25	-0.25	-0.25	0	0	0	0	-0.25	0	-0.25	0	0	0	-0.25	-0.25	0	0	0	0	-0.25	0	-0.25	0	-0.25	0	0	0	-0.25	-0.25	-0.25	-0.25	0	-0.25	0	-0.25	-0.25	-0.25	0	0	-0.25
Ap3m2	-0.25	0	0	-0.25	-0.25	-0.25	0	0	-0.25	0	0	0	0	-0.25	0	0	0	0	-0.25	-0.25	0	-0.25	0	0	-0.25	-0.25	-0.25	-0.25	-0.25	-0.25	0	0	0	-0.25	0	-0.25	0	0	-0.25	0	-0.25	-0.25	0	0	-0.25	-0.25	-0.25	-0.25	0	0	-0.25	-0.25	-0.25	-0.25	0	0	-0.25
Aph1c	0	0.25	0.25	0	0	0	0	0	0	0	0	0	0	0	0	0	0	0	0	0	0.25	0	0	0	0	0	0	0	0	0	0	0	0	0	0	0	0	0	0	0	0	0	0	0	0	0	0	0	0	0	0	0	0.25	0	0	0	0
Arap2	0	0	0	0	0	0	0	0	0	0	0	0	0	0	0	0	0	0	0	0	0.25	0	0	0	0	0	0	0	0	0	0	0	0	0	0	0	0	0	0	0	0	0	0	0	0	0	0	0	0	0	0	0	0.25	0	0	0	0
Arhgap19	0	0	0	0	0	0	0	-0.25	0	0	0	0	0	0	0	0	0	0	0	0	0	0	0	0	-0.25	0	-0.25	0	0	0	0	0	0	0	0	0	0	0	0	0	0	0	0	0	-0.25	-0.25	0	-0.25	-0.25	0	0	0	0	-0.25	0	0	-0.25
Arhgap28	0	0	0.25	0	0	0	0	0	0	0	0	0	0	0	0	0	0	0	0	0	0.25	0	0	0	0	0	0	0	0	0	0	0	0	0	0	0	0	0	0	0	0	0	0	0	0	0	0	0	0	0	0	0	0.25	0	0	0	0
Arhgef18	0	0	0	0	0	-0.25	0	0	0	0	0	0	0	0	0	0	0	0	0	0	0	0	0	0	0	0	0	0	0	0	-0.25	-0.25	0	0	0	0	0	0	0	0	0	0	0	0	-0.25	-0.25	0	0	0	-0.25	0	0	0	-0.25	0	0	0
Arl2bp	0	0	0.25	0	0	0	0	0	0	0	0	0	0	0	0	0	0	0	0	0	0	0	0	0	0	0	0	0	0	0	0	0	0	0	0	0	0	0	0	0	0	0	0	0	0	0	0	0	0	0	0	0	0	0	0	0	0
Asap2	0	0	0	0	0	0	0	0	0	0	0	0	0	0	0	0	0	0	0	0	0	0	0	0	0	0	0	0	0	0	0	0	0	0	0	0	0	0	0	0	0	0	0	0	0	0	0	0	0	0	0	0	0.25	0	0	0	0
Asb2	-0.25	0	0	0	0	0	0	0	-0.25	-0.25	0	0	0	-0.25	0	0	0	0	-0.25	-0.25	0	0	0	0	0	0	-0.25	0	0	0	0	0	-0.25	0	0	0	0	0	0	0	0	0	0	0	0	-0.25	0	0	-0.25	-0.25	0	0	-0.25	0	0	0	-0.25
Asf1b	-0.25	0	0	-0.25	-0.25	-0.25	0	0	0	-0.25	0	0	0	0	0	0	0	0	0	-0.25	0	-0.25	0	0	-0.25	-0.25	0	0	0	0	0	0	-0.25	-0.25	-0.25	0	0	0	-0.25	0	-0.25	-0.25	0	0	-0.25	-0.25	-0.25	-0.25	0	-0.25	0	0	0	-0.25	-0.25	-0.25	-0.25
Asph	0	0	0.25	0	0	0	0	0	0	0	0	0	0	0	0	0	0	0	0	0	0	0	0	0	0	0	0	0	0	0	0	0	0	0	0	0	0	0.25	0	0	0	0	0	0	0	0	0	0	0	0	0	0	0.25	0	0	0	0
Aspm	-0.25	0	0	0	0	-0.25	0	0	0	0	0	0	0	0	0	0	0	0	0	-0.25	0	-0.25	0	0	0	0	0	0	0	0	0	0	0	-0.25	-0.25	0	0	0	-0.25	0	-0.25	-0.25	-0.25	0	-0.25	-0.25	-0.25	-0.25	0	-0.25	0	0	0	0	-0.25	0	-0.25
Atf3	0	0	0	-0.25	-0.25	-0.25	0	-0.25	0	0	0	0	0	-0.25	0	0	0	0	0	-0.25	0	-0.25	-0.25	-0.25	-0.25	-0.25	-0.25	0	-0.25	-0.25	-0.25	-0.25	0	-0.25	0	0	-0.25	0	-0.25	0	-0.25	-0.25	0	0	-0.25	-0.25	-0.25	-0.25	0	-0.25	-0.25	-0.25	-0.25	-0.25	0	0	-0.25
Atp2b4	0	0	0	0	0	0	0	0	0	0	0	0	0	0	0	0	0	0	0	0	0	0	0	0	0	0	0	0	0	0	0	0	0	0	0	0	0	0	0	0	0	0	0	0	0	0	0	0	0	0	0	0	0.25	0	0	0	0
Aurkb	-0.25	0	0	-0.25	-0.25	-0.25	0	-0.25	0	0	0	0	0	-0.25	0	0	0	0	0	-0.25	0	0	-0.25	0	-0.25	-0.25	-0.25	-0.25	-0.25	0	-0.25	-0.25	0	-0.25	-0.25	-0.25	0	0	-0.25	0	-0.25	-0.25	0	0	-0.25	-0.25	-0.25	-0.25	0	-0.25	0	-0.25	0	-0.25	-0.25	0	-0.25
B3gnt5	0	0	0	0	0	0	0	0	0	0	0	0	0	0	0	0	0	0	0	0	0	0	0	0	0	0	0	0	0	0	0	0	0	0	0	0	0	0	0	0	0	0	0	0	0	0	0	0	0	0	0	0	0.25	0	0	0	0
B430306n03rik	0	0	0	0	0	-0.25	0	-0.25	0	0	0	0	0	-0.25	0	0	0	0	-0.25	0	0	0	0	0	0	0	0	0	0	0	0	0	0	0	0	0	0	0	0	0	0	0	0	0	0	0	0	0	0	0	0	0	-0.25	0	0	0	0
Banp	-0.25	0	0	-0.25	-0.25	-0.25	0	-0.25	-0.25	0	0	0	0	-0.25	0	0	0	0	-0.25	-0.25	0	-0.25	0	0	-0.25	-0.25	-0.25	-0.25	-0.25	-0.25	-0.25	-0.25	0	-0.25	0	-0.25	-0.25	0	-0.25	0	-0.25	-0.25	-0.25	-0.25	-0.25	-0.25	-0.25	-0.25	-0.25	-0.25	-0.25	-0.25	-0.25	-0.25	0	-0.25	-0.25
Batf2	0	0	0	0	0	-0.25	0	0	-0.25	0	0	0	0	-0.25	0	0	0	0	-0.25	0	0	0	0	0	-0.25	-0.25	-0.25	-0.25	-0.25	-0.25	0	0	0	0	0	0	0	0	-0.25	0	0	0	0	0	0	0	0	0	0	0	-0.25	-0.25	0	0	0	0	0
Bbs5	0	0	0	0	0	0	0	0	0	0	0	0	0	0	0	0	0	0	0	0	0.25	0	0	0	0	0	0	0	0	0	0	0	0	0	0	0	0	0	0	0	0	0	0	0	0	0	0	0	0	0	0	0	0	0	0	0	0
Bc017643	-0.25	0	0	-0.25	-0.25	-0.25	0	-0.25	-0.25	0	0	0	0	-0.25	0	0	-0.25	0	0	-0.25	0	-0.25	-0.25	-0.25	-0.25	-0.25	-0.25	0	-0.25	0	0	-0.25	0	-0.25	-0.25	-0.25	-0.25	0	-0.25	0	0	-0.25	0	0	-0.25	-0.25	-0.25	-0.25	0	0	-0.25	-0.25	0	-0.25	0	-0.25	-0.25
Bc024978	0	0	0	0	0	-0.25	0	-0.25	0	0	0	0	0	-0.25	0	0	0	0	0	0	0	0	0	0	-0.25	0	0	0	0	0	-0.25	0	0	-0.25	-0.25	0	-0.25	0	0	0	-0.25	0	-0.25	-0.25	-0.25	-0.25	0	-0.25	0	0	0	0	0	0	0	0	0
Braf	0	0	0	0	0	0	0	0	0	0	0	0	0	0	0	0	0	0	0	0	0.25	0	0	0	0	0	0	0	0	0	0	0	0	0	0	0	0	0	0	0	0	0	0	0	0	0	0	0	0	0	0	0	0.25	0	0	0	0
Btg2	0	0	0	-0.25	-0.25	-0.25	0	-0.25	-0.25	-0.25	0	0	0	-0.25	0	0	0	0	-0.25	-0.25	0	0	-0.25	-0.25	0	0	0	0	0	0	0	0	0	-0.25	0	0	-0.25	0	-0.25	0	-0.25	-0.25	0	0	-0.25	-0.25	-0.25	-0.25	0	-0.25	0	0	-0.25	0	0	0	-0.25
Btla	0	0.25	0.25	0	0	0	0	0	0	0	0	0	0	0	0	0	0	0	0	0	0.25	0	0	0	0	0	0	0	0	0	0	0	0	0	0	0	0	0	0	0	0	0	0	0	0	0	0	0	0	0	0	0	0.25	0	0	0	0
Calhm2	-0.25	0	0	0	0	-0.25	0	-0.25	0	0	0	0	0	-0.25	0	0	0	0	-0.25	0	0	0	0	0	0	-0.25	-0.25	0	0	0	0	0	0	0	0	0	0	0	0	0	-0.25	0	0	0	0	0	0	0	0	0	0	0	0	0	0	0	0
Card10	0	0	0.25	0	0	0	0	0	0	0	0	0	0	0	0	0	0	0	0	0	0	0	0	0	0	0	0	0	0	0	0	0	0	0	0	0	0	0	0	0	0	0	0	0	0	0	0	0	0	0	0	0	0.25	0	0	0	0
Catsperg1	-0.25	0	0	0	0	-0.25	0	-0.25	0	-0.25	-0.25	0	0	-0.25	0	0	0	0	-0.25	0	0	-0.25	0	0	-0.25	0	-0.25	-0.25	0	0	-0.25	-0.25	0	0	0	0	0	0	0	0	-0.25	0	0	0	-0.25	-0.25	-0.25	-0.25	0	0	0	0	0	-0.25	-0.25	0	-0.25
Ccdc93	0	0	0	0	0	-0.25	0	-0.25	0	0	0	0	0	0	0	0	0	0	0	-0.25	0	0	0	0	-0.25	0	-0.25	0	0	0	-0.25	-0.25	0	0	0	0	-0.25	0	0	0	-0.25	-0.25	-0.25	0	-0.25	-0.25	-0.25	-0.25	0	0	0	0	-0.25	-0.25	0	0	-0.25
Cchcr1	0	0	0	-0.25	-0.25	-0.25	0	0	0	0	0	0	0	0	0	0	0	0	0	-0.25	0	-0.25	0	0	-0.25	0	-0.25	0	0	0	-0.25	-0.25	0	-0.25	-0.25	-0.25	-0.25	0	-0.25	0	0	-0.25	-0.25	0	-0.25	-0.25	-0.25	-0.25	0	0	0	0	-0.25	-0.25	0	-0.25	-0.25
Ccl2	0	0	0	0	0	0	0	-0.25	-0.25	0	0	-0.25	0	-0.25	0	0	0	-0.25	-0.25	0	0	-0.25	-0.25	-0.25	-0.25	-0.25	-0.25	0	0	-0.25	0	0	0	0	0	0	0	0	0	0	0	-0.25	0	0	0	0	0	0	-0.25	0	-0.25	0	-0.25	-0.25	-0.25	0	-0.25
Ccl3	0	0	0	0	0	-0.25	0	-0.25	0	-0.25	0	0	0	-0.25	0	0	-0.25	0	-0.25	0	0	-0.25	0	0	-0.25	-0.25	-0.25	-0.25	-0.25	-0.25	0	0	0	0	0	0	0	0	0	0	-0.25	0	0	0	0	-0.25	0	0	0	0	-0.25	-0.25	-0.25	-0.25	0	0	-0.25
Ccl4	0	0	0	0	0	0	0	0	-0.25	0	0	0	0	0	0	0	0	0	0	0	0	0	0	0	-0.25	-0.25	-0.25	-0.25	-0.25	-0.25	0	0	0	0	0	0	0	0	-0.25	0	-0.25	0	0	0	0	0	0	0	-0.25	0	-0.25	-0.25	-0.25	0	0	0	-0.25
Ccr7	0	0.25	0.25	0	0	0	0	0	0	0	0	0	0	0	0	0	0	0	0	0	0	0	0	0	0	0	0	0	0	0	0	0	0	0	0	0	0	0	0	0	0	0	0	0	0	0	0	0	0	0	0	0	0.25	0	0	0	0
Ccr9	0	0	0.25	0	0	0	0	0	0	0	0	0	0	0	0	0	0	0	0	0	0	0	0	0	0	0	0	0	0	0	0	0	0	0	0	0	0	0	0	0	0	0	0	0	0	0	0	0	0	0	0	0	0	0	0	0	0
Cd27	0	0	0	0	0	0	0	0	0	0	0	0	0	0	0	0	0	0	0	0	0	0	0	0	0	0	0	0	0	0	0	0	0	0	0	0	0	0	0	0	0	0	0	0	0	0	0	0	0	0	0	0	0.25	0	0	0	0
Cd79a	0	0	0	0	0	0	0	0	0	0	0	0	0	0	0	0	0	0	0	0	0	0	0	0	0	0	0	0	0	0	0	0	0	0	0	0	0	0	0	0	0	0	0	0	0	0	0	0	0	0	0	0	0.25	0	0	0	0
Cd86	0	0.25	0.25	0	0	0	0	0	0	0	0	0	0	0	0	0	0	0	0	0	0	0	0	0	0	0	0	0	0	0	0	0	0	0	0	0	0	0.25	0	0	0	0	0	0	0	0	0	0	0	0	0	0	0.25	0	0	0	0
Cdc45	-0.25	0	0	0	0	-0.25	0	-0.25	0	-0.25	-0.25	-0.25	-0.25	-0.25	-0.25	-0.25	-0.25	-0.25	-0.25	-0.25	0	-0.25	0	0	-0.25	-0.25	0	0	0	0	0	0	-0.25	-0.25	-0.25	-0.25	0	0	0	0	-0.25	-0.25	-0.25	-0.25	-0.25	-0.25	0	0	0	0	0	0	0	-0.25	-0.25	0	-0.25
Cdh1	0	0	0	0	0	0	0	0	0	0	0	0	0	0	0	0	0	0	0	0	0	0	0	0	0	0	0	0	0	0	0	0	0	0	0	0	0	0	0	0	0	0	0	0	0	0	0	0	0	0	0	0	0.25	0	0	0	0
Cdk1	0	0	0	0	-0.25	0	0	0	0	0	0	0	0	0	0	0	0	0	0	-0.25	0	0	0	0	0	0	0	0	0	0	0	-0.25	0	-0.25	-0.25	-0.25	0	0	-0.25	0	0	-0.25	0	0	-0.25	-0.25	0	0	0	0	0	0	-0.25	-0.25	0	-0.25	0
Cdkl2	0	0	0.25	0	0	0	0	0	0	0	0	0	0	0	0	0	0	0	0	0	0	0	0	0	0	0	0	0	0	0	0	0	0	0	0	0	0	0	0	0	0	0	0	0	0	0	0	0	0	0	0	0	0.25	0	0	0	0
Cdon	0	0	0	0	0	0	0	0	0	0	0	0	0	0	0	0	0	0	0	0	0	0	0	0	0	0	0	0	0	0	0	0	0	0	0	0	0	0	0	0	0	0	0	0	0	0	0	0	0	0	0	0	0.25	0	0	0	0
Cenpo	-0.25	0	0	0	0	-0.25	0	-0.25	-0.25	-0.25	-0.25	-0.25	0	-0.25	-0.25	0	0	0	-0.25	-0.25	0	-0.25	0	0	-0.25	0	-0.25	-0.25	-0.25	0	0	0	0	0	0	0	-0.25	0	0	0	0	0	-0.25	0	-0.25	0	0	0	0	-0.25	-0.25	-0.25	-0.25	0	-0.25	0	-0.25
Cep152	-0.25	0	0	0	-0.25	0	0	-0.25	0	0	0	0	0	0	0	0	0	0	0	-0.25	0	0	0	0	0	0	-0.25	0	0	0	0	0	0	-0.25	0	0	0	0	-0.25	0	-0.25	-0.25	0	0	0	-0.25	0	0	0	0	0	0	0	-0.25	0	-0.25	0
Cgref1	0	0	0	0	0	0	0	0	0	0	0	0	0	0	0	0	0	0	0	0	0.25	0	0	0	0	0	0	0	0	0	0	0	0	0	0	0	0	0	0	0	0	0	0	0	0	0	0	0	0	0	0	0	0.25	0	0	0	0
Chmp6	0	0	0	-0.58	-0.25	-0.58	0	0	0	0	0	0	0	0	0	0	0	0	0	-0.25	0	-0.25	0	0	-0.25	-0.25	-0.25	0	-0.25	-0.25	0	-0.25	0	0	0	0	-0.25	0	0	0	-0.25	0	0	0	-0.25	-0.25	-0.25	-0.25	0	-0.25	-0.25	-0.25	0	-0.25	0	0	0
Chordc1	0	0	0	0	0	0	0	0	0	0	0	0	0	0	0	0	0	-0.25	0	0	0	0	-0.25	-0.25	0	0	0	0	0	0	0	0	-0.25	0	0	0	-0.25	0	0	0	0	0	0	0	0	-0.25	0	0	0	0	0	0	-0.25	0	0	0	-0.25
Chst11	0	0	0	0	0	0	0	0	0	0	0	0	0	0	0	0	0	0	0	0	0	0	0	0	0	0	0	0	0	0	0	0	0	0	0	0	0	0	0	0	0	0	0	0	0	0	0	0	0	0	0	0	0.25	0	0	0	0
Ciita	0	0	0	0	0	-0.25	0	-0.25	-0.25	-0.25	-0.25	0	0	-0.25	0	0	0	-0.25	-0.25	0	0	-0.25	0	0	-0.25	0	-0.25	0	-0.25	0	-0.25	0	0	0	0	0	0	0	0	0	0	-0.25	0	0	0	0	-0.25	0	0	0	-0.25	-0.25	-0.25	-0.25	0	0	0
Cish	0	0	0	0	0	0	0	0	0	0	0	0	0	0	0	0	0	0	0	0	0.25	0	0	0	0	0	0	0	0	0	0	0	0	0	0	0	0	0	0	0	0	0	0	0	0	0	0	0	0	0	0	0	0.25	0	0	0	0
Cldn1	0	0	0	0	0	0	0	0	0	0	0	0	0	0	0	0	0	0	0	0	0.25	0	0	0	0	0	0	0	0	0	0	0	0	0	0	0	0	0	0	0	0	0	0	0	0	0	0	0	0	0	0	0	0.25	0	0	0	0
Clec4b2	0	0	0.25	0	0	0	0	0	0	0	0	0	0	0	0	0	0	0	0	0	0	0	0	0	0	0	0	0	0	0	0	0	0	0	0	0	0	0	0	0	0	0	0	0	0	0	0	0	0	0	0	0	0.25	0	0	0	0
Clec7a	0	0.25	0.25	0	0	0	0	0	0	0	0	0	0	0	0	0	0	0	0	0	0.25	0	0	0	0	0	0	0	0	0	0	0	0	0	0	0	0	0.25	0	0	0	0	0	0	0	0	0	0	0	0	0	0	0.25	0	0	0	0
Cnn3	0	0	0	0	0	0	0	0	0	0	0	0	0	0	0	0	0	0	0	0	0	0	0	0	0	0	0	0	0	0	0	0	0	0	0	0	0	0	0	0	0	0	0	0	0	0	0	0	0	0	0	0	0.25	0	0	0	0
Cnnm2	0	0	0.25	0	0	0	0	0	0	0	0	0	0	0	0	0	0	0	0	0	0	0	0	0	0	0	0	0	0	0	0	0	0	0	0	0	0	0	0	0	0	0	0	0	0	0	0	0	0	0	0	0	0	0	0	0	0
Cnot7	0	0	0.25	0	0	0	0	0	0	0	0	0	0	0	0	0	0	0	0	0	0	0	0	0	0	0	0	0	0	0	0	0	0	0	0	0	0	0	0	0	0	0	0	0	0	0	0	0	0	0	0	0	0	0	0	0	0
Cntd1	0	0	0.25	0	0	0	0	0	0	0	0	0	0	0	0	0	0	0	0	0	0	0	0	0	0	0	0	0	0	0	0	0	0	0	0	0	0	0	0	0	0	0	0	0	0	0	0	0	0	0	0	0	0	0	0	0	0
Coasy	-0.25	0	0	-0.25	-0.25	-0.25	0	-0.25	0	-0.25	0	0	0	-0.25	0	0	0	-0.25	0	-0.25	0	-0.25	0	0	-0.25	-0.25	0	-0.25	0	0	0	-0.25	-0.25	-0.25	-0.25	-0.25	-0.25	0	-0.25	0	-0.25	-0.25	-0.25	0	-0.25	-0.25	-0.25	-0.25	0	0	0	0	-0.25	-0.25	0	-0.25	-0.25
Cpeb2	0	0.25	0.25	0	0	0	0	0	0	0	0	0	0	0	0	0	0	0	0	0	0	0	0	0	0	0	0	0	0	0	0	0	0	0	0	0	0	0	0	0	0	0	0	0	0	0	0	0	0	0	0	0	0.25	0	0	0	0
Crem	0	0	0	0	0	0	0	0	0	0	0	0	0	0	0	0	0	0	0	0	0	0	0	0	0	0	0	0	0	0	0	0	0	0	0	0	0	0	0	0	0	0	0	0	0	0	0	0	0	0	0	0	0.25	0	0	0	0
Csrp2bp	-0.25	0	0	-0.25	0	-0.25	0	-0.25	0	0	-0.25	0	0	0	0	0	0	0	0	0	0	-0.25	0	0	0	0	0	0	0	0	0	0	0	0	0	0	0	0	0	0	-0.25	0	0	0	0	0	0	-0.25	0	0	0	0	0	0	0	0	-0.25
Ctnnal1	0	0	0	0	0	0	0	0	0	0	0	0	0	0	0	0	0	0	0	0	0	0	0	0	0	0	0	0	0	0	0	0	0	0	0	0	0	0	0	0	0	0	0	0	0	0	0	0	0	0	0	0	0.25	0	0	0	0
Cwf19l1	-0.25	0	0	-0.25	0	-0.25	0	0	0	0	0	0	0	-0.25	0	0	0	-0.25	-0.25	0	0	-0.25	0	0	-0.25	0	-0.25	-0.25	-0.25	-0.25	0	0	-0.25	0	0	0	-0.25	0	-0.25	0	0	0	0	0	-0.25	0	0	-0.25	-0.25	-0.25	0	0	-0.25	0	0	0	0
Cxxc5	0	0	0	0	0	0	0	0	0	0	0	0	0	0	0	0	0	0	0	0	0	0	0	0	0	0	0	0	0	0	0	0	0	0	0	0	0	0	0	0	0	0	0	0	0	0	0	0	0	0	0	0	0.25	0	0	0	0
Cyth1	0	0	0	0	0	0	0	0	0	0	0	0	0	0	0	0	0	0	0	0	0	0	0	0	0	0	0	0	0	0	0	0	0	0	0	0	0	0.25	0	0	0	0	0	0	0	0	0	0	0	0	0	0	0	0	0	0	0
Cytip	0	0	0.25	0	0	0	0	0	0	0	0	0	0	0	0	0	0	0	0	0	0.25	0	0	0	0	0	0	0	0	0	0	0	0	0	0	0	0	0	0	0	0	0	0	0	0	0	0	0	0	0	0	0	0.25	0	0	0	0
Dapk1	0	0.25	0.25	0	0	0	0	0	0	0	0	0	0	0	0	0	0	0	0	0	0.25	0	0	0	0	0	0	0	0	0	0	0	0	0	0	0	0	0	0	0	0	0	0	0	0	0	0	0	0	0	0	0	0.25	0	0	0	0
Dctn5	-0.25	0	0	-0.25	0	-0.25	0	-0.25	-0.25	-0.25	-0.25	-0.25	-0.25	-0.25	-0.25	-0.25	-0.25	-0.25	-0.25	0	0	-0.25	0	0	-0.25	0	-0.25	0	-0.25	-0.25	0	0	0	0	0	0	-0.25	0	0	0	-0.25	0	-0.25	0	-0.25	-0.25	-0.25	0	-0.25	0	-0.25	-0.25	-0.25	0	0	0	-0.25
Ddit3	-0.25	0	0	-0.25	0	-0.25	0	-0.25	-0.25	0	-0.25	-0.25	0	-0.25	0	0	0	-0.25	0	-0.25	0	-0.25	0	0	-0.25	0	-0.25	0	0	0	-0.25	-0.25	0	-0.25	0	-0.25	-0.25	0	-0.25	0	-0.25	0	-0.25	0	-0.25	-0.25	-0.25	-0.25	-0.25	-0.25	-0.25	0	-0.25	-0.25	0	0	-0.25
Ddx58	0	0	0	-0.25	-0.25	0	0	-0.25	-0.25	0	0	0	0	-0.25	0	0	0	0	0	0	0	0	0	0	-0.25	-0.25	-0.25	-0.25	-0.25	-0.25	0	0	0	-0.25	-0.25	0	0	0	-0.25	0	-0.25	0	-0.25	0	0	0	0	0	0	-0.25	-0.25	-0.25	0	0	0	-0.25	0
Dedd2	-0.25	0	0	-0.25	-0.25	-0.25	0	-0.25	-0.25	-0.25	0	0	0	-0.25	0	0	0	0	0	-0.25	0	-0.25	0	0	0	-0.25	-0.25	0	0	0	-0.25	-0.25	0	-0.25	-0.25	-0.25	-0.25	0	-0.25	0	-0.25	-0.25	-0.25	0	-0.25	-0.25	-0.25	-0.25	-0.25	-0.25	0	-0.25	-0.25	-0.25	0	-0.25	0
Dennd3	0	0	0	0	0	0	0	0	0	0	0	0	0	0	0	0	0	0	0	0	0	0	0	0	0	0	0	0	0	0	0	0	0	0	0	0	0	0	0	0	0	0	0	0	0	0	0	0	0	0	0	0	0.25	0	0	0	0
Dennd4a	0	0	0	0	0	0	0	0	0	0	0	0	0	0	0	0	0	0	0	0	0	0	0	0	0	0	0	0	0	0	0	0	0	0	0	0	0	0	0	0	0	0	0	0	0	0	0	0	0	0	0	0	0.25	0	0	0	0
Det1	-0.25	0	0	0	0	0	0	-0.25	0	-0.25	-0.25	-0.25	-0.25	-0.25	-0.25	-0.25	-0.25	-0.25	-0.25	0	0	-0.25	0	0	-0.25	0	0	-0.25	-0.25	0	0	-0.25	-0.25	0	0	0	0	0	0	0	-0.25	0	0	0	-0.25	0	-0.25	0	0	0	-0.25	-0.25	-0.25	-0.25	0	0	-0.25
Dhcr24	0	0	0.25	0	0	0	0	0	0	0	0	0	0	0	0	0	0	0	0	0	0	0	0	0	0	0	0	0	0	0	0	0	0	0	0	0	0	0	0	0	0	0	0	0	0	0	0	0	0	0	0	0	0	0	0	0	0
Dis3l	0	0	0	-0.25	0	0	0	0	0	0	0	0	0	0	0	0	0	0	0	0	0	0	0	0	-0.25	0	0	0	0	0	0	0	0	0	0	0	0	0	-0.25	0	0	0	0	0	-0.25	-0.25	0	-0.25	0	-0.25	0	0	0	0	0	0	-0.25
Dnajb1	0	0	0	-0.25	-0.25	-0.25	0	0	0	-0.25	-0.25	0	0	-0.25	0	0	-0.25	0	-0.25	0	0	0	-0.25	-0.25	-0.25	-0.25	0	0	0	0	-0.25	-0.25	-0.25	-0.25	0	0	-0.25	0	-0.25	0	0	0	-0.25	0	-0.25	-0.25	-0.25	-0.25	0	-0.25	-0.25	0	-0.25	-0.25	0	0	-0.25
Dok2	-0.25	0	0	-0.25	0	-0.58	-0.33	-0.25	-0.25	0	0	0	0	-0.25	0	0	0	0	-0.25	-0.25	0	-0.25	-0.25	0	0	0	-0.25	0	0	0	0	0	-0.25	0	0	0	-0.25	0	0	0	-0.25	-0.25	-0.25	-0.25	-0.25	-0.25	-0.25	-0.25	0	-0.25	0	0	-0.25	0	0	0	-0.25
Dse	-0.25	0	0	0	0	0	0	-0.25	-0.25	0	0	0	0	-0.25	0	0	0	0	-0.25	-0.25	0	0	-0.25	0	-0.25	0	-0.25	-0.25	-0.25	0	0	0	0	-0.25	-0.25	0	0	0	-0.25	0	0	0	-0.25	0	-0.25	-0.25	-0.25	-0.25	-0.25	-0.25	-0.25	-0.25	-0.25	0	0	0	0
Dusp4	0	0	0	0	0	0	0	0	0	0	0	0	0	0	0	0	0	0	0	0	0	0	0	0	0	0	0	0	0	0	0	0	0	0	0	0	0	0	0	0	0	0	0	0	0	0	0	0	0	0	0	0	0.25	0	0	0	0
E030024n20rik	0	0	0	0	0	0	0	0	0	0	0	0	0	0	0	0	0	0	0	0	0	0	0	0	0	0	0	0	0	0	0	0	0	0	0	0	0	0	0	0	0	0	0	0	0	0	0	0	0	0	0	0	0.25	0	0	0	0
E330009j07rik	0	0	0	0	0	0	0	0	0	0	0	0	0	0	0	0	0	0	0	0	0	0	0	0	0	0	0	0	0	0	0	0	0	0	0	0	0	0	0	0	0	0	0	0	0	0	0	0	0	0	0	0	0.25	0	0	0	0
Eaf2	0	0	0.25	0	0	0	0	0	0	0	0	0	0	0	0	0	0	0	0	0	0	0	0	0	0	0	0	0	0	0	0	0	0	0	0	0	0	0	0	0	0	0	0	0	0	0	0	0	0	0	0	0	0.25	0	0	0	0
Ecm1	0	0	0	-0.25	-0.25	0	0	-0.25	-0.25	0	0	0	0	0	0	0	0	0	0	-0.25	0	0	0	0	0	0	0	0	0	0	0	0	-0.25	0	0	0	0	0	0	0	-0.25	0	0	0	-0.25	-0.25	0	-0.25	0	0	0	0	0	0	0	0	0
Ednrb	0	0	0	0	0	0	0	0	0	0	0	0	0	0	0	0	0	0	0	0	0.25	0	0	0	0	0	0	0	0	0	0	0	0	0	0	0	0	0	0	0	0	0	0	0	0	0	0	0	0	0	0	0	0.25	0	0	0	0
Efr3b	0	0	0	0	0	0	0	0	0	0	0	0	0	0	0	0	0	0	0	0	0	0	0	0	0	0	0	0	0	0	0	0	0	0	0	0	0	0	0	0	0	0	0	0	0	0	0	0	0	0	0	0	0.25	0	0	0	0
Egr1	-0.25	0	0	-0.58	0	-0.58	-0.33	-0.25	-0.25	-0.25	0	-0.25	0	-0.25	0	0	0	0	-0.25	0	0	-0.25	0	0	-0.25	0	-0.25	0	0	0	0	-0.25	0	0	0	0	-0.25	0	0	0	-0.25	-0.25	0	0	-0.25	-0.25	-0.25	-0.25	0	-0.25	0	0	-0.25	-0.25	0	0	-0.25
Eid3	0	0	0	0	0	0	0	0	0	0	0	0	0	0	0	0	0	0	0	0	0	0	0	0	0	0	0	0	0	0	0	0	0	0	0	0	0	0	0	0	0	0	0	0	0	0	0	0	0	0	0	0	0.25	0	0	0	0
Eif4e	0	0	0	0	0	0	0	0	0	0	0	0	0	0	0	0	0	0	0	0	0	0	0	0	0	0	0	0	0	0	0	0	0	0	0	0	0	0	0	0	0	0	0	0	0	0	0	0	0	0	0	0	0.25	0	0	0	0
Ell2	0	0	0.25	0	0	0	0	0	0	0	0	0	0	0	0	0	0	0	0	0	0	0	0	0	0	0	0	0	0	0	0	0	0	0	0	0	0	0	0	0	0	0	0	0	0	0	0	0	0	0	0	0	0.25	0	0	0	0
Esco2	-0.25	0	0	-0.25	-0.25	-0.25	0	-0.25	0	-0.25	-0.25	-0.25	-0.25	0	-0.25	-0.25	-0.25	0	0	0	0	-0.25	0	0	0	0	0	0	0	0	0	-0.25	0	0	0	0	0	0	0	0	-0.25	0	0	0	-0.25	-0.25	-0.25	-0.25	0	-0.25	0	0	0	-0.25	-0.25	0	-0.25
Eya1	0	0	0	0	0	0	0	0	0	0	0	0	0	0	0	0	0	0	0	0	0.25	0	0	0	0	0	0	0	0	0	0	0	0	0	0	0	0	0	0	0	0	0	0	0	0	0	0	0	0	0	0	0	0.25	0	0	0	0
F5	0	0	0	0	0	0	0	0	0	0	0	0	0	0	0	0	0	0	0	0	0.25	0	0	0	0	0	0	0	0	0	0	0	0	0	0	0	0	0	0	0	0	0	0	0	0	0	0	0	0	0	0	0	0.25	0	0	0	0
Fam107b	0	0	0.25	0	0	0	0	0	0	0	0	0	0	0	0	0	0	0	0	0	0.25	0	0	0	0	0	0	0	0	0	0	0	0	0	0	0	0	0.25	0	0	0	0	0	0	0	0	0	0	0	0	0	0	0.25	0	0	0	0
Fam117b	0	0	0.25	0	0	0	0	0	0	0	0	0	0	0	0	0	0	0	0	0	0	0	0	0	0	0	0	0	0	0	0	0	0	0	0	0	0	0	0	0	0	0	0	0	0	0	0	0	0	0	0	0	0.25	0	0	0	0
Fam129b	0	0	0	0	0	0	0	0	0	0	0	0	0	0	0	0	0	0	0	0	0	0	0	0	0	0	0	0	0	0	0	0	0	0	0	0	0	0	0	0	0	0	0	0	0	0	0	0	0	0	0	0	0.25	0	0	0	0
Fbxo11	0	0	0	0	0	0	0	0	0	0	0	0	0	0	0	0	0	0	0	0	0.25	0	0	0	0	0	0	0	0	0	0	0	0	0	0	0	0	0	0	0	0	0	0	0	0	0	0	0	0	0	0	0	0.25	0	0	0	0
Fbxo18	0	0	0	0	0	-0.25	0	-0.25	-0.25	-0.25	0	0	0	0	0	0	-0.25	-0.25	-0.25	-0.25	0	-0.25	0	0	-0.25	-0.25	-0.25	0	0	-0.25	-0.25	-0.25	0	-0.25	0	-0.25	0	0	-0.25	0	-0.25	-0.25	0	0	-0.25	-0.25	-0.25	-0.25	0	-0.25	0	-0.25	-0.25	-0.25	-0.25	0	0
Fbxo5	-0.25	0	0	-0.25	0	-0.25	0	0	0	0	0	0	0	0	0	0	0	0	0	0	0	-0.25	0	0	-0.25	0	-0.25	0	-0.25	0	0	0	0	0	0	0	-0.25	0	0	0	-0.25	0	-0.25	0	-0.25	-0.25	-0.25	-0.25	0	-0.25	0	0	0	-0.25	0	0	0
Fbxw17	-0.25	0	0	0	-0.25	0	0	0	0	0	0	0	0	0	0	0	-0.25	-0.25	0	-0.25	0	0	0	0	0	-0.25	0	0	0	0	0	-0.25	0	-0.25	0	0	0	0	-0.25	0	0	-0.25	0	0	-0.25	-0.25	0	0	0	0	0	0	0	-0.25	0	-0.25	0
Fkbp4	-0.25	0	0	-0.25	-0.25	-0.25	0	-0.25	-0.25	-0.25	-0.25	-0.25	-0.25	-0.25	-0.25	-0.25	-0.25	-0.25	-0.25	0	0	-0.25	0	0	-0.25	0	0	0	0	0	-0.25	-0.25	-0.25	0	0	0	-0.25	0	-0.25	0	-0.25	0	-0.25	-0.25	-0.25	-0.25	-0.25	-0.25	0	-0.25	0	0	-0.25	-0.25	0	0	-0.25
Fkbp5	-0.25	0	0	-0.25	-0.25	-0.25	0	-0.25	0	0	0	0	0	-0.25	0	0	-0.25	0	-0.25	0	0	-0.25	0	0	-0.25	0	-0.25	0	0	0	-0.25	0	0	0	0	0	-0.25	0	-0.25	-1.0	-0.25	-0.25	0	0	-0.25	-0.25	-0.25	-0.25	-0.25	0	0	0	-0.25	-0.25	0	0	-0.25
Flt3	0	0.25	0.25	0	0	0	0	0	0	0	0	0	0	0	0	0	0	0	0	0	0.25	0	0	0	0	0	0	0	0	0	0	0	0	0	0	0	0	0	0	0	0	0	0	0	0	0	0	0	0	0	0	0	0.25	0	0	0	0
Fndc5	0	0	0	0	0	0	0	0	0	0	0	0	0	0	0	0	0	0	0	0	0	0	0	0	0	0	0	0	0	0	0	0	0	0	0	0	0	0	0	0	0	0	0	0	0	0	0	0	0	0	0	0	0.25	0	0	0	0
Foxm1	-0.25	0	0	0	-0.25	-0.25	0	-0.25	0	0	0	0	0	-0.25	0	0	0	0	0	-0.25	0	-0.25	-0.25	0	-0.25	0	-0.25	0	0	-0.25	-0.25	-0.25	-0.25	-0.25	-0.25	0	0	0	0	0	-0.25	0	0	0	-0.25	-0.25	-0.25	-0.25	0	0	-0.25	0	-0.25	-0.25	0	0	-0.25
Fyn	0	0	0	0	0	0	0	0	0	0	0	0	0	0	0	0	0	0	0	0	0.25	0	0	0	0	0	0	0	0	0	0	0	0	0	0	0	0	0	0	0	0	0	0	0	0	0	0	0	0	0	0	0	0.25	0	0	0	0
Galnt9	0	0	0	0	0	-0.25	0	-0.25	-0.25	0	-0.25	0	0	-0.25	0	0	0	0	-0.25	0	0	0	0	0	0	0	-0.25	0	0	0	-0.25	0	0	0	0	0	0	0	0	0	-0.25	0	0	0	-0.25	0	-0.25	-0.25	0	0	0	0	-0.25	0	0	0	0
Gan	0	0	0.25	0	0	0	0	0	0	0	0	0	0	0	0	0	0	0	0	0	0	0	0	0	0	0	0	0	0	0	0	0	0	0	0	0	0	0	0	0	0	0	0	0	0	0	0	0	0	0	0	0	0	0	0	0	0
Gas2l1	-0.25	0	0	-0.25	-0.25	-0.25	0	0	-0.25	0	-0.25	0	0	-0.25	0	0	0	0	0	-0.25	0	0	0	0	-0.25	0	0	0	0	0	-0.25	-0.25	0	0	0	0	-0.25	0	0	0	-0.25	-0.25	0	0	-0.25	-0.25	-0.25	-0.25	0	-0.25	0	0	-0.25	-0.25	0	0	-0.25
Gbp5	0	0	0	0	0	0	0	0	-0.25	0	0	0	0	-0.25	0	0	0	0	0	0	0	0	0	0	-0.25	-0.25	-0.25	-0.25	-0.25	-0.25	0	0	0	0	0	0	0	0	0	0	0	0	0	0	0	0	0	-0.25	-0.25	0	-0.25	-0.25	-0.25	-0.25	0	0	0
Gcnt2	0	0.25	0.25	0	0	0	0	0	0	0	0	0	0	0	0	0	0	0	0	0	0.25	0	0	0	0	0	0	0	0	0	0	0	0	0	0	0	0	0	0	0	0	0	0	0	0	0	0	0	0	0	0	0	0.25	0	0	0	0
Gda	0	0.25	0.25	0	0	0	0	0	0	0	0	0	0	0	0	0	0	0	0	0	0	0	0	0	0	0	0	0	0	0	0	0	0	0	0	0	0	0	0	0	0	0	0	0	0	0	0	0	0	0	0	0	0.25	0	0	0	0
Gemin4	-0.25	0	0	-0.25	-0.25	-0.25	0	-0.25	0	0	0	0	0	0	0	0	0	0	0	-0.25	0	0	0	0	-0.25	-0.25	-0.25	-0.25	0	-0.25	0	-0.25	0	0	0	0	-0.25	0	0	0	-0.25	-0.25	0	0	-0.25	-0.25	-0.25	-0.25	0	0	-0.25	-0.25	0	0	0	0	-0.25
Gfod1	0	0	0.25	0	0	0	0	0	0	0	0	0	0	0	0	0	0	0	0	0	0	0	0	0	0	0	0	0	0	0	0	0	0	0	0	0	0	0	0	0	0	0	0	0	0	0	0	0	0	0	0	0	0.25	0	0	0	0
Gkn3	0	0	0.25	0	0	0	0	0	0	0	0	0	0	0	0	0	0	0	0	0	0	0	0	0	0	0	0	0	0	0	0	0	0	0	0	0	0	0	0	0	0	0	0	0	0	0	0	0	0	0	0	0	0.25	0	0	0	0
Gls2	0	0	0	0	0	0	0	0	0	0	0	0	0	0	0	0	0	0	0	0	0	0	0	0	0	0	0	0	0	0	0	0	0	0	0	0	0	0	0	0	0	0	0	0	0	0	0	0	0	0	0	0	0.25	0	0	0	0
Gm12250	0	0	0	0	0	0	0	0	0	0	0	0	0	0	0	0	0	0	0	-0.25	0	0	0	0	-0.25	-0.25	-0.25	-0.25	-0.25	-0.25	-0.25	-0.25	0	0	0	0	0	0	0	0	0	0	0	0	-0.25	-0.25	-0.25	-0.25	0	0	-0.25	-0.25	-0.25	-0.25	0	0	-0.25
Gm15760	0	0	0	0	0	0	0	0	0	0	0	0	0	0	0	0	0	0	0	0	0	0	0	0	0	0	0	0	0	0	0	0	0	0	0	0	0	0	0	0	0	0	0	0	0	0	0	0	0	0	0	0	0.25	0	0	0	0
Gm8221	0	0	0	0	0	0	0	-0.25	0	0	0	0	0	0	0	0	0	0	0	0	0	0	0	0	0	0	0	0	0	0	0	0	0	0	0	0	0	0	0	0	-0.25	0	0	0	0	0	0	0	0	0	0	0	0	0	0	0	0
Gna15	0	0	0	-0.25	-0.25	-0.25	0	-0.25	0	0	0	0	0	-0.25	0	0	0	0	-0.25	0	0	-0.25	0	0	-0.25	-0.25	-0.25	0	-0.25	0	0	-0.25	0	0	0	0	-0.25	0	0	0	-0.25	0	-0.25	-0.25	-0.25	-0.25	-0.25	-0.25	0	0	-0.25	-0.25	-0.25	0	0	0	-0.25
Gpd2	0	0.25	0.25	0	0	0	0	0	0	0	0	0	0	0	0	0	0	0	0	0	0.25	0	0	0	0	0	0	0	0	0	0	0	0	0	0	0	0	0	0	0	0	0	0	0	0	0	0	0	0	0	0	0	0.25	0	0	0	0
Gpr124	0	0	0.25	0	0	0	0	0	0	0	0	0	0	0	0	0	0	0	0	0	0.25	0	0	0	0	0	0	0	0	0	0	0	0	0	0	0	0	0	0	0	0	0	0	0	0	0	0	0	0	0	0	0	0.25	0	0	0	0
Gpr153	-0.25	0	0	-0.25	-0.25	-0.25	0	-0.25	0	0	0	0	0	0	0	0	0	0	0	0	0	0	0	0	0	0	0	0	0	0	0	0	0	-0.25	-0.25	0	0	0	-0.25	0	-0.25	0	0	0	-0.25	-0.25	0	-0.25	0	0	0	0	0	0	0	0	-0.25
Gpr171	0	0	0	0	0	0	0	0	0	0	0	0	0	0	0	0	0	0	0	0	0	0	0	0	0	0	0	0	0	0	0	0	0	0	0	0	0	0	0	0	0	0	0	0	0	0	0	0	0	0	0	0	0.25	0	0	0	0
Gpr33	0	0	0.25	0	0	0	0	0	0	0	0	0	0	0	0	0	0	0	0	0	0	0	0	0	0	0	0	0	0	0	0	0	0	0	0	0	0	0	0	0	0	0	0	0	0	0	0	0	0	0	0	0	0.25	0	0	0	0
Gpr68	0	0	0	0	0	0	0	0	0	0	0	0	0	0	0	0	0	0	0	0	0.25	0	0	0	0	0	0	0	0	0	0	0	0	0	0	0	0	0	0	0	0	0	0	0	0	0	0	0	0	0	0	0	0.25	0	0	0	0
Grap2	0	0.25	0.25	0	0	0	0	0	0	0	0	0	0	0	0	0	0	0	0	0	0	0	0	0	0	0	0	0	0	0	0	0	0	0	0	0	0	0.25	0	0	0	0	0	0	0	0	0	0	0	0	0	0	0.25	0	0	0	0
Grk6	-0.25	0	0	-0.25	-0.25	-0.25	0	-0.25	0	0	0	0	0	-0.25	0	0	0	-0.25	0	-0.25	0	-0.25	-0.25	0	-0.25	0	0	0	0	0	-0.25	-0.25	0	0	0	0	-0.25	0	0	0	-0.25	0	0	0	-0.25	-0.25	-0.25	-0.25	-0.25	-0.25	0	0	-0.25	-0.25	0	0	-0.25
H2-eb2	0	0.25	0.25	0	0	0	0	0	0	0	0	0	0	0	0	0	0	0	0	0	0.25	0	0	0	0	0	0	0	0	0	0	0	0	0	0	0	0	0.25	0	0	0	0	0	0	0	0	0	0	0	0	0	0	0.25	0	0	0	0
H2-k2	0	0	0	-0.25	-0.25	-0.25	0	0	0	-0.25	0	0	0	-0.25	0	0	0	0	0	-0.25	0	0	0	0	-0.25	-0.25	0	0	-0.25	-0.25	0	0	0	-0.25	-0.25	-0.25	-0.25	0	-0.25	0	0	-0.25	-0.25	-0.25	0	0	0	0	0	0	-0.25	-0.25	-0.25	0	0	-0.25	-0.25
H2-ob	0	0	0	0	0	0	0	0	0	0	0	0	0	0	0	0	0	0	0	0	0	0	0	0	0	0	0	0	0	0	0	0	0	0	0	0	0	0.25	0	0	0	0	0	0	0	0	0	0	0	0	0	0	0	0	0	0	0
Haao	0	0	0.25	0	0	0	0	0	0	0	0	0	0	0	0	0	0	0	0	0	0.25	0	0	0	0	0	0	0	0	0	0	0	0	0	0	0	0	0	0	0	0	0	0	0	0	0	0	0	0	0	0	0	0	0	0	0	0
Hectd2	0	0	0	0	0	0	0	0	0	0	0	0	0	0	0	0	0	0	0	0	0	0	0	0	0	0	0	0	0	0	0	0	0	0	0	0	0	0	0	0	0	0	0	0	0	0	0	0	0	0	0	0	0.25	0	0	0	0
Hepacam2	0	0	0.25	0	0	0	0	0	0	0	0	0	0	0	0	0	0	0	0	0	0.25	0	0	0	0	0	0	0	0	0	0	0	0	0	0	0	0	0	0	0	0	0	0	0	0	0	0	0	0	0	0	0	0.25	0	0	0	0
Hip1	-0.25	0	0	0	-0.25	-0.25	0	-0.25	-0.25	-0.25	-0.25	-0.25	-0.25	-0.25	-0.25	-0.25	-0.25	-0.25	-0.25	-0.25	0	-0.25	-0.25	-0.25	-0.25	-0.25	-0.25	0	-0.25	0	-0.25	-0.25	-0.25	-0.25	0	0	-0.25	0	-0.25	0	-0.25	-0.25	0	-0.25	-0.25	-0.25	-0.25	-0.25	-0.25	0	-0.25	0	-0.25	-0.25	-0.25	0	-0.25
Hip1r	0	0	0	0	0	0	0	0	0	0	0	0	0	0	0	0	0	0	0	0	0	0	0	0	0	0	0	0	0	0	0	0	0	0	0	0	0	0	0	0	0	0	0	0	0	0	0	0	0	0	0	0	0.25	0	0	0	0
Hist1h1a	0	0	0	-0.25	-0.25	-0.25	0	0	0	0	0	0	0	-0.25	0	0	0	0	0	-0.25	0	0	0	0	-0.25	-0.25	0	0	0	0	0	-0.25	0	-0.25	-0.25	-0.25	0	0	-0.25	0	0	-0.25	0	0	-0.25	-0.25	-0.25	-0.25	0	-0.25	0	0	-0.25	-0.25	0	0	-0.25
Hist1h2bl	0	0	0	-0.25	-0.25	0	0	0	0	0	0	0	0	0	0	0	0	0	0	-0.25	0	0	-0.25	0	-0.25	-0.25	-0.25	0	-0.25	-0.25	0	0	0	-0.25	-0.25	-0.25	0	0	-0.25	0	-0.25	-0.25	0	0	-0.25	0	0	0	-0.25	0	-0.25	-0.25	0	-0.25	0	0	-0.25
Hspa1a	0	0	0	-0.25	-0.25	-0.25	0	-0.25	-0.25	0	0	0	0	-0.25	0	0	-0.25	0	-0.25	0	0	0	-0.25	0	-0.25	0	0	0	0	0	-0.25	0	0	0	0	0	-0.25	0	-0.25	0	-0.25	-0.25	0	0	-0.25	0	-0.25	-0.25	0	0	0	0	-0.25	0	0	0	-0.25
Hspa1b	0	0	0	0	0	-0.58	-0.33	0	0	0	0	0	0	0	0	0	0	0	0	-0.25	0	0	-0.25	0	0	0	0	0	0	0	0	0	0	0	0	0	0	0	-0.25	0	0	0	0	0	0	0	-0.25	0	0	0	0	0	-0.25	0	0	0	-0.25
Hspa8	-0.25	0	0	-0.25	0	-0.25	0	-0.25	0	0	0	0	0	-0.25	0	0	0	0	-0.25	-0.25	0	0	-0.25	-0.25	-0.25	0	0	0	0	0	0	0	0	-0.25	-0.25	0	-0.25	0	-0.25	0	-0.25	0	-0.25	0	-0.25	-0.25	-0.25	-0.25	0	0	0	0	-0.25	-0.25	0	0	-0.25
Hsph1	-0.25	0	0	-0.25	0	-0.25	0	-0.25	0	0	0	-0.25	0	-0.25	0	-0.25	0	-0.25	-0.25	0	0	-0.25	-0.25	-0.25	0	0	0	0	0	0	0	0	0	-0.25	0	0	-0.25	0	0	0	0	-0.25	-0.25	-0.25	0	-0.25	-0.25	0	0	0	0	0	0	0	0	0	0
Ica1l	0	0	0	0	0	0	0	0	0	0	0	0	0	0	0	0	0	0	0	0	0.25	0	0	0	0	0	0	0	0	0	0	0	0	0	0	0	0	0	0	0	0	0	0	0	0	0	0	0	0	0	0	0	0	0	0	0	0
Ifit2	0	0	0	-0.25	-0.25	-0.25	0	0	-0.25	0	0	0	0	-0.25	0	0	0	0	0	0	0	0	0	0	0	0	0	-0.25	0	0	0	0	0	-0.25	0	0	0	0	0	0	0	0	-0.25	-0.25	0	0	0	-0.25	0	0	0	0	0	0	0	0	0
Ifitm6	0	0	0.25	0	0	0	0	0	0	0	0	0	0	0	0	0	0	0	0	0	0	0	0	0	0	0	0	0	0	0	0	0	0	0	0	0	0	0	0	0	0	0	0	0	0	0	0	0	0	0	0	0	0.25	0	0	0	0
Igf2r	0	0.25	0.25	0	0	0	0	0	0	0	0	0	0	0	0	0	0	0	0	0	0	0	0	0	0	0	0	0	0	0	0	0	0	0	0	0	0	0	0	0	0	0	0	0	0	0	0	0	0	0	0	0	0.25	0	0	0	0
Igj	0	0	0	0	0	0	0	0	0	0	0	0	0	0	0	0	0	0	0	0	0.25	0	0	0	0	0	0	0	0	0	0	0	0	0	0	0	0	0	0	0	0	0	0	0	0	0	0	0	0	0	0	0	0	0	0	0	0
Igtp	0	0	0	-0.25	0	0	0	0	0	0	0	0	0	0	0	0	0	0	0	-0.25	0	0	0	0	-0.25	-0.25	-0.25	-0.25	-0.25	-0.25	-0.25	-0.25	0	0	0	0	0	0	0	0	-0.25	0	0	0	-0.25	-0.25	-0.25	-0.25	0	0	-0.25	-0.25	-0.25	-0.25	0	0	-0.25
Ikzf4	0	0	0	0	0	0	0	0	0	0	0	0	0	0	0	0	0	0	0	0	0	0	0	0	0	0	0	0	0	0	0	0	0	0	0	0	0	0	0	0	0	0	0	0	0	0	0	0	0	0	0	0	0.25	0	0	0	0
Il16	0	0	0	0	0	-0.25	0	-0.25	-0.25	-0.25	0	0	0	-0.25	0	0	0	0	-0.25	-0.25	0	-0.25	-0.25	0	-0.25	-0.25	-0.25	0	-0.25	-0.25	0	0	0	-0.25	0	0	0	0	-0.25	0	-0.25	0	0	0	-0.25	0	0	0	0	0	0	-0.25	-0.25	0	0	0	0
Il1r1	0	0	0	0	0	0	0	0	0	0	0	0	0	0	0	0	0	0	0	0	0	0	0	0	0	0	0	0	0	0	0	0	0	0	0	0	0	0	0	0	0	0	0	0	0	0	0	0	0	0	0	0	0.25	0	0	0	0
Il1rap	0	0.25	0.25	0	0	0	0	0	0	0	0	0	0	0	0	0	0	0	0	0	0	0	0	0	0	0	0	0	0	0	0	0	0	0	0	0	0	0	0	0	0	0	0	0	0	0	0	0	0	0	0	0	0	0	0	0	0
Il22ra2	0	0	0	0	0	0	0	0	0	0	0	0	0	0	0	0	0	0	0	0	0	0	0	0	0	0	0	0	0	0	0	0	0	0	0	0	0	0.25	0	0	0	0	0	0	0	0	0	0	0	0	0	0	0	0	0	0	0
Il7r	0	0	0.25	0	0	0	0	0	0	0	0	0	0	0	0	0	0	0	0	0	0	0	0	0	0	0	0	0	0	0	0	0	0	0	0	0	0	0.25	0	0	0	0	0	0	0	0	0	0	0	0	0	0	0.25	0	0	0	0
Ildr1	0	0	0	0	0	0	0	0	0	0	0	0	0	0	0	0	0	0	0	0	0.25	0	0	0	0	0	0	0	0	0	0	0	0	0	0	0	0	0	0	0	0	0	0	0	0	0	0	0	0	0	0	0	0.25	0	0	0	0
Jag2	0	0	0	0	0	0	0	0	0	0	0	0	0	0	0	0	0	0	0	0	0	0	0	0	0	0	0	0	0	0	0	0	0	0	0	0	0	0	0	0	0	0	0	0	0	0	0	0	0	0	0	0	0.25	0	0	0	0
Jak2	0	0	0	0	0	0	0	0	0	0	0	0	0	0	0	0	0	0	0	0	0.25	0	0	0	0	0	0	0	0	0	0	0	0	0	0	0	0	0	0	0	0	0	0	0	0	0	0	0	0	0	0	0	0.25	0	0	0	0
Jmjd4	0	0	0	0	0	0	0	0	0	0	0	0	0	0	0	0	0	0	0	0	0	0	0	0	-0.25	0	0	0	0	0	0	-0.25	0	0	0	0	-0.25	0	0	0	0	0	0	0	-0.25	-0.25	-0.25	0	0	-0.25	0	0	0	-0.25	0	0	0
Jun	-0.25	0	0	-0.25	-0.25	-0.25	0	-0.25	0	-0.25	-0.25	-0.25	0	-0.25	0	0	0	-0.25	-0.25	-0.25	0	-0.25	0	0	-0.25	0	-0.25	0	0	0	0	0	0	-0.25	0	0	-0.25	0	-0.25	0	-0.25	-0.25	-0.25	0	-0.25	-0.25	-0.25	-0.25	0	0	-0.25	0	-0.25	-0.25	0	0	0
Kcnq1ot1	0	0	0	0	0	0	0	0	0	0	0	0	0	0	0	0	0	0	0	0	0	0	0	0	0	0	0	0	0	0	0	0	0	0	0	0	0	0	0	0	0	0	0	0	0	0	0	0	0	0	0	0	0.25	0	0	0	0
Kctd21	0	0	0	0	-0.25	-0.25	0	0	0	-0.25	0	0	0	-0.25	0	0	-0.25	0	-0.25	-0.25	0	-0.25	0	0	-0.25	-0.25	-0.25	0	-0.25	-0.25	-0.25	-0.25	0	0	0	0	0	0	0	0	-0.25	0	-0.25	-0.25	-0.25	-0.25	-0.25	-0.25	0	-0.25	-0.25	-0.25	-0.25	-0.25	0	0	-0.25
Kdm4d	0	0	0	0	0	0	0	0	0	0	0	0	0	0	0	0	0	0	0	0	0.25	0	0	0	0	0	0	0	0	0	0	0	0	0	0	0	0	0	0	0	0	0	0	0	0	0	0	0	0	0	0	0	0.25	0	0	0	0
Kif1a	0	0	0	0	0	0	0	0	0	0	0	0	0	0	0	0	0	0	0	0	0	0	0	0	0	0	0	0	0	0	0	0	0	0	0	0	0	0	0	0	0	0	0	0	0	0	0	0	0	0	0	0	0.25	0	0	0	0
Kit	0	0.25	0.25	0	0	0	0	0	0	0	0	0	0	0	0	0	0	0	0	0	0	0	0	0	0	0	0	0	0	0	0	0	0	0	0	0	0	0	0	0	0	0	0	0	0	0	0	0	0	0	0	0	0.25	0	0	0	0
Klhl8	0	0	0	0	0	0	0	0	0	0	0	0	0	0	0	0	0	0	0	0	0	0	0	0	0	0	0	0	0	0	0	0	0	0	0	0	0	0	0	0	0	0	0	0	0	0	0	0	0	0	0	0	0.25	0	0	0	0
Klri1	0	0	0.25	0	0	0	0	0	0	0	0	0	0	0	0	0	0	0	0	0	0	0	0	0	0	0	0	0	0	0	0	0	0	0	0	0	0	0.25	0	0	0	0	0	0	0	0	0	0	0	0	0	0	0.25	0	0	0	0
Klri2	0	0	0	0	0	0	0	0	0	0	0	0	0	0	0	0	0	0	0	0	0.25	0	0	0	0	0	0	0	0	0	0	0	0	0	0	0	0	0	0	0	0	0	0	0	0	0	0	0	0	0	0	0	0.25	0	0	0	0
Klrk1	0	0.25	0	0	0	0	0	0	0	0	0	0	0	0	0	0	0	0	0	0	0	0	0	0	0	0	0	0	0	0	0	0	0	0	0	0	0	0	0	0	0	0	0	0	0	0	0	0	0	0	0	0	0	0	0	0	0
Kpna1	0	0	0	0	0	0	0	0	0	0	0	0	0	0	0	0	0	0	0	0	0	0	0	0	0	0	0	0	0	0	0	0	0	0	0	0	0	0.25	0	0	0	0	0	0	0	0	0	0	0	0	0	0	0.25	0	0	0	0
Lin37	-0.25	0	0	-0.25	-0.25	-0.25	0	-0.25	0	0	0	0	0	-0.25	0	0	0	0	-0.25	0	0	-0.25	0	0	-0.25	0	0	0	0	0	-0.25	-0.25	0	0	0	0	-0.25	0	-0.25	0	-0.25	0	-0.25	-0.25	-0.25	-0.25	-0.25	-0.25	0	0	0	-0.25	0	-0.25	0	0	-0.25
Lin54	0	0	0	0	0	0	0	0	0	0	0	0	0	0	0	0	0	0	0	0	0.25	0	0	0	0	0	0	0	0	0	0	0	0	0	0	0	0	0	0	0	0	0	0	0	0	0	0	0	0	0	0	0	0.25	0	0	0	0
Lmo4	0	0.25	0.25	0	0	0	0	0	0	0	0	0	0	0	0	0	0	0	0	0	0	0	0	0	0	0	0	0	0	0	0	0	0	0	0	0	0	0.25	0	0	0	0	0	0	0	0	0	0	0	0	0	0	0.25	0	0	0	0
Lphn2	0	0.25	0.25	0	0	0	0	0	0	0	0	0	0	0	0	0	0	0	0	0	0	0	0	0	0	0	0	0	0	0	0	0	0	0	0	0	0	0	0	0	0	0	0	0	0	0	0	0	0	0	0	0	0.25	0	0	0	0
Lrp8	0	0	0.25	0	0	0	0	0	0	0	0	0	0	0	0	0	0	0	0	0	0	0	0	0	0	0	0	0	0	0	0	0	0	0	0	0	0	0	0	0	0	0	0	0	0	0	0	0	0	0	0	0	0.25	0	0	0	0
Lrrc1	0	0	0	0	0	0	0	0	0	0	0	0	0	0	0	0	0	0	0	0	0.25	0	0	0	0	0	0	0	0	0	0	0	0	0	0	0	0	0	0	0	0	0	0	0	0	0	0	0	0	0	0	0	0	0	0	0	0
Lrrc16a	0	0.25	0.25	0	0	0	0	0	0	0	0	0	0	0	0	0	0	0	0	0	0.25	0	0	0	0	0	0	0	0	0	0	0	0	0	0	0	0	0.25	0	0	0	0	0	0	0	0	0	0	0	0	0	0	0.25	0	0	0	0
Lrrc8d	0	0	0	0	0	0	0	0	0	0	0	0	0	0	0	0	0	0	0	0	0	0	0	0	0	0	0	0	0	0	0	0	0	0	0	0	0	0	0	0	0	0	0	0	0	0	0	0	0	0	0	0	0.25	0	0	0	0
Ly6d	0	0	0	0	0	0	0	0	0	0	0	0	0	0	0	0	0	0	0	0	0	0	0	0	0	0	0	0	0	0	0	0	0	0	0	0	0	0	0	0	0	0	0	0	0	0	0	0	0	0	0	0	0.25	0	0	0	0
Ly75	0	0	0	0	0	0	0	0	0	0	0	0	0	0	0	0	0	0	0	0	0	0	0	0	0	0	0	0	0	0	0	0	0	0	0	0	0	0	0	0	0	0	0	0	0	0	0	0	0	0	0	0	0.25	0	0	0	0
Lyl1	-0.25	0	0	-0.25	-0.25	-0.25	0	0	0	-0.25	0	-0.25	0	0	-0.25	0	0	0	0	-0.25	0	-0.25	0	0	0	-0.25	0	0	0	0	-0.25	-0.25	0	-0.25	-0.25	0	-0.25	0	-0.25	0	-0.25	-0.25	0	0	-0.25	-0.25	-0.25	0	-0.25	0	0	0	-0.25	0	0	-0.25	-0.25
Malt1	0	0	0	0	0	0	0	0	0	0	0	0	0	0	0	0	0	0	0	0	0	0	0	0	0	0	0	0	0	0	0	0	0	0	0	0	0	0	0	0	0	0	0	0	0	0	0	0	0	0	0	0	0.25	0	0	0	0
Map4k4	0	0.25	0.25	0	0	0	0	0	0	0	0	0	0	0	0	0	0	0	0	0	0.25	0	0	0	0	0	0	0	0	0	0	0	0	0	0	0	0	0	0	0	0	0	0	0	0	0	0	0	0	0	0	0	0.25	0	0	0	0
Mast3	-0.25	0	0	-0.25	-0.25	-0.25	0	-0.25	0	-0.25	0	-0.25	0	-0.25	0	0	0	0	-0.25	-0.25	0	-0.25	0	0	-0.25	-0.25	-0.25	0	-0.25	0	-0.25	-0.25	0	-0.25	0	-0.25	-0.25	0	-0.25	0	-0.25	-0.25	0	-0.25	-0.25	-0.25	-0.25	-0.25	0	-0.25	-0.25	0	-0.25	-0.25	-0.25	0	-0.25
Mast4	0	0	0.25	0	0	0	0	0	0	0	0	0	0	0	0	0	0	0	0	0	0	0	0	0	0	0	0	0	0	0	0	0	0	0	0	0	0	0	0	0	0	0	0	0	0	0	0	0	0	0	0	0	0.25	0	0	0	0
Mavs	0	0	0	0	0	-0.25	0	-0.25	0	0	0	0	0	-0.25	0	0	0	0	-0.25	0	0	0	0	0	-0.25	0	0	0	0	0	0	0	-0.25	-0.25	-0.25	0	0	0	0	0	-0.25	-0.25	0	0	-0.25	-0.25	-0.25	-0.25	0	0	0	0	-0.25	-0.25	0	0	0
Mcm10	0	0	0	-0.25	-0.25	0	0	0	0	0	0	0	0	0	0	0	0	0	0	-0.25	0	0	0	0	-0.25	0	0	0	0	0	0	0	0	-0.25	-0.25	-0.25	0	0	-0.25	0	0	-0.25	0	0	0	-0.25	0	-0.25	0	0	0	0	0	-0.25	0	-0.25	-0.25
Mctp1	0	0	0	0	0	0	0	0	0	0	0	0	0	0	0	0	0	0	0	0	0	0	0	0	0	0	0	0	0	0	0	0	0	0	0	0	0	0	0	0	0	0	0	0	0	0	0	0	0	0	0	0	0.25	0	0	0	0
Mical3	0	0	0.25	0	0	0	0	0	0	0	0	0	0	0	0	0	0	0	0	0	0	0	0	0	0	0	0	0	0	0	0	0	0	0	0	0	0	0	0	0	0	0	0	0	0	0	0	0	0	0	0	0	0.25	0	0	0	0
Micall1	0	0	0	0	0	0	0	0	0	0	0	0	0	0	0	0	0	0	0	0	0	0	0	0	0	0	0	0	0	0	0	0	0	0	0	0	0	0	0	0	0	0	0	0	0	0	0	0	0	0	0	0	0.25	0	0	0	0
Mllt4	0	0.25	0.25	0	0	0	0	0	0	0	0	0	0	0	0	0	0	0	0	0	0	0	0	0	0	0	0	0	0	0	0	0	0	0	0	0	0	0	0	0	0	0	0	0	0	0	0	0	0	0	0	0	0	0	0	0	0
Mon1b	-0.25	0	0	0	-0.25	-0.25	0	-0.25	-0.25	-0.25	-0.25	-0.25	-0.25	-0.25	-0.25	-0.25	-0.25	-0.25	-0.25	0	0	-0.25	-0.25	0	-0.25	0	-0.25	0	-0.25	-0.25	-0.25	0	-0.25	-0.25	0	0	-0.25	0	0	0	-0.25	-0.25	-0.25	-0.25	-0.25	-0.25	-0.25	-0.25	0	-0.25	-0.25	-0.25	-0.25	-0.25	0	0	-0.25
Mpi	-0.25	0	0	0	-0.25	-0.25	0	-0.25	-0.25	0	0	-0.25	0	0	0	0	0	-0.25	0	-0.25	0	-0.25	0	0	-0.25	-0.25	-0.25	0	0	0	-0.25	-0.25	0	-0.25	0	0	-0.25	0	-0.25	0	-0.25	0	-0.25	0	-0.25	-0.25	-0.25	-0.25	0	0	0	0	0	-0.25	0	0	-0.25
Mrps31	0	0	0	0	0	0	0	-0.25	0	-0.25	0	0	0	-0.25	0	0	0	0	0	0	0	-0.25	0	0	0	0	0	0	0	0	0	0	0	0	0	0	0	0	0	0	0	0	-0.25	-0.25	0	0	0	0	0	0	0	0	0	0	0	0	0
Msl2	0	0	0	0	0	0	0	0	0	0	0	0	0	0	0	0	0	0	0	0	0	0	0	0	0	0	0	0	0	0	0	0	0	0	0	0	0	0	0	0	0	0	0	0	0	0	0	0	0	0	0	0	0.25	0	0	0	0
Mx1	0	0	0	0	-0.25	-0.25	0	0	0	0	0	0	0	0	0	0	0	0	0	-0.25	0	0	0	0	-0.25	-0.25	0	0	-0.25	-0.25	-0.25	0	-0.25	0	0	0	0	0	0	0	0	0	0	0	-0.25	0	-0.25	0	0	0	-0.25	-0.25	-0.25	0	0	0	0
Mxi1	0	0.25	0	0	0	0	0	0	0	0	0	0	0	0	0	0	0	0	0	0	0.25	0	0	0	0	0	0	0	0	0	0	0	0	0	0	0	0	0	0	0	0	0	0	0	0	0	0	0	0	0	0	0	0.25	0	0	0	0
Myo1e	0	0	0.25	0	0	0	0	0	0	0	0	0	0	0	0	0	0	0	0	0	0	0	0	0	0	0	0	0	0	0	0	0	0	0	0	0	0	0	0	0	0	0	0	0	0	0	0	0	0	0	0	0	0.25	0	0	0	0
Myo7a	0	0	0	0	0	0	0	-0.25	0	0	-0.25	0	0	-0.25	0	0	0	-0.25	0	0	0	0	0	0	0	0	0	0	-0.25	0	0	0	0	0	0	0	0	0	0	0	0	0	0	0	0	0	0	0	0	0	0	0	0	0	0	0	0
Narfl	-0.25	0	0	-0.25	0	-0.58	0	-0.25	0	-0.25	-0.25	-0.25	-0.25	0	-0.25	-0.25	-0.25	-0.25	-0.25	0	0	-0.25	0	0	-0.25	0	0	0	0	0	0	0	0	0	0	0	-0.25	0	0	0	0	0	-0.25	0	-0.25	-0.25	0	0	0	0	0	0	0	0	0	-0.25	0
Ncald	0	0.25	0.25	0	0	0	0	0	0	0	0	0	0	0	0	0	0	0	0	0	0	0	0	0	0	0	0	0	0	0	0	0	0	0	0	0	0	0	0	0	0	0	0	0	0	0	0	0	0	0	0	0	0.25	0	0	0	0
Ncapd2	0	0	0	-0.25	-0.25	-0.25	0	-0.25	-0.25	-0.25	-0.25	-0.25	-0.25	-0.25	-0.25	-0.25	-0.25	-0.25	-0.25	-0.25	0	-0.25	-0.25	0	-0.25	-0.25	-0.25	0	0	-0.25	-0.25	-0.25	-0.25	-0.25	-0.25	-0.25	-0.25	0	-0.25	0	-0.25	0	0	0	-0.25	-0.25	-0.25	-0.25	-0.25	-0.25	0	-0.25	-0.25	-0.25	-0.25	-0.25	-0.25
Nckipsd	-0.25	0	0	-0.25	-0.25	-0.25	0	-0.25	-0.25	0	0	0	0	-0.25	0	0	0	0	-0.25	-0.25	0	-0.25	0	0	-0.25	0	-0.25	0	-0.25	0	0	-0.25	0	0	0	0	-0.25	0	0	0	-0.25	0	-0.25	0	-0.25	-0.25	-0.25	-0.25	0	-0.25	0	-0.25	-0.25	-0.25	-0.25	0	-0.25
Nde1	-0.25	0	0	-0.25	-0.25	-0.25	0	-0.25	-0.25	0	0	-0.25	0	-0.25	0	-0.25	0	-0.25	0	-0.25	0	-0.25	0	0	-0.25	-0.25	0	0	0	0	-0.25	-0.25	0	-0.25	-0.25	0	-0.25	0	-0.25	0	0	-0.25	-0.25	0	-0.25	-0.25	-0.25	-0.25	0	-0.25	0	0	-0.25	-0.25	0	-0.25	-0.25
Neb	0	0	0	0	0	0	0	-0.25	-0.25	0	0	0	0	-0.25	0	0	-0.25	0	0	-0.25	0	0	0	0	-0.25	0	-0.25	0	-0.25	0	0	0	-0.25	0	0	0	0	0	0	0	0	0	0	0	0	0	0	0	0	0	-0.25	-0.25	0	0	0	0	0
Nfkbid	-0.25	0	0	-0.25	0	-0.25	0	-0.25	-0.25	0	0	0	0	-0.25	0	0	0	0	-0.25	0	0	-0.25	0	0	-0.25	0	-0.25	0	0	0	-0.25	-0.25	-0.25	0	0	0	-0.25	0	0	0	-0.25	0	-0.25	0	-0.25	-0.25	-0.25	-0.25	0	-0.25	-0.25	0	-0.25	-0.25	0	0	0
Nrg4	0	0	0	0	0	0	0	0	0	0	0	0	0	0	0	0	0	0	0	0	0	0	0	0	0	0	0	0	0	0	0	0	0	0	0	0	0	0.25	0	0	0	0	0	0	0	0	0	0	0	0	0	0	0	0	0	0	0
Ntng2	0	0	0	0	0	0	0	0	0	0	0	0	0	0	0	0	0	0	0	0	0	0	0	0	0	0	0	0	0	0	0	0	0	0	0	0	0	0	0	0	0	0	0	0	0	0	0	0	0	0	0	0	0.25	0	0	0	0
Nup43	-0.25	0	0	-0.25	0	-0.25	0	-0.25	0	0	-0.25	0	0	-0.25	0	0	0	0	0	-0.25	0	-0.25	-0.25	-0.25	-0.25	0	0	0	0	0	-0.25	0	0	-0.25	0	0	-0.25	0	-0.25	0	-0.25	-0.25	0	0	-0.25	-0.25	-0.25	-0.25	-0.25	0	0	0	-0.25	-0.25	0	0	-0.25
Oasl2	0	0	0	0	0	-0.25	0	-0.25	-0.25	0	0	0	0	-0.25	0	0	0	0	-0.25	-0.25	0	0	-0.25	-0.25	-0.25	-0.25	-0.25	-0.25	-0.25	-0.25	0	0	0	0	0	0	0	0	0	0	0	0	0	0	-0.25	0	-0.25	0	0	0	-0.25	-0.25	-0.25	0	0	0	0
Olr1	0	0	0.25	0	0	0	0	0	0	0	0	0	0	0	0	0	0	0	0	0	0	0	0	0	0	0	0	0	0	0	0	0	0	0	0	0	0	0	0	0	0	0	0	0	0	0	0	0	0	0	0	0	0.25	0	0	0	0
Oma1	-0.25	0	0	0	-0.25	-0.25	0	-0.25	-0.25	0	0	0	0	-0.25	0	0	0	0	-0.25	0	0	-0.25	-0.25	0	-0.25	-0.25	-0.25	0	0	0	-0.25	-0.25	0	0	0	0	-0.25	0	0	0	-0.25	0	-0.25	0	-0.25	-0.25	-0.25	-0.25	-0.25	-0.25	0	-0.25	0	-0.25	0	0	0
P2ry10	0	0	0	0	0	0	0	0	0	0	0	0	0	0	0	0	0	0	0	0	0	0	0	0	0	0	0	0	0	0	0	0	0	0	0	0	0	0	0	0	0	0	0	0	0	0	0	0	0	0	0	0	0.25	0	0	0	0
Pask	0	0	0	-0.25	-0.25	-0.25	0	0	0	0	0	0	0	-0.25	0	0	0	0	0	-0.25	0	0	0	0	0	-0.25	0	-0.25	0	0	0	0	-0.25	-0.25	-0.25	0	-0.25	0	-0.25	0	-0.25	-0.25	-0.25	-0.25	0	-0.25	-0.25	0	0	0	-0.25	-0.25	0	0	-0.25	0	-0.25
Pde4d	0	0.25	0.25	0	0	0	0	0	0	0	0	0	0	0	0	0	0	0	0	0	0.25	0	0	0	0	0	0	0	0	0	0	0	0	0	0	0	0	0	0	0	0	0	0	0	0	0	0	0	0	0	0	0	0.25	0	0	0	0
Pde6d	0	0	0	-0.25	0	-0.25	0	0	0	0	0	0	0	-0.25	0	0	0	0	0	0	0	0	0	0	0	0	0	0	0	0	0	0	0	0	0	0	0	0	-0.25	0	0	-0.25	-0.25	-0.25	0	-0.25	-0.25	-0.25	0	0	0	0	-0.25	0	0	0	0
Pex6	-0.25	0	0	-0.25	-0.25	-0.25	0	-0.25	-0.25	-0.25	-0.25	-0.25	-0.25	-0.25	-0.25	-0.25	-0.25	-0.25	-0.25	0	0	-0.25	0	0	-0.25	0	0	0	0	0	0	-0.25	-0.25	0	0	0	-0.25	0	0	0	-0.25	0	0	0	-0.25	-0.25	-0.25	-0.25	0	0	-0.25	0	-0.25	-0.25	0	0	-0.25
Phgdh	0	0.25	0.25	0	0	0	0	0	0	0	0	0	0	0	0	0	0	0	0	0	0	0	0	0	0	0	0	0	0	0	0	0	0	0	0	0	0	0	0	0	0	0	0	0	0	0	0	0	0	0	0	0	0	0	0	0	0
Phlpp1	0	0.25	0.25	0	0	0	0	0	0	0	0	0	0	0	0	0	0	0	0	0	0.25	0	0	0	0	0	0	0	0	0	0	0	0	0	0	0	0	0.25	0	0	0	0	0	0	0	0	0	0	0	0	0	0	0.25	0	0	0	0
Pkib	0	0	0.25	0	0	0	0	0	0	0	0	0	0	0	0	0	0	0	0	0	0.25	0	0	0	0	0	0	0	0	0	0	0	0	0	0	0	0	0	0	0	0	0	0	0	0	0	0	0	0	0	0	0	0.25	0	0	0	0
Plagl1	0	0.25	0.25	0	0	0	0	0	0	0	0	0	0	0	0	0	0	0	0	0	0	0	0	0	0	0	0	0	0	0	0	0	0	0	0	0	0	0	0	0	0	0	0	0	0	0	0	0	0	0	0	0	0	0	0	0	0
Plat	0	0	0	0	0	0	0	0	0	0	0	0	0	0	0	0	0	0	0	0	0	0	0	0	0	0	0	0	0	0	0	0	0	0	0	0	0	0	0	0	0	0	0	0	0	0	0	0	0	0	0	0	0.25	0	0	0	0
Plau	0	0	0	-0.25	0	-0.25	0	-0.25	0	-0.25	0	0	0	-0.25	0	0	-0.25	0	-0.25	-0.25	0	0	0	0	-0.25	0	-0.25	-0.25	-0.25	-0.25	0	-0.25	-0.25	0	-0.25	0	0	0	-0.25	0	0	-0.25	-0.25	0	-0.25	0	0	0	0	-0.25	-0.25	-0.25	-0.25	-0.25	0	0	0
Plcb3	-0.25	0	0	-0.25	-0.25	-0.58	-0.33	-0.25	0	-0.25	-0.25	-0.25	0	-0.25	0	0	0	0	-0.25	-0.25	0	-0.25	0	0	-0.25	-0.25	0	-0.25	0	-0.25	-0.25	-0.25	-0.25	0	0	0	-0.25	0	-0.25	0	0	0	-0.25	-0.25	-0.25	-0.25	-0.25	-0.25	0	-0.25	-0.25	0	0	-0.25	-0.25	0	-0.25
Plekha8	0	0	0	-0.25	-0.25	-0.25	0	0	0	0	0	0	0	-0.25	0	0	0	0	0	0	0	0	0	0	-0.25	-0.25	0	0	0	0	-0.25	-0.25	0	0	0	0	-0.25	0	-0.25	0	-0.25	0	-0.25	0	-0.25	-0.25	-0.25	-0.25	0	-0.25	0	0	-0.25	-0.25	0	0	-0.25
Plp2	0	0	0	0	0	0	0	0	0	0	0	0	0	0	0	0	0	0	0	0	0	0	0	0	0	0	0	0	0	0	0	0	0	0	0	0	0	0	0	0	0	0	0	0	0	0	0	0	0	0	0	0	0.25	0	0	0	0
Plxnc1	0	0	0.25	0	0	0	0	0	0	0	0	0	0	0	0	0	0	0	0	0	0	0	0	0	0	0	0	0	0	0	0	0	0	0	0	0	0	0	0	0	0	0	0	0	0	0	0	0	0	0	0	0	0.25	0	0	0	0
Pold1	-0.25	0	0	-0.25	0	-0.25	0	-0.25	-0.25	-0.25	-0.25	-0.25	-0.25	-0.25	-0.25	-0.25	-0.25	-0.25	-0.25	0	0	-0.25	0	0	-0.25	-0.25	-0.25	0	0	0	-0.25	-0.25	-0.25	0	0	0	-0.25	0	-0.25	-1.0	-0.25	0	0	0	-0.25	-0.25	-0.25	-0.25	0	-0.25	0	0	-0.25	-0.25	0	0	-0.25
Polh	0	0	0	-0.25	0	-0.25	0	-0.25	0	0	0	0	0	0	0	0	0	-0.25	0	-0.25	0	-0.25	0	0	-0.25	-0.25	-0.25	0	-0.25	-0.25	0	-0.25	0	0	0	0	-0.25	0	0	0	-0.25	0	-0.25	0	-0.25	-0.25	-0.25	0	0	0	-0.25	-0.25	-0.25	-0.25	0	0	-0.25
Ppil1	-0.25	0	0	-0.25	-0.25	-0.25	0	-0.25	-0.25	-0.25	-0.25	-0.25	-0.25	-0.25	-0.25	-0.25	-0.25	-0.25	-0.25	0	0	-0.25	-0.25	0	-0.25	0	0	0	0	0	0	0	-0.25	-0.25	-0.25	0	-0.25	0	-0.25	0	-0.25	0	0	0	-0.25	0	-0.25	-0.25	-0.25	-0.25	0	0	0	-0.25	0	0	-0.25
Prnp	0	0	0	0	0	0	0	0	0	0	0	0	0	0	0	0	0	0	0	0	0	0	0	0	0	0	0	0	0	0	0	0	0	0	0	0	0	0	0	0	0	0	0	0	0	0	0	0	0	0	0	0	0.25	0	0	0	0
Procr	0	0	0	0	0	0	0	0	0	0	0	0	0	0	0	0	0	0	0	0	0.25	0	0	0	0	0	0	0	0	0	0	0	0	0	0	0	0	0	0	0	0	0	0	0	0	0	0	0	0	0	0	0	0	0	0	0	0
Prom1	0	0	0	0	0	0	0	0	0	0	0	0	0	0	0	0	0	0	0	0	0	0	0	0	0	0	0	0	0	0	0	0	0	0	0	0	0	0	0	0	0	0	0	0	0	0	0	0	0	0	0	0	0.25	0	0	0	0
Prr5l	0	0.25	0	0	0	0	0	0	0	0	0	0	0	0	0	0	0	0	0	0	0.25	0	0	0	0	0	0	0	0	0	0	0	0	0	0	0	0	0	0	0	0	0	0	0	0	0	0	0	0	0	0	0	0.25	0	0	0	0
Ptpn6	-0.25	0	0	-0.25	-0.25	-0.58	0	-0.25	-0.25	-0.25	-0.25	-0.25	-0.25	-0.25	-0.25	-0.25	-0.25	-0.25	-0.25	-0.25	0	-0.25	0	0	-0.25	-0.25	-0.25	-0.25	-0.25	0	-0.25	-0.25	-0.25	-0.25	-0.25	-0.25	0	0	-0.25	0	-0.25	-0.25	-0.25	0	-0.25	-0.25	-0.25	-0.25	-0.25	-0.25	-0.25	-0.25	-0.25	-0.25	-0.25	-0.25	-0.25
Rab11fip1	0	0.25	0.25	0	0	0	0	0	0	0	0	0	0	0	0	0	0	0	0	0	0.25	0	0	0	0	0	0	0	0	0	0	0	0	0	0	0	0	0	0	0	0	0	0	0	0	0	0	0	0	0	0	0	0.25	0	0	0	0
Rab30	0	0.25	0.25	0	0	0	0	0	0	0	0	0	0	0	0	0	0	0	0	0	0	0	0	0	0	0	0	0	0	0	0	0	0	0	0	0	0	0	0	0	0	0	0	0	0	0	0	0	0	0	0	0	0.25	0	0	0	0
Rab37	0	0	0	0	0	0	0	0	0	0	0	0	0	0	0	0	0	0	0	0	0	0	0	0	0	0	0	0	0	0	0	0	0	0	0	0	0	0	0	0	0	0	0	0	0	0	0	0	0	0	0	0	0.25	0	0	0	0
Rasa2	0	0.25	0.25	0	0	0	0	0	0	0	0	0	0	0	0	0	0	0	0	0	0.25	0	0	0	0	0	0	0	0	0	0	0	0	0	0	0	0	0	0	0	0	0	0	0	0	0	0	0	0	0	0	0	0.25	0	0	0	0
Rasgrp3	0	0	0	0	0	0	0	0	0	0	0	0	0	0	0	0	0	0	0	0	0	0	0	0	0	0	0	0	0	0	0	0	0	0	0	0	0	0	0	0	0	0	0	0	0	0	0	0	0	0	0	0	0.25	0	0	0	0
Rbbp5	0	0	0	-0.25	-0.25	-0.25	0	-0.25	0	0	0	0	0	0	0	0	0	0	0	0	0	0	0	0	0	0	0	0	0	0	0	0	0	0	0	0	0	0	0	0	-0.25	0	0	0	0	0	0	-0.25	0	0	0	0	0	0	0	0	0
Rbm43	0	0	0	-0.25	-0.25	-0.25	0	-0.25	0	0	0	-0.25	0	-0.25	0	0	-0.25	-0.25	-0.25	0	0	-0.25	0	0	-0.25	-0.25	0	-0.25	-0.25	-0.25	0	0	0	0	0	0	0	0	0	0	0	0	0	0	0	0	0	0	-0.25	0	-0.25	-0.25	0	0	0	0	0
Rcc1	-0.25	0	0	0	-0.25	-0.25	0	-0.25	-0.25	0	0	-0.25	0	-0.25	0	0	0	0	-0.25	-0.25	0	-0.25	0	0	-0.25	0	-0.25	0	0	0	-0.25	-0.25	0	0	0	0	-0.25	0	0	0	0	0	-0.25	0	-0.25	-0.25	-0.25	-0.25	-0.25	0	0	0	0	-0.25	0	0	-0.25
Rcsd1	-0.25	0	0	-0.25	-0.25	-0.25	0	-0.25	-0.25	-0.25	-0.25	0	0	-0.25	0	0	0	-0.25	-0.25	-0.25	0	-0.25	-0.25	0	-0.25	-0.25	-0.25	0	-0.25	-0.25	0	0	-0.25	-0.25	-0.25	0	-0.25	0	-0.25	0	-0.25	-0.25	-0.25	0	-0.25	-0.25	-0.25	-0.25	-0.25	0	-0.25	-0.25	-0.25	0	-0.25	0	0
Relt	0	0	0	-0.25	-0.25	-0.25	0	-0.25	-0.25	0	-0.25	0	0	-0.25	0	0	0	0	-0.25	-0.25	0	-0.25	-0.25	-0.25	-0.25	0	-0.25	0	0	0	-0.25	-0.25	0	0	0	0	-0.25	0	0	0	-0.25	0	0	0	-0.25	-0.25	-0.25	-0.25	0	0	-0.25	0	-0.25	-0.25	0	0	-0.25
Rgl2	-0.25	0	0	-0.58	-0.25	-0.58	-0.33	-0.25	-0.25	-0.25	-0.25	-0.25	-0.25	-0.25	-0.25	-0.25	-0.25	-0.25	-0.25	-0.25	0	-0.25	-0.25	0	0	0	-0.25	0	0	0	0	0	-0.25	-0.25	0	0	-0.25	0	-0.25	0	-0.25	-0.25	-0.25	-0.25	-0.25	-0.25	-0.25	-0.25	-0.25	-0.25	0	0	0	0	-0.25	-0.25	-0.25
Rgs9	0	0.25	0.25	0	0	0	0	0	0	0	0	0	0	0	0	0	0	0	0	0	0.25	0	0	0	0	0	0	0	0	0	0	0	0	0	0	0	0	0	0	0	0	0	0	0	0	0	0	0	0	0	0	0	0	0	0	0	0
Rnf135	-0.25	0	0	-0.25	0	-0.25	0	-0.25	-0.25	0	0	0	0	-0.25	0	0	0	0	-0.25	0	0	-0.25	0	0	-0.25	0	-0.25	0	0	0	-0.25	-0.25	-0.25	0	0	0	-0.25	0	-0.25	0	0	-0.25	0	0	-0.25	-0.25	-0.25	-0.25	0	-0.25	0	0	-0.25	-0.25	0	0	-0.25
Rnf157	0	0	0	0	0	0	0	0	0	0	0	0	0	0	0	0	0	0	0	0	0.25	0	0	0	0	0	0	0	0	0	0	0	0	0	0	0	0	0.25	0	0	0	0	0	0	0	0	0	0	0	0	0	0	0.25	0	0	0	0
Rnf166	-0.25	0	0	-0.58	-0.25	-0.25	0	-0.25	0	0	0	0	0	-0.25	0	0	0	-0.25	-0.25	-0.25	0	-0.25	0	0	-0.25	0	0	0	0	0	0	-0.25	0	0	0	0	0	0	0	0	0	0	0	0	-0.25	-0.25	-0.25	-0.25	0	-0.25	0	0	-0.25	-0.25	0	0	-0.25
Rnf169	-0.25	0	0	-0.25	-0.25	-0.25	0	-0.25	0	-0.25	0	0	0	-0.25	0	0	0	0	0	-0.25	0	0	0	0	-0.25	0	-0.25	0	0	0	0	-0.25	-0.25	0	0	0	-0.25	0	-0.25	0	-0.25	0	0	0	-0.25	-0.25	-0.25	-0.25	0	-0.25	0	0	-0.25	-0.25	0	0	-0.25
Rnf217	0	0	0	0	0	0	0	0	0	0	0	0	0	0	0	0	0	0	0	0	0	0	0	0	0	0	0	0	0	0	0	0	0	0	0	0	0	0	0	0	0	0	0	0	0	0	0	0	0	0	0	0	0.25	0	0	0	0
Rpp38	0	0	0	0	0	0	0	0	0	0	0	0	0	-0.25	0	0	0	0	0	-0.25	0	0	0	0	0	0	0	0	0	0	0	0	0	-0.25	0	0	-0.25	0	0	0	-0.25	-0.25	0	0	0	-0.25	0	0	0	0	0	0	0	0	0	0	0
Rpusd2	0	0	0.25	0	0	0	0	0	0	0	0	0	0	0	0	0	0	0	0	0	0	0	0	0	0	0	0	0	0	0	0	0	0	0	0	0	0	0	0	0	0	0	0	0	0	0	0	0	0	0	0	0	0.25	0	0	0	0
Rsad2	0	0	0	0	0	0	0	0	0	0	0	0	0	0	0	0	0	0	0	0	0	0	0	0	-0.25	-0.25	-0.25	-0.25	-0.25	-0.25	-0.25	-0.25	0	0	0	0	0	0	0	0	0	0	0	0	-0.25	0	-0.25	-0.25	0	0	-0.25	-0.25	0	-0.25	0	0	0
Rundc1	-0.25	0	0	-0.58	0	-0.25	0	-0.25	-0.25	0	0	0	0	-0.25	0	0	0	-0.25	-0.25	0	0	-0.25	0	0	-0.25	0	-0.25	0	-0.25	0	-0.25	0	0	0	0	0	-0.25	0	0	0	-0.25	-0.25	0	0	-0.25	-0.25	-0.25	-0.25	0	-0.25	-0.25	-0.25	-0.25	0	0	0	-0.25
Rundc3b	0	0	0.25	0	0	0	0	0	0	0	0	0	0	0	0	0	0	0	0	0	0	0	0	0	0	0	0	0	0	0	0	0	0	0	0	0	0	0	0	0	0	0	0	0	0	0	0	0	0	0	0	0	0	0	0	0	0
Ryr1	0	0.25	0.25	0	0	0	0	0	0	0	0	0	0	0	0	0	0	0	0	0	0	0	0	0	0	0	0	0	0	0	0	0	0	0	0	0	0	0	0	0	0	0	0	0	0	0	0	0	0	0	0	0	0.25	0	0	0	0
Satb1	0	0	0	0	0	0	0	0	0	0	0	0	0	0	0	0	0	0	0	0	0	0	0	0	0	0	0	0	0	0	0	0	0	0	0	0	0	0	0	0	0	0	0	0	0	0	0	0	0	0	0	0	0.25	0	0	0	0
Scin	0	0	0	0	0	0	0	0	0	0	0	0	0	0	0	0	0	0	0	0	0	0	0	0	0	0	0	0	0	0	0	0	0	0	0	0	0	0	0	0	0	0	0	0	0	0	0	0	0	0	0	0	0.25	0	0	0	0
Sdr42e1	0	0	0	-0.25	0	-0.25	0	-0.25	0	0	0	-0.25	0	0	0	0	0	0	0	0	0	-0.25	0	0	0	0	0	0	0	0	0	0	0	0	0	0	0	0	0	0	0	0	0	0	0	-0.25	0	0	-0.25	0	0	0	0	0	0	0	0
Sema7a	0	0	0	0	0	0	0	0	0	0	0	0	0	0	0	0	0	0	0	0	0	0	0	0	0	0	0	0	0	0	0	0	0	0	0	0	0	0	0	0	0	0	0	0	0	0	0	0	0	0	0	0	0.25	0	0	0	0
Serpinb2	0	0.25	0.25	0	0	0	0	0	0	0	0	0	0	0	0	0	0	0	0	0	0	0	0	0	0	0	0	0	0	0	0	0	0	0	0	0	0	0.25	0	0	0	0	0	0	0	0	0	0	0	0	0	0	0.25	0	0	0	0
Serpinb6b	0	0	0	0	0	0	0	0	0	0	0	0	0	0	0	0	0	0	0	0	0	0	0	0	0	0	0	0	0	0	0	0	0	0	0	0	0	0	0	0	0	0	0	0	0	0	0	0	0	0	0	0	0.25	0	0	0	0
Serpinb9	0	0	0	0	0	0	0	0	0	0	0	0	0	0	0	0	0	0	0	0	0.25	0	0	0	0	0	0	0	0	0	0	0	0	0	0	0	0	0	0	0	0	0	0	0	0	0	0	0	0	0	0	0	0.25	0	0	0	0
Sestd1	0	0.25	0.25	0	0	0	0	0	0	0	0	0	0	0	0	0	0	0	0	0	0.25	0	0	0	0	0	0	0	0	0	0	0	0	0	0	0	0	0.25	0	0	0	0	0	0	0	0	0	0	0	0	0	0	0.25	0	0	0	0
Setbp1	0	0.25	0.25	0	0	0	0	0	0	0	0	0	0	0	0	0	0	0	0	0	0	0	0	0	0	0	0	0	0	0	0	0	0	0	0	0	0	0	0	0	0	0	0	0	0	0	0	0	0	0	0	0	0	0	0	0	0
Sfmbt1	0	0	0	0	0	0	0	0	0	0	0	0	0	0	0	0	0	0	0	0	0	0	0	0	0	0	0	0	0	0	0	0	0	0	0	0	0	0.25	0	0	0	0	0	0	0	0	0	0	0	0	0	0	0.25	0	0	0	0
Sgsm3	0	0	0	0	0	0	0	0	0	0	0	0	0	0	0	0	0	0	0	0	0	0	0	0	0	0	0	0	0	0	0	0	0	0	0	0	0	0	0	0	0	0	0	0	0	0	0	0	0	0	0	0	0.25	0	0	0	0
Sh2d4b	0	0	0	0	0	0	0	0	0	0	0	0	0	0	0	0	0	0	0	0	0	0	0	0	0	0	0	0	0	0	0	0	0	0	0	0	0	0	0	0	0	0	0	0	0	0	0	0	0	0	0	0	0.25	0	0	0	0
Sh3gl1	-0.25	0	0	-0.25	-0.25	-0.25	0	-0.25	-0.25	-0.25	-0.25	-0.25	-0.25	-0.25	-0.25	-0.25	-0.25	-0.25	-0.25	-0.25	0	-0.25	0	0	-0.25	-0.25	-0.25	0	-0.25	0	-0.25	-0.25	-0.25	-0.25	-0.25	-0.25	-0.25	0	-0.25	0	-0.25	-0.25	-0.25	0	-0.25	-0.25	-0.25	-0.25	0	0	0	-0.25	-0.25	-0.25	0	-0.25	-0.25
Shank1	0	0	0	0	0	0	0	0	0	0	0	0	0	0	0	0	0	0	0	0	0	0	0	0	0	0	0	0	0	0	0	0	0	0	0	0	0	0	0	0	0	0	0	0	0	0	0	0	0	0	0	0	0.25	0	0	0	0
Siglecg	0	0	0	0	0	0	0	0	0	0	0	0	0	0	0	0	0	0	0	0	0	0	0	0	0	0	0	0	0	0	0	0	0	0	0	0	0	0	0	0	0	0	0	0	0	0	0	0	0	0	0	0	0.25	0	0	0	0
Sipa1l2	0	0.25	0.25	0	0	0	0	0	0	0	0	0	0	0	0	0	0	0	0	0	0	0	0	0	0	0	0	0	0	0	0	0	0	0	0	0	0	0	0	0	0	0	0	0	0	0	0	0	0	0	0	0	0	0	0	0	0
Slc16a3	0	0.25	0.25	0	0	0	0	0	0	0	0	0	0	0	0	0	0	0	0	0	0	0	0	0	0	0	0	0	0	0	0	0	0	0	0	0	0	0	0	0	0	0	0	0	0	0	0	0	0	0	0	0	0.25	0	0	0	0
Slc22a4	0	0	0	0	0	0	0	0	0	0	0	0	0	0	0	0	0	0	0	0	0.25	0	0	0	0	0	0	0	0	0	0	0	0	0	0	0	0	0	0	0	0	0	0	0	0	0	0	0	0	0	0	0	0.25	0	0	0	0
Slc24a1	0	0	0	0	0	0	0	0	0	0	0	0	0	0	0	0	0	0	0	0	0	0	0	0	0	0	0	0	0	0	0	0	0	0	0	0	0	0	0	0	0	0	0	0	0	0	0	0	0	0	0	0	0.25	0	0	0	0
Slc25a45	0	0	0	0	0	-0.25	0	-0.25	0	0	0	0	0	-0.25	0	0	0	0	-0.25	-0.25	0	0	0	0	-0.25	0	-0.25	0	0	0	0	-0.25	0	-0.25	-0.25	-0.25	-0.25	0	-0.25	0	0	-0.25	0	0	-0.25	-0.25	-0.25	-0.25	0	0	0	0	0	-0.25	0	0	-0.25
Slc29a1	0	0	0	-0.25	-0.25	-0.25	0	-0.25	0	0	0	0	0	-0.25	0	0	0	0	0	-0.25	0	-0.25	0	0	-0.25	0	0	0	0	0	-0.25	-0.25	0	0	0	0	-0.25	0	0	0	-0.25	0	0	0	-0.25	-0.25	-0.25	-0.25	-0.25	-0.25	0	0	0	-0.25	0	0	-0.25
Slc39a14	0	0	0	0	0	0	0	0	0	0	0	0	0	0	0	0	0	0	0	0	0	0	0	0	0	0	0	0	0	0	0	0	0	0	0	0	0	0	0	0	0	0	0	0	0	0	0	0	0	0	0	0	0.25	0	0	0	0
Slc41a2	0	0	0	0	0	0	0	0	0	0	0	0	0	0	0	0	0	0	0	0	0	0	0	0	0	0	0	0	0	0	0	0	0	0	0	0	0	0	0	0	0	0	0	0	0	0	0	0	0	0	0	0	0.25	0	0	0	0
Slc5a6	-0.25	0	0	0	-0.25	-0.25	0	0	0	0	0	0	0	0	0	0	0	0	0	-0.25	0	-0.25	0	0	-0.25	0	0	0	0	0	-0.25	-0.25	0	0	0	0	-0.25	0	-0.25	0	-0.25	0	0	0	-0.25	-0.25	-0.25	-0.25	0	0	0	0	-0.25	-0.25	-0.25	0	-0.25
Slc7a1	0	0	0.25	0	0	0	0	0	0	0	0	0	0	0	0	0	0	0	0	0	0	0	0	0	0	0	0	0	0	0	0	0	0	0	0	0	0	0	0	0	0	0	0	0	0	0	0	0	0	0	0	0	0	0	0	0	0
Slc7a11	0	0	0.25	0	0	0	0	0	0	0	0	0	0	0	0	0	0	0	0	0	0	0	0	0	0	0	0	0	0	0	0	0	0	0	0	0	0	0	0	0	0	0	0	0	0	0	0	0	0	0	0	0	0.25	0	0	0	0
Smyd5	-0.25	0	0	0	-0.25	-0.25	0	-0.25	0	0	0	-0.25	0	-0.25	0	0	0	-0.25	0	-0.25	0	-0.25	-0.25	0	-0.25	-0.25	-0.25	0	0	0	-0.25	-0.25	0	-0.25	-0.25	-0.25	-0.25	0	-0.25	0	-0.25	-0.25	0	0	-0.25	-0.25	-0.25	-0.25	0	-0.25	0	-0.25	-0.25	-0.25	0	-0.25	-0.25
Sorbs1	0	0.25	0.25	0	0	0	0	0	0	0	0	0	0	0	0	0	0	0	0	0	0	0	0	0	0	0	0	0	0	0	0	0	0	0	0	0	0	0	0	0	0	0	0	0	0	0	0	0	0	0	0	0	0	0	0	0	0
Spag7	-0.25	0	0	-0.58	-0.25	-0.25	0	-0.25	-0.25	-0.25	-0.25	-0.25	-0.25	-0.25	-0.25	-0.25	-0.25	-0.25	-0.25	-0.25	0	-0.25	0	0	-0.25	-0.25	0	-0.25	0	0	-0.25	-0.25	-0.25	-0.25	0	-0.25	-0.25	0	-0.25	0	-0.25	0	-0.25	0	-0.25	-0.25	-0.25	-0.25	0	0	0	0	-0.25	-0.25	-0.25	0	-0.25
Spag9	0	0	0	0	0	0	0	0	0	0	0	0	0	0	0	0	0	0	0	0	0.25	0	0	0	0	0	0	0	0	0	0	0	0	0	0	0	0	0	0	0	0	0	0	0	0	0	0	0	0	0	0	0	0.25	0	0	0	0
Spata13	0	0	0.25	0	0	0	0	0	0	0	0	0	0	0	0	0	0	0	0	0	0	0	0	0	0	0	0	0	0	0	0	0	0	0	0	0	0	0	0	0	0	0	0	0	0	0	0	0	0	0	0	0	0.25	0	0	0	0
Spry2	0	0	0.25	0	0	0	0	0	0	0	0	0	0	0	0	0	0	0	0	0	0.25	0	0	0	0	0	0	0	0	0	0	0	0	0	0	0	0	0	0	0	0	0	0	0	0	0	0	0	0	0	0	0	0	0	0	0	0
Srek1ip1	0	0	0	0	0	0	0	0	0	0	0	0	0	0	0	0	0	0	0	0	0	0	-0.25	0	0	0	0	0	0	0	0	0	0	0	0	0	0	0	0	0	0	0	0	0	-0.25	0	-0.25	-0.25	0	0	0	0	-0.25	0	-0.25	0	-0.25
Srgn	0	0.25	0.25	0	0	0	0	0	0	0	0	0	0	0	0	0	0	0	0	0	0	0	0	0	0	0	0	0	0	0	0	0	0	0	0	0	0	0.25	0	0	0	0	0	0	0	0	0	0	0	0	0	0	0.25	0	0	0	0
Sspo	0	0	0	-0.25	0	0	0	0	0	0	0	0	0	0	0	0	0	0	0	0	0	0	0	0	-0.25	0	0	0	0	0	-0.25	-0.25	0	0	0	0	0	0	0	0	0	0	0	0	-0.25	-0.25	-0.25	-0.25	0	0	0	0	0	-0.25	0	0	0
Stard8	0	0	0	0	0	-0.25	0	0	0	0	0	0	0	0	0	0	0	0	0	0	0	0	0	0	-0.25	0	-0.25	-0.25	0	0	-0.25	-0.25	0	-0.25	0	0	0	0	0	0	-0.25	0	0	0	-0.25	-0.25	-0.25	-0.25	0	-0.25	0	-0.25	0	-0.25	0	0	0
Stat4	0	0	0	0	0	0	0	0	0	0	0	0	0	0	0	0	0	0	0	0	0	0	0	0	0	0	0	0	0	0	0	0	0	0	0	0	0	0.25	0	0	0	0	0	0	0	0	0	0	0	0	0	0	0.25	0	0	0	0
Sult2b1	0	0.25	0.25	0	0	0	0	0	0	0	0	0	0	0	0	0	0	0	0	0	0	0	0	0	0	0	0	0	0	0	0	0	0	0	0	0	0	0	0	0	0	0	0	0	0	0	0	0	0	0	0	0	0	0	0	0	0
Taf6	-0.25	0	0	-0.25	-0.25	-0.25	0	-0.25	0	0	0	-0.25	0	-0.25	0	-0.25	0	-0.25	-0.25	-0.25	0	-0.25	0	0	-0.25	0	0	0	0	0	-0.25	-0.25	0	-0.25	-0.25	-0.25	-0.25	0	-0.25	0	-0.25	0	-0.25	-0.25	-0.25	-0.25	-0.25	-0.25	0	0	0	0	0	-0.25	0	-0.25	-0.25
Tbc1d10c	0	0	0	0	0	0	0	0	0	0	0	0	0	0	0	0	0	0	0	0	0	0	0	0	0	0	0	0	0	0	0	0	0	0	0	0	0	0	0	0	0	0	0	0	0	0	0	0	0	0	0	0	0.25	0	0	0	0
Tbc1d4	0	0.25	0	0	0	0	0	0	0	0	0	0	0	0	0	0	0	0	0	0	0.25	0	0	0	0	0	0	0	0	0	0	0	0	0	0	0	0	0	0	0	0	0	0	0	0	0	0	0	0	0	0	0	0.25	0	0	0	0
Tes	0	0.25	0.25	0	0	0	0	0	0	0	0	0	0	0	0	0	0	0	0	0	0	0	0	0	0	0	0	0	0	0	0	0	0	0	0	0	0	0	0	0	0	0	0	0	0	0	0	0	0	0	0	0	0.25	0	0	0	0
Tex14	0	0.25	0.25	0	0	0	0	0	0	0	0	0	0	0	0	0	0	0	0	0	0.25	0	0	0	0	0	0	0	0	0	0	0	0	0	0	0	0	0.25	0	0	0	0	0	0	0	0	0	0	0	0	0	0	0.25	0	0	0	0
Tex2	0	0	0.25	0	0	0	0	0	0	0	0	0	0	0	0	0	0	0	0	0	0	0	0	0	0	0	0	0	0	0	0	0	0	0	0	0	0	0	0	0	0	0	0	0	0	0	0	0	0	0	0	0	0.25	0	0	0	0
Thap11	-0.25	0	0	-0.25	0	-0.25	0	-0.25	-0.25	0	0	-0.25	0	-0.25	0	0	0	-0.25	0	0	0	-0.25	-0.25	0	-0.25	-0.25	0	0	0	0	0	-0.25	0	0	0	0	0	0	0	0	0	-0.25	-0.25	-0.25	-0.25	-0.25	-0.25	-0.25	0	0	-0.25	0	-0.25	0	-0.25	0	-0.25
Tifab	0	0	0	0	0	-0.25	0	0	0	0	0	0	0	-0.25	0	0	0	0	0	0	0	0	0	0	-0.25	-0.25	-0.25	-0.25	-0.25	-0.25	0	-0.25	0	0	0	0	0	0	0	0	-0.25	0	0	0	0	-0.25	-0.25	0	0	0	-0.25	-0.25	-0.25	0	0	0	0
Tigit	0	0	0	0	0	0	0	0	0	0	0	0	0	0	0	0	0	0	0	0	0	0	0	0	0	0	0	0	0	0	0	0	0	0	0	0	0	0	0	0	0	0	0	0	0	0	0	0	0	0	0	0	0.25	0	0	0	0
Tmed5	0	0	0	0	0	0	0	0	0	0	0	0	0	0	0	0	0	0	0	0	0	0	0	0	0	0	0	0	0	0	0	0	0	0	0	0	0	0	0	0	0	0	0	0	0	0	0	0	0	0	0	0	0.25	0	0	0	0
Tmem231	0	0	0	0	0	0	0	0	0	0	0	0	0	0	0	0	0	0	0	0	0	0	0	0	0	0	0	0	0	0	0	0	0	0	0	0	0	0	0	0	0	0	0	0	0	0	0	0	0	0	0	0	0.25	0	0	0	0
Tmem51	0	0	0	0	-0.25	0	0	-0.25	-0.25	-0.25	-0.25	-0.25	-0.25	-0.25	-0.25	-0.25	-0.25	-0.25	-0.25	0	0	-0.25	0	0	-0.25	0	-0.25	-0.25	-0.25	0	0	0	0	0	0	0	0	0	0	0	-0.25	0	0	0	-0.25	-0.25	-0.25	-0.25	-0.25	0	-0.25	0	-0.25	-0.25	0	0	0
Tnf	-0.25	0	0	-0.25	-0.25	-0.25	0	-0.25	-0.25	-0.25	-0.25	-0.25	-0.25	-0.25	-0.25	-0.25	-0.25	-0.25	-0.25	-0.25	0	-0.25	0	0	-0.25	-0.25	-0.25	0	0	0	0	0	-0.25	-0.25	0	0	0	0	-0.25	0	0	-0.25	0	0	-0.25	-0.25	-0.25	0	0	-0.25	0	-0.25	-0.25	0	0	0	0
Tnfaip8l2	0	0	0	-0.25	0	0	0	-0.25	-0.25	-0.25	-0.25	-0.25	0	-0.25	-0.25	-0.25	-0.25	-0.25	-0.25	0	0	-0.25	0	0	-0.25	-0.25	-0.25	-0.25	-0.25	-0.25	0	0	-0.25	0	0	0	0	0	-0.25	0	0	-0.25	0	0	-0.25	-0.25	-0.25	-0.25	-0.25	0	-0.25	-0.25	-0.25	-0.25	0	0	0
Tnip3	0	0.25	0.25	0	0	0	0	0	0	0	0	0	0	0	0	0	0	0	0	0	0.25	0	0	0	0	0	0	0	0	0	0	0	0	0	0	0	0	0	0	0	0	0	0	0	0	0	0	0	0	0	0	0	0.25	0	0	0	0
Trim14	0	0	0	-0.25	-0.25	-0.25	0	0	0	0	0	0	0	-0.25	0	0	0	0	-0.25	-0.25	0	-0.25	0	0	-0.25	-0.25	-0.25	-0.25	-0.25	-0.25	-0.25	-0.25	0	0	0	0	-0.25	0	0	0	-0.25	0	-0.25	0	-0.25	-0.25	-0.25	-0.25	0	-0.25	-0.25	-0.25	-0.25	-0.25	0	0	-0.25
Trim21	0	0	0	0	0	0	0	-0.25	0	0	0	0	0	-0.25	0	0	0	0	0	0	0	0	0	0	-0.25	-0.25	-0.25	-0.25	-0.25	-0.25	0	0	0	0	0	0	0	0	0	0	0	0	0	0	-0.25	0	-0.25	0	0	0	-0.25	-0.25	0	0	0	0	0
Trim34a	0	0	0	0	0	-0.25	0	-0.25	-0.25	0	0	0	0	0	0	0	-0.25	0	0	-0.25	0	-0.25	0	0	-0.25	-0.25	-0.25	-0.25	-0.25	-0.25	-0.25	0	0	-0.25	0	0	0	0	0	0	-0.25	-0.25	0	-0.25	-0.25	-0.25	-0.25	-0.25	0	0	-0.25	-0.25	-0.25	-0.25	0	0	0
Trim65	-0.25	0	0	-0.25	0	-0.25	0	-0.25	-0.25	0	0	0	0	-0.25	0	0	0	0	0	-0.25	0	-0.25	0	0	-0.25	0	-0.25	0	0	0	0	-0.25	0	0	0	0	-0.25	0	0	0	-0.25	0	0	0	-0.25	0	0	-0.25	0	0	0	0	0	-0.25	0	0	-0.25
Trmt12	0	0	0	-0.25	0	0	0	0	0	-0.25	0	0	-0.25	0	0	-0.25	0	0	0	-0.25	0	-0.25	0	0	0	0	0	-0.25	0	0	0	0	-0.25	0	0	0	0	0	0	0	0	-0.25	0	0	0	0	0	0	0	-0.25	0	0	0	0	0	0	-0.25
Trnau1ap	-0.25	0	0	-0.25	0	-0.25	0	-0.25	-0.25	0	0	-0.25	0	-0.25	0	0	0	0	-0.25	-0.25	0	-0.25	0	0	-0.25	0	-0.25	0	0	0	-0.25	-0.25	0	0	0	0	-0.25	0	0	0	-0.25	0	-0.25	-0.25	-0.25	-0.25	-0.25	-0.25	-0.25	0	0	0	0	-0.25	0	0	-0.25
Tstd2	-0.25	0	0	-0.25	0	-0.25	0	-0.25	0	-0.25	0	-0.25	0	-0.25	0	0	0	0	-0.25	0	0	-0.25	0	0	0	0	-0.25	0	0	0	-0.25	0	0	0	0	0	-0.25	0	0	0	0	0	-0.25	0	-0.25	0	-0.25	-0.25	0	0	0	0	0	0	-0.25	0	0
Ttc39a	0	0	0	0	0	0	0	0	0	0	0	0	0	0	0	0	0	0	0	0	0	0	0	0	0	0	0	0	0	0	0	0	0	0	0	0	0	0	0	0	0	0	0	0	0	0	0	0	0	0	0	0	0.25	0	0	0	0
Ttc5	0	0	0	0	0	-0.25	0	-0.25	0	0	0	0	0	-0.25	0	0	0	0	-0.25	0	0	-0.25	0	0	0	0	0	0	0	0	0	0	0	0	0	0	0	0	0	0	0	0	0	0	0	0	0	0	0	0	0	-0.25	0	0	0	0	0
Txnrd1	0	0	0	0	0	0	0	0	0	0	0	0	0	0	0	0	0	0	0	0	0	0	0	0	0	0	0	0	0	0	0	0	0	0	0	0	0	0.25	0	0	0	0	0	0	0	0	0	0	0	0	0	0	0.25	0	0	0	0
Uck2	0	0	0.25	0	0	0	0	0	0	0	0	0	0	0	0	0	0	0	0	0	0	0	0	0	0	0	0	0	0	0	0	0	0	0	0	0	0	0	0	0	0	0	0	0	0	0	0	0	0	0	0	0	0.25	0	0	0	0
Ugt1a5	0	0	0	0	0	0	0	0	0	0	0	0	0	0	0	0	0	0	0	0	0.25	0	0	0	0	0	0	0	0	0	0	0	0	0	0	0	0	0	0	0	0	0	0	0	0	0	0	0	0	0	0	0	0.25	0	0	0	0
Upp1	0	0	0	0	0	0	0	0	0	0	0	0	0	0	0	0	0	0	0	0	0	0	0	0	0	0	0	0	0	0	0	0	0	0	0	0	0	0	0	0	0	0	0	0	0	0	0	0	0	0	0	0	0.25	0	0	0	0
Usf1	-0.25	0	0	-0.25	0	-0.25	0	-0.25	-0.25	0	0	-0.25	0	0	0	0	0	-0.25	-0.25	0	0	-0.25	0	0	-0.25	-0.25	-0.25	-0.25	-0.25	-0.25	0	0	0	0	0	0	0	0	0	0	0	0	0	-0.25	-0.25	0	0	0	-0.25	0	-0.25	-0.25	-0.25	0	-0.25	0	-0.25
Usp18	0	0	0	-0.25	0	-0.25	0	-0.25	0	0	0	0	0	0	0	0	0	-0.25	0	-0.25	0	0	0	0	-0.25	-0.25	-0.25	-0.25	-0.25	-0.25	-0.25	-0.25	0	0	0	0	-0.25	0	0	0	0	-0.25	0	0	-0.25	-0.25	-0.25	-0.25	0	-0.25	-0.25	-0.25	0	-0.25	0	0	0
Usp21	-0.25	0	0	0	-0.25	-0.25	0	-0.25	0	0	0	0	0	0	0	0	-0.25	0	0	-0.25	0	0	0	0	-0.25	-0.25	-0.25	-0.25	-0.25	-0.25	-0.25	-0.25	0	-0.25	-0.25	0	-0.25	0	-0.25	0	-0.25	-0.25	-0.25	0	-0.25	0	-0.25	-0.25	0	-0.25	-0.25	0	-0.25	-0.25	-0.25	-0.25	-0.25
Utp23	0	0	0	0	0	0	0	0	0	0	0	0	0	0	0	0	0	0	0	0	0	0	0	0	0	0	0	0	0	0	0	0	0	0	0	0	0	0	0	0	0	0	0	0	0	0	0	0	0	0	0	0	0.25	0	0	0	0
Vangl2	-0.25	0	0	-0.25	0	-0.25	0	0	0	0	0	0	0	-0.25	0	0	0	0	-0.25	-0.25	0	0	0	0	0	0	-0.25	0	0	-0.25	0	0	-0.25	0	0	0	0	0	0	0	0	0	0	0	-0.25	0	-0.25	-0.25	0	0	0	0	-0.25	-0.25	0	0	-0.25
Vit	0	0.25	0	0	0	0	0	0	0	0	0	0	0	0	0	0	0	0	0	0	0	0	0	0	0	0	0	0	0	0	0	0	0	0	0	0	0	0	0	0	0	0	0	0	0	0	0	0	0	0	0	0	0.25	0	0	0	0
Xcr1	0	0	0.25	0	0	0	0	0	0	0	0	0	0	0	0	0	0	0	0	0	0.25	0	0	0	0	0	0	0	0	0	0	0	0	0	0	0	0	0	0	0	0	0	0	0	0	0	0	0	0	0	0	0	0.25	0	0	0	0
Yod1	0	0	0	0	0	0	0	0	0	0	0	0	0	0	0	0	0	0	0	0	0.25	0	0	0	0	0	0	0	0	0	0	0	0	0	0	0	0	0	0	0	0	0	0	0	0	0	0	0	0	0	0	0	0.25	0	0	0	0
Zbtb45	-0.25	0	0	-0.25	-0.25	-0.25	0	-0.25	-0.25	-0.25	-0.25	-0.25	-0.25	-0.25	-0.25	-0.25	-0.25	-0.25	-0.25	0	0	-0.25	0	0	-0.25	0	0	0	0	0	0	-0.25	0	0	0	0	0	0	-0.25	0	0	0	0	0	-0.25	-0.25	-0.25	-0.25	0	0	0	0	0	0	0	0	-0.25
Zc3h12d	-0.25	0	0	0	0	-0.25	0	-0.25	0	-0.25	0	-0.25	0	-0.25	0	0	0	0	-0.25	0	0	-0.25	0	0	0	0	-0.25	0	0	0	0	0	0	0	0	0	0	0	-0.25	0	-0.25	-0.25	0	0	0	0	-0.25	0	0	0	-0.25	0	0	-0.25	0	0	0
Zcchc17	-0.25	0	0	-0.25	-0.25	-0.25	0	0	0	-0.25	0	0	0	0	0	0	0	0	0	-0.25	0	-0.25	0	0	0	0	0	0	0	0	-0.25	0	0	-0.25	-0.25	0	-0.25	0	0	0	0	0	0	0	-0.25	-0.25	-0.25	-0.25	0	-0.25	0	0	0	-0.25	0	0	-0.25
Zeb1	0	0.25	0.25	0	0	0	0	0	0	0	0	0	0	0	0	0	0	0	0	0	0.25	0	0	0	0	0	0	0	0	0	0	0	0	0	0	0	0	0	0	0	0	0	0	0	0	0	0	0	0	0	0	0	0.25	0	0	0	0
Zfp251	0	0	0	-0.25	-0.25	-0.25	0	0	0	-0.25	-0.25	-0.25	0	0	0	0	0	0	0	-0.25	0	-0.25	0	0	-0.25	0	0	0	0	0	-0.25	-0.25	0	0	0	0	-0.25	0	0	0	0	0	-0.25	0	-0.25	-0.25	-0.25	-0.25	0	-0.25	0	0	-0.25	-0.25	0	0	-0.25
Zfp276	-0.25	0	0	-0.58	-0.25	-0.58	0	-0.25	-0.25	0	0	0	0	-0.25	0	0	0	-0.25	-0.25	-0.25	0	-0.25	0	0	-0.25	0	-0.25	-0.25	-0.25	-0.25	0	-0.25	0	0	0	0	-0.25	0	0	0	-0.25	0	0	0	-0.25	-0.25	-0.25	-0.25	0	0	-0.25	-0.25	0	-0.25	0	0	-0.25
Zfp526	0	0	0	-0.25	-0.25	-0.25	0	0	0	0	0	0	0	0	0	0	0	0	0	-0.25	0	0	0	0	0	-0.25	0	0	0	0	-0.25	-0.25	0	-0.25	-0.25	-0.25	-0.25	0	-0.25	0	0	-0.25	-0.25	0	-0.25	-0.25	-0.25	0	0	-0.25	0	-0.25	-0.25	-0.25	0	-0.25	0
Zfp821	0	0.25	0.25	0	0	0	0	0	0	0	0	0	0	0	0	0	0	0	0	0	0	0	0	0	0	0	0	0	0	0	0	0	0	0	0	0	0	0	0	0	0	0	0	0	0	0	0	0	0	0	0	0	0	0	0	0	0
Zfp839	-0.25	0	0	-0.25	0	-0.25	0	-0.25	0	-0.25	0	-0.25	0	-0.25	0	0	0	-0.25	0	0	0	-0.25	-0.25	0	-0.25	0	-0.25	0	-0.25	0	-0.25	-0.25	0	0	0	0	-0.25	0	0	0	-0.25	-0.25	0	0	-0.25	-0.25	-0.25	-0.25	0	-0.25	0	0	-0.25	-0.25	0	0	-0.25
Zfyve1	-0.25	0	0	0	-0.25	-0.25	0	0	0	0	0	0	0	-0.25	0	0	0	0	0	-0.25	0	0	-0.25	0	-0.25	0	0	0	0	0	0	0	0	0	0	0	0	0	0	0	0	0	-0.25	-0.25	-0.25	-0.25	-0.25	-0.25	0	0	0	0	-0.25	-0.25	0	0	0
