	Ctcf	E2f4	E2f6	Egr1	Elf1	Elf4	Fos	Ikzf1	Irf1	Irf3	Klf13	Klf4	Klf5	Klf7	Myc	Nfya	Nfyb	Nfyc	Nrf1	Pax5	Pbx3	Plagl1	Pou2f2	Rfx1	Rfx2	Rxra	Sp1	Sp2	Sp3	Sp4	Srf	Tbp	Zbtb7a	Zfp148
1110051m20rik	0	0	0	0	0	0	0	0	0	0	0	0.25	0.25	0	0	0.25	0	0	0	0	0.25	0	0	0	0	0.25	0.25	0.25	0	0	0	0	0	0
1700029i15rik	0	0.25	0.25	0.25	0	0	0.25	0.25	0.25	0.25	0	0	0	0	0	0.25	0	0	0.25	0	0.25	0	0	0	0	0	0.25	0.25	0	0.25	0	0.25	0	0
2610035d17rik	0.25	0.25	0	0.25	0	0	0.25	0	0.25	0.25	0	0	0	0	0	0.25	0.25	0	0	0	0.25	0	0	0	0	0.25	0	0.25	0	0	0	0.25	0	0
2610301b20rik	0.25	0.25	0.25	0.25	0	0	0	0	0	0	0	0	0	0	0	0	0	0	0.25	0	0	0	0	0	0	0.25	0	0	0	0.25	0	0	0.25	0
2700099c18rik	0	0	0	-0.25	-0.25	0	0	0	0	0	0	-0.25	0	0	0	0	0	0	0	0	0	0	0	0	0	0	0	0	-0.25	-0.25	0	0	0	0
2900005j15rik	0	-0.25	0	-0.25	-0.25	0	0	0	0	0	0	0	0	0	-0.25	0	0	0	0	-0.75	0	0	0	0	0	0	0	-0.25	0	-0.25	0	0	0	-0.25
2900052n01rik	0	0	0	0	0	0	0	0	-0.25	0	0	0	0	0	0	0	0	0	0	0	0	0	0	0	0	0	0	0	0	0	-0.25	0	0	0
3010026o09rik	0	0.25	0	0.25	0	0	0	0	0.25	0	0	0.25	0.25	0.25	0	0	0	0	0.25	0	0	0	0	0	0	0	0.25	0.25	0.25	0.25	0	0.25	0	0
3930402g23rik	0	0	0	0	0	0	0	0	-0.25	0	0	0	0	0	0	0	0	0	0	-0.75	0	0	0	0	0	0	0	-0.25	-0.25	0	0	0	0	0
4930539e08rik	0	0	0	-0.25	-0.25	-0.25	0	0	-0.25	0	0	0	0	0	0	0	0	0	0	-0.75	0	0	0	0	0	0	0	0	0	0	0	0	0	0
4932438h23rik	0.25	0.25	0.25	0.25	0	0	0.25	0	0.25	0.25	0	0	0	0	0	0	0	0	0.25	0	0	0	0	0	0	0.25	0.25	0	0.25	0	0	0	0	0
5430416n02rik	0	-0.25	0	-0.25	-0.25	-0.25	0	0	-0.25	-0.25	0	-0.25	0	-0.25	0	-0.25	0	-0.25	0	-0.75	0	0	0	0	0	0	-0.25	-0.25	-0.25	-0.25	0	0	0	0
5730455p16rik	0.25	0	0.25	0.25	0	0	0.25	0.25	0.25	0.25	0.25	0.25	0.25	0.25	0	0	0	0	0	0	0	0	0	0	0	0	0.25	0	0.25	0.25	0	0.25	0	0
8430419l09rik	0	0.25	0.25	0.25	0	0	0	0	0.25	0	0	0.25	0	0	0	0	0	0	0.25	0	0.25	0	0	0	0	0.25	0	0	0	0	0	0.25	0	0
A230072c01rik	0	0	0	0.25	0	0	0	0	0	0	0	0	0.25	0	0	0	0	0	0	0	0.25	0	0	0	0	0.25	0.25	0	0	0.25	0	0	0	0
A530099j19rik	0	0	0	0	0	0	0	0	-0.25	0	0	0	0	0	0	0	0	0	0	-0.75	0	0	0	0	0	0	0	0	0	0	0	0	0	0
Aars2	0.25	0	0	0	0	0	0	0	0.25	0	0	0.25	0.25	0.25	0	0	0	0	0	0	0	0	0	0	0	0.25	0.25	0.25	0.25	0.25	0	0.25	0.25	0
Abhd3	0	0	0	0	0	0	0.25	0	0	0	0	0	0	0	0	0	0	0	0	0	0	0	0	0	0	0	0	0	0	0	0	0	0	0
Acad10	0.25	0	0.25	0.25	0	0	0	0	0	0	0	0	0	0	0	0	0	0	0.25	0	0	0	0	0	0	0	0	0.25	0	0.25	0	0	0	0
Acbd4	0.25	0.25	0.25	0.25	0	0	0.25	0	0.25	0.25	0	0.25	0.25	0.25	0	0.25	0	0	0.25	0	0	0	0	0	0	0.25	0.25	0.25	0.25	0.25	0	0.25	0.25	0
Acbd6	0.25	0.25	0	0.25	0	0	0	0	0	0	0	0	0	0	0	0	0	0	0	0	0	0	0	0	0	0.25	0.25	0	0	0	0	0	0.25	0
Acsbg1	0	0	0	-0.25	-0.25	0	0	0	0	0	0	-0.25	-0.25	-0.25	0	0	0	0	0	-0.75	0	0	0	0	0	0	-0.25	-0.25	0	0	0	-0.25	0	0
Actn1	0.25	0.25	0.25	0.25	0	0	0.25	0.25	0.25	0	0	0.25	0.25	0	0	0	0	0	0.25	0	0	0.25	0	0	0	0.25	0.25	0.25	0.25	0.25	0	0.25	0.25	0
Adck2	0.25	0.25	0	0.25	0	0	0.25	0	0.25	0	0	0	0	0	0	0	0	0	0.25	0	0	0	0	0	0	0	0	0	0	0	0	0	0.25	0
Adcy6	0.25	0	0	0	0	0	0	0	0	0	0	0	0	0	0	0	0	0	0	0	0	0	0	0	0	0.25	0	0	0	0	0	0	0	0
Agap2	0.25	0	0	0	0	0	0	0	0.25	0	0	0	0	0	0	0	0	0	0	0	0	0	0	0	0	0	0	0	0	0	0	0	0	0
Ahrr	0	0	0	-0.25	-0.25	-0.25	0	0	-0.25	0	0	-0.25	-0.25	-0.25	0	0	0	0	0	-0.75	0	0	-0.25	-0.25	-0.25	0	-0.25	-0.25	-0.25	-0.25	-0.25	-0.25	0	0
Aimp1	0	0.25	0	0.25	0	0	0	0	0	0	0	0	0	0	0	0	0	0	0	0	0	0	0	0	0	0	0.25	0.25	0.25	0.25	0	0	0	0
Aldh1a3	0	0	0	-0.25	0	0	0	0	-0.25	-0.25	0	0	0	0	-0.25	0	0	0	-0.25	-0.75	0	0	0	0	0	0	0	-0.25	-0.25	-0.25	-0.25	0	0	0
Aldh2	0.25	0	0	0.25	0	0	0.25	0	0.25	0	0.25	0	0	0.25	0	0.25	0	0	0	0	0	0	0	0	0	0.25	0.25	0.25	0.25	0.25	0	0	0.25	0
Aldoc	0	0	0	-0.25	0	0	0	0	-0.25	-0.25	0	-0.25	-0.25	-0.25	-0.25	0	0	0	-0.25	-0.75	0	0	0	0	0	0	-0.25	-0.25	-0.25	-0.25	-0.25	-0.25	0	0
Angel1	0.25	0.25	0	0	0	0	0	0	0	0	0	0	0.25	0.25	0	0	0	0	0	0	0	0	0	0	0	0	0.25	0.25	0.25	0.25	0	0.25	0	0
Angpt2	0	0	0	0.25	0	0	0.25	0	0	0	0	0	0	0	0	0	0	0	0	0	0.25	0	0	0	0	0	0	0	0	0	0	0	0	0
Aoc2	0	0.25	0	0.25	0	0	0.25	0	0	0.25	0	0	0	0	0	0.25	0	0	0.25	0	0	0	0	0	0	0	0	0.25	0	0.25	0	0	0	0
Ap3s2	0.25	0	0	0.25	0	0	0.25	0	0.25	0.25	0	0	0	0	0	0	0	0	0	0	0	0	0	0	0	0	0	0	0	0	0	0	0	0
Apc2	0.25	0.25	0.25	0.25	0	0	0	0	0.25	0	0.25	0.25	0.25	0.25	0	0	0	0	0.25	0	0	0	0	0	0	0	0.25	0.25	0.25	0.25	0	0.25	0	0
Apip	0	0	0	-0.25	-0.25	0	0	0	-0.25	0	0	-0.25	-0.25	-0.25	0	0	0	0	0	0	0	0	0	0	0	0	-0.25	-0.25	-0.25	-0.25	-0.25	-0.25	0	0
Arhgap33	0.25	0.25	0.25	0.25	0	0	0.25	0	0.25	0	0	0.25	0.25	0.25	0	0.25	0.25	0	0.25	0	0.25	0	0	0	0	0	0.25	0.25	0.25	0.25	0	0.25	0.25	0
Arl2	0.25	0.25	0	0.25	0	0	0	0	0.25	0	0	0.25	0.25	0.25	0	0.25	0	0	0.25	0	0.25	0	0	0	0	0.25	0.25	0.25	0.25	0.25	0	0.25	0.25	0
Arl3	0	-0.25	-0.25	-0.25	0	0	0	0	-0.25	0	0	-0.25	-0.25	-0.25	-0.25	-0.25	0	-0.25	-0.25	0	0	0	0	-0.25	-0.25	0	-0.25	-0.25	-0.25	-0.25	-0.25	-0.25	0	-0.25
Armc6	0	0.25	0.25	0.25	0	0	0.25	0	0.25	0.25	0	0.25	0.25	0.25	0	0.25	0	0	0.25	0	0.25	0.25	0	0	0	0	0.25	0.25	0.25	0.25	0	0.25	0.25	0
Arpc5l	0.25	0.25	0.25	0.25	0	0	0.25	0.25	0.25	0.25	0	0.25	0.25	0.25	0	0	0	0	0.25	0	0	0	0	0	0	0	0.25	0.25	0.25	0.25	0	0.25	0.25	0
Asb4	0.25	0	0	0	0	0	0	0	0	0	0	0	0	0	0	0	0	0	0	0	0	0	0	0	0	0.25	0	0	0	0	0	0	0.25	0
Aspm	0	0	0	0.25	0	0	0.25	0	0	0	0	0	0	0	0	0.25	0.25	0	0	0	0.25	0	0	0	0	0	0.25	0.25	0.25	0.25	0	0	0.25	0
Astl	0.25	0	0	0.25	0	0	0.25	0	0.25	0	0	0.25	0.25	0	0	0	0	0	0.25	0	0	0	0	0	0	0.25	0.25	0.25	0.25	0.25	0	0	0.25	0
Atcay	0	-0.25	0	-0.25	-0.25	0	0	0	-0.25	0	0	-0.25	-0.25	-0.25	0	0	0	0	-0.25	0	0	0	-0.25	0	0	0	-0.25	-0.25	-0.25	-0.25	-0.25	-0.25	0	-0.25
Atg9b	0	-0.25	0	-0.25	-0.25	0	0	0	-0.25	-0.25	0	-0.25	-0.25	-0.25	-0.25	-0.25	0	0	0	-0.75	0	0	0	-0.25	-0.25	0	-0.25	-0.25	-0.25	-0.25	-0.25	-0.25	0	0
Atic	0	0	0	-0.25	-0.25	0	0	0	-0.25	0	0	-0.25	-0.25	-0.25	-0.25	0	0	0	0	-0.75	0	0	-0.25	0	0	0	-0.25	-0.25	-0.25	0	0	-0.25	0	0
Atp2a3	0.25	0.25	0	0.25	0	0	0.25	0	0.25	0	0	0.25	0.25	0.25	0	0	0	0	0	0	0	0	0	0	0	0	0.25	0.25	0.25	0.25	0	0.25	0	0
Au021092	0.25	0	0	0	0	0	0	0	0	0	0	0	0	0	0	0	0	0	0	0	0	0.25	0	0	0	0.25	0	0	0	0	0	0	0.25	0
Au022252	0.25	0	0.25	0.25	0	0	0.25	0	0.25	0	0.25	0.25	0.25	0.25	0	0	0	0	0.25	0	0	0	0	0	0	0	0.25	0.25	0.25	0.25	0	0.25	0	0
Aurkb	0	-0.25	0	-0.25	-0.25	0	0	0	-0.25	-0.25	0	-0.25	-0.25	-0.25	-0.25	-0.25	0	-0.25	0	-0.75	0	0	0	0	0	0	-0.25	-0.25	-0.25	-0.25	-0.25	-0.25	0	0
B3galt6	0.25	0	0.25	0.25	0	0	0	0	0	0	0	0	0	0	0	0.25	0	0	0.25	0	0	0	0	0	0	0.25	0.25	0.25	0	0	0	0	0	0
Bahd1	0.25	0.25	0	0.25	0	0	0.25	0	0.25	0.25	0	0.25	0.25	0.25	0	0.25	0.25	0	0	0	0.25	0	0	0	0	0.25	0.25	0.25	0.25	0.25	0	0.25	0.25	0
Batf2	0	0	0	-0.25	0	0	0	0	-0.25	-0.25	0	0	0	0	-0.25	0	0	0	0	-0.75	0	0	0	0	0	0	0	0	0	0	0	0	0	0
Batf3	0	-0.25	0	-0.25	-0.25	0	0	0	-0.25	-0.25	0	-0.25	-0.25	-0.25	-0.25	0	0	0	-0.25	-0.75	0	0	0	0	0	0	-0.25	-0.25	-0.25	-0.25	0	-0.25	0	-0.25
Bcl2l14	0.25	0	0	0.25	0	0	0.25	0	0	0.25	0	0	0	0	0	0	0	0	0.25	0	0	0	0	0	0	0.25	0.25	0	0.25	0	0	0	0.25	0
Bcl7a	0.25	0	0.25	0	0	0	0.25	0	0	0	0	0	0.25	0	0	0	0	0	0	0	0	0.25	0	0	0	0.25	0.25	0.25	0.25	0.25	0	0	0.25	0
Bicd1	0	0	0	0	0	0	0.25	0	0	0	0	0	0	0	0	0	0	0	0	0	0	0	0	0	0	0	0.25	0.25	0	0	0	0	0	0
Blk	0.25	0	0	0	0	0	0	0	0	0	0	0	0	0	0	0	0	0	0	0	0	0	0	0	0	0.25	0.25	0	0	0	0	0	0	0
Bmyc	0	0	0	0	0	0	0	0	0	0	0	0	0	0	0	0	0	0	0	0	0	0	0	0	0	0	0	0	-0.25	0	0	0	0	0
Brsk1	0	-0.25	0	-0.25	-0.25	0	0	0	-0.25	0	0	-0.25	-0.25	-0.25	-0.25	0	0	0	-0.25	-0.75	0	0	0	-0.25	-0.25	0	-0.25	-0.25	-0.25	-0.25	0	-0.25	0	-0.25
Bub1	0	-0.25	0	-0.25	0	0	0	0	-0.25	0	0	0	0	0	-0.25	0	0	0	-0.25	0	0	0	-0.25	0	0	0	-0.25	-0.25	-0.25	-0.25	-0.25	-0.25	0	-0.25
C030034i22rik	0	0	0	-0.25	-0.25	-0.25	0	0	0	0	0	-0.25	0	0	0	0	0	0	0	0	0	0	0	0	0	0	-0.25	-0.25	0	-0.25	0	-0.25	0	-0.25
C230035i16rik	0.25	0.25	0	0.25	0	0	0	0	0.25	0	0	0.25	0.25	0.25	0	0	0	0	0.25	0	0	0	0	0	0	0.25	0.25	0.25	0.25	0	0	0.25	0.25	0
C2cd2l	0.25	0.25	0.25	0.25	0	0	0	0	0.25	0.25	0	0.25	0.25	0.25	0	0.25	0	0	0.25	0	0.25	0	0	0	0	0	0.25	0.25	0.25	0.25	0	0.25	0.25	0
Cabp4	0	-0.25	0	-0.25	-0.25	0	0	0	-0.25	-0.25	0	-0.25	-0.25	-0.25	-0.25	0	0	0	-0.25	-0.75	0	0	-0.25	0	0	0	-0.25	-0.25	-0.25	-0.25	-0.25	-0.25	0	-0.25
Car13	0.25	0	0	0.25	0	0	0.25	0	0.25	0	0	0.25	0.25	0.25	0	0	0	0	0	0	0	0	0	0	0	0.25	0.25	0.25	0.25	0.25	0	0.25	0.25	0
Car2	0	0	-0.25	-0.25	-0.25	0	0	0	0	0	0	-0.25	-0.25	-0.25	0	0	0	0	0	0	0	0	0	-0.25	0	0	-0.25	0	0	0	0	-0.25	0	0
Car7	0.25	0	0.25	0.25	0	0	0	0	0.25	0.25	0	0.25	0.25	0	0	0	0	0	0.25	0	0	0.25	0	0	0	0.25	0.25	0.25	0	0.25	0	0.25	0.25	0
Carkd	0.25	0	0	0.25	0	0	0	0	0.25	0	0	0.25	0.25	0.25	0	0	0	0	0	0	0	0	0	0	0	0	0.25	0.25	0.25	0.25	0	0.25	0	0
Casz1	0	0.25	0.25	0.25	0	0	0.25	0.25	0.25	0	0	0	0	0	0	0.25	0.25	0	0.25	0	0.25	0	0	0	0	0.25	0.25	0.25	0.25	0.25	0	0.25	0.25	0
Cbr3	0.25	0.25	0	0.25	0	0	0.25	0	0	0	0	0	0	0	0	0.25	0	0	0	0	0.25	0	0	0	0	0	0	0.25	0	0	0	0	0	0
Ccdc138	0.25	0.25	0.25	0	0	0	0	0	0.25	0.25	0	0	0.25	0.25	0	0	0	0	0	0	0	0	0	0	0	0.25	0.25	0.25	0.25	0.25	0	0.25	0	0
Ccdc14	0	-0.25	0	-0.25	-0.25	0	0	0	-0.25	0	0	-0.25	-0.25	-0.25	0	0	0	0	-0.25	0	0	0	0	0	0	0	-0.25	-0.25	-0.25	-0.25	-0.25	-0.25	0	-0.25
Ccdc18	0	0	-0.25	-0.25	-0.25	0	0	0	-0.25	-0.25	0	-0.25	-0.25	-0.25	-0.25	0	0	0	-0.25	-0.75	0	0	0	0	0	0	-0.25	-0.25	-0.25	-0.25	-0.25	-0.25	0	-0.25
Cchcr1	0.25	0.25	0.25	0.25	0	0	0.25	0	0.25	0	0.25	0.25	0.25	0.25	0	0.25	0.25	0	0.25	0	0.25	0	0	0	0	0.25	0.25	0.25	0.25	0.25	0	0.25	0.25	0
Cd14	0	0	0.25	0.25	0	0	0.25	0	0	0.25	0	0.25	0.25	0.25	0	0	0	0	0.25	0	0.25	0	0	0	0	0.25	0.25	0.25	0.25	0.25	0	0.25	0	0
Cd19	0.25	0	0	0	0	0	0	0	0.25	0	0	0	0	0	0	0	0	0	0	0	0	0	0	0	0	0.25	0	0	0	0	0	0	0	0
Cd209a	0	0	0	0	-0.25	0	0	0	0	0	0	0	0	0	-0.25	0	0	0	0	-0.75	0	0	0	0	0	0	-0.25	0	-0.25	0	0	0	0	-0.25
Cd24a	0	0	0	0.25	0	0	0	0	0.25	0	0	0	0	0	0	0	0	0	0.25	0	0	0.25	0	0	0	0.25	0.25	0.25	0	0.25	0	0	0	0
Cd38	0.25	0	0	0	0	0	0.25	0	0	0	0	0	0	0	0	0	0	0	0	0	0	0	0	0	0	0	0.25	0	0	0	0	0	0	0
Cd6	0.25	0	0	0.25	0	0	0	0	0.25	0.25	0	0.25	0	0.25	0	0	0	0	0	0	0	0.25	0	0	0	0.25	0.25	0	0.25	0.25	0	0	0	0
Cdc42ep3	0.25	0.25	0	0.25	0	0	0.25	0	0.25	0	0	0.25	0.25	0.25	0	0	0	0	0	0	0	0	0	0	0	0.25	0.25	0.25	0.25	0.25	0	0.25	0	0
Cdc45	0	0	0	0.25	0	0	0.25	0	0.25	0.25	0	0	0	0	0	0.25	0.25	0	0	0	0	0	0	0	0	0	0.25	0.25	0	0	0	0.25	0	0
Cdh1	0	-0.25	-0.25	-0.25	-0.25	0	0	0	-0.25	0	0	-0.25	-0.25	-0.25	0	0	0	0	-0.25	-0.75	0	0	0	-0.25	0	0	-0.25	-0.25	-0.25	-0.25	0	-0.25	0	-0.25
Cdhr2	0	0	0	-0.25	-0.25	0	0	0	-0.25	0	0	-0.25	-0.25	-0.25	-0.25	0	0	0	0	-0.75	0	0	0	0	0	0	-0.25	-0.25	-0.25	-0.25	-0.25	-0.25	0	-0.25
Cdk5	0.25	0.25	0	0.25	0	0	0	0	0.25	0	0	0.25	0.25	0.25	0	0	0	0	0.25	0	0	0	0	0	0	0.25	0.25	0.25	0.25	0.25	0	0.25	0.25	0
Cdkl3	0	-0.25	0	-0.25	-0.25	-0.25	0	0	-0.25	-0.25	0	-0.25	-0.25	-0.25	-0.25	0	0	0	-0.25	-0.75	0	0	-0.25	-0.25	-0.25	0	-0.25	-0.25	-0.25	-0.25	-0.25	-0.25	0	-0.25
Cdkn2c	0.25	0.25	0.25	0.25	0	0	0	0	0.25	0.25	0	0.25	0.25	0.25	0	0	0	0	0.25	0	0	0	0	0	0	0.25	0.25	0.25	0.25	0.25	0	0.25	0.25	0
Cebpe	0.25	0	0	0.25	0	0	0	0	0	0	0	0	0.25	0	0	0	0	0	0	0	0	0	0	0	0	0.25	0	0	0	0	0	0.25	0	0
Cenpj	0	0	-0.25	-0.25	-0.25	0	0	0	-0.25	-0.25	0	-0.25	-0.25	-0.25	0	0	0	0	-0.25	-0.75	0	0	0	-0.25	-0.25	0	-0.25	-0.25	-0.25	-0.25	0	-0.25	0	0
Cenpn	0.25	0.25	0.25	0.25	0	0	0	0.25	0.25	0	0	0.25	0.25	0.25	0	0	0	0	0.25	0	0	0	0	0	0	0.25	0.25	0.25	0.25	0.25	0	0.25	0.25	0
Cep290	0	-0.25	-0.25	-0.25	-0.25	0	0	0	-0.25	0	0	0	0	0	-0.25	0	0	0	-0.25	0	0	0	0	-0.25	-0.25	0	-0.25	-0.25	-0.25	-0.25	0	-0.25	0	-0.25
Cep63	0	-0.25	0	-0.25	-0.25	-0.25	0	0	-0.25	0	0	-0.25	-0.25	-0.25	-0.25	0	0	0	-0.25	-0.75	0	0	0	-0.25	0	0	-0.25	-0.25	-0.25	-0.25	0	-0.25	0	0
Cep72	0.25	0	0.25	0.25	0	0	0.25	0	0.25	0	0	0.25	0	0.25	0	0	0	0	0.25	0	0	0	0	0	0	0.25	0.25	0.25	0.25	0.25	0	0.25	0	0
Cep78	0	-0.25	-0.25	-0.25	0	0	0	0	-0.25	0	0	-0.25	0	-0.25	0	0	0	0	-0.25	-0.75	0	0	0	0	0	0	-0.25	0	-0.25	-0.25	0	-0.25	0	0
Chchd6	0	0.25	0	0.25	0	0	0.25	0	0.25	0	0	0.25	0.25	0.25	0	0	0	0	0	0	0	0	0	0	0	0.25	0.25	0	0.25	0	0	0	0	0
Chrm3	0.25	0	0	0	0	0	0.25	0	0.25	0.25	0	0	0	0	0	0	0	0	0	0	0.25	0	0	0	0	0.25	0	0	0	0	0	0	0	0
Chst10	0	0	0	0.25	0	0	0.25	0	0	0	0	0	0	0	0	0	0	0	0	0	0	0	0	0	0	0	0	0	0	0	0	0	0	0
Chst11	0.25	0.25	0	0.25	0	0	0.25	0	0.25	0.25	0	0.25	0.25	0.25	0	0	0	0	0	0	0	0	0	0	0	0.25	0.25	0.25	0.25	0.25	0	0.25	0.25	0
Chst2	0	0.25	0	0	0	0	0	0	0	0	0	0	0	0	0	0	0	0	0	0	0.25	0	0	0	0	0	0.25	0.25	0.25	0	0	0	0	0
Chst3	0	0	0	0	0	0	0	0	0	0.25	0	0	0.25	0	0	0	0	0	0	0	0	0	0	0	0	0	0.25	0.25	0	0	0	0	0	0
Cit	0	-0.25	-0.25	-0.25	-0.25	-0.25	0	0	-0.25	-0.25	0	0	0	0	0	-0.25	0	0	0	-0.75	0	0	0	0	0	0	-0.25	0	0	0	0	0	0	0
Cks1b	0	0.25	0.25	0.25	0	0	0.25	0	0.25	0	0.25	0	0	0.25	0	0.25	0	0	0.25	0	0.25	0	0	0	0	0.25	0.25	0.25	0.25	0.25	0	0.25	0.25	0
Clcn1	0	0	0	0	-0.25	0	0	0	-0.25	-0.25	0	0	0	0	0	0	0	0	0	-0.75	0	0	0	0	0	0	-0.25	-0.25	-0.25	-0.25	0	0	0	0
Clpb	0.25	0	0	0.25	0	0	0	0	0	0	0	0	0	0	0	0	0	0	0	0	0	0	0	0	0	0.25	0	0	0	0.25	0	0	0	0
Clspn	0.25	0.25	0	0.25	0	0	0.25	0	0.25	0.25	0	0.25	0.25	0.25	0	0.25	0	0	0	0	0.25	0	0	0	0	0.25	0.25	0	0	0	0	0.25	0	0
Clybl	0.25	0.25	0	0.25	0	0	0.25	0	0.25	0	0	0.25	0.25	0.25	0	0	0	0	0	0	0	0.25	0	0	0	0.25	0.25	0.25	0.25	0.25	0	0.25	0.25	0
Cmtm8	0.25	0.25	0	0.25	0	0	0.25	0	0.25	0	0	0.25	0.25	0.25	0	0	0	0	0	0	0	0	0	0	0	0.25	0.25	0.25	0.25	0.25	0	0.25	0	0
Cmya5	0.25	0	0	0	0	0	0.25	0	0.25	0.25	0	0	0	0	0	0	0	0	0	0	0	0	0	0	0	0.25	0	0.25	0	0	0	0	0	0
Cnpy2	0	0	0	-0.25	0	0	0	0	0	0	0	0	0	0	0	0	0	0	0	0	0	0	0	0	0	0	-0.25	0	0	0	-0.25	0	0	0
Cntrob	0	0.25	0.25	0.25	0	0	0.25	0	0.25	0	0.25	0.25	0.25	0.25	0	0	0	0	0.25	0	0	0	0	0	0	0	0.25	0.25	0.25	0.25	0	0.25	0.25	0
Commd9	0.25	0.25	0.25	0.25	0	0	0	0.25	0.25	0	0	0	0	0	0	0	0	0	0	0	0	0	0	0	0	0.25	0	0	0	0	0	0	0	0
Comt	0	0	0	0.25	0	0	0	0	0	0	0	0.25	0	0	0	0	0	0	0	0	0.25	0	0	0	0	0	0.25	0	0.25	0.25	0	0	0	0
Coq9	0.25	0	0.25	0.25	0	0	0	0	0	0	0	0	0	0	0	0	0	0	0.25	0	0	0.25	0	0	0	0.25	0	0.25	0	0.25	0	0	0.25	0
Cpn1	0	0	0	0	-0.25	0	0	0	0	0	0	0	0	0	0	0	0	0	0	-0.75	0	0	0	0	0	0	-0.25	0	0	0	0	0	0	0
Crtc1	0.25	0.25	0.25	0.25	0	0	0.25	0	0.25	0	0.25	0.25	0.25	0.25	0	0	0	0	0.25	0	0	0.25	0	0	0	0.25	0.25	0.25	0.25	0.25	0	0.25	0.25	0
Ctnnal1	0.25	0.25	0.25	0.25	0	0	0.25	0	0.25	0	0	0.25	0	0	0	0	0	0	0.25	0	0	0	0	0	0	0.25	0.25	0.25	0.25	0.25	0	0.25	0.25	0
Cuedc2	0.25	0	0.25	0.25	0	0	0.25	0	0.25	0.25	0	0.25	0.25	0.25	0	0.25	0	0	0.25	0	0.25	0	0	0	0	0.25	0.25	0.25	0.25	0.25	0	0.25	0	0
Cx3cl1	0.25	0.25	0	0.25	0	0	0.25	0	0	0.25	0	0	0	0	0	0.25	0	0	0	0	0	0	0	0	0	0.25	0.25	0	0.25	0.25	0	0	0	0
Cxcl10	0	-0.25	0	0	0	0	0	0	-0.25	-0.25	0	0	0	0	0	-0.25	0	-0.25	0	-0.75	0	0	0	0	0	0	-0.25	0	0	0	0	0	0	0
Cxcl9	0	-0.25	0	0	0	0	0	0	-0.25	-0.25	0	0	0	0	0	-0.25	0	-0.25	0	0	0	0	0	0	0	0	0	-0.25	0	0	0	0	0	0
Cyb561	0.25	0	0	0	0	0	0	0	0	0	0	0	0	0	0	0	0	0	0	0	0	0	0	0	0	0	0	0	0	0	0	0	0	0
Cyb561d1	0.25	0.25	0.25	0.25	0	0	0.25	0	0.25	0	0	0.25	0.25	0.25	0	0	0	0	0.25	0	0	0.25	0	0	0	0	0.25	0.25	0.25	0.25	0	0.25	0.25	0
Cyb5d1	0.25	0	0.25	0.25	0	0	0	0	0	0.25	0	0	0	0.25	0	0.25	0.25	0	0.25	0	0.25	0	0	0	0	0.25	0.25	0	0.25	0	0	0	0	0
Cyp7b1	0	0	0	0	0	0	0.25	0	0.25	0.25	0	0	0	0	0	0	0	0	0	0	0	0	0	0	0	0	0	0	0	0	0	0	0	0
D630045j12rik	0.25	0	0	0.25	0	0	0	0	0.25	0	0	0	0	0	0	0	0	0	0	0	0	0	0	0	0	0.25	0.25	0.25	0.25	0.25	0	0.25	0.25	0
D8ertd82e	0.25	0.25	0	0.25	0	0	0.25	0	0.25	0	0	0.25	0.25	0.25	0	0	0	0	0.25	0	0	0	0	0	0	0	0.25	0.25	0.25	0.25	0	0.25	0.25	0
Dbndd1	0	0	0	0	0	0	0	0	0	0	0	0	0	0	0	0	0	0	0	0	0	0	0	0	0	0.25	0	0	0	0	0	0	0	0
Dcaf4	0	0	0	0.25	0	0	0	0	0.25	0	0	0.25	0.25	0.25	0	0	0	0	0	0	0	0	0	0	0	0	0.25	0.25	0.25	0.25	0	0.25	0	0
Dchs1	0.25	0.25	0.25	0.25	0	0	0	0.25	0.25	0.25	0	0	0	0	0	0	0	0	0	0	0.25	0.25	0	0	0	0.25	0.25	0.25	0	0.25	0	0	0.25	0
Dcun1d4	0	-0.25	0	-0.25	-0.25	0	0	0	-0.25	-0.25	0	-0.25	-0.25	-0.25	-0.25	-0.25	0	0	-0.25	-0.75	0	0	0	-0.25	0	0	-0.25	-0.25	-0.25	-0.25	0	-0.25	0	-0.25
Ddb2	0.25	0.25	0	0.25	0	0	0	0	0.25	0	0	0.25	0.25	0.25	0	0	0	0	0.25	0	0	0	0	0	0	0.25	0.25	0.25	0.25	0.25	0	0.25	0	0
Ddrgk1	0.25	0	0.25	0.25	0	0	0	0	0.25	0	0	0.25	0.25	0.25	0	0	0	0	0.25	0	0	0	0	0	0	0.25	0.25	0.25	0.25	0.25	0	0.25	0	0
Ddx31	0	0	0	0	0	0	0	0	0	0	0	0	0	0	0	0	0	0	0	0	0	0	0	0	0	0	0.25	0.25	0.25	0.25	0	0	0	0
Ddx59	0.25	0.25	0.25	0.25	0	0	0	0	0.25	0.25	0	0.25	0.25	0.25	0	0	0	0	0.25	0	0	0	0	0	0	0	0	0.25	0.25	0.25	0	0	0	0
Dhcr24	0	0	0	0	-0.25	0	0	0	0	-0.25	0	0	0	0	-0.25	-0.25	0	0	0	-0.75	0	0	0	0	0	0	-0.25	0	0	0	0	0	0	-0.25
Dhps	0.25	0	0	0.25	0	0	0.25	0	0.25	0	0	0	0	0	0	0	0	0	0	0	0	0	0	0	0	0.25	0.25	0.25	0.25	0.25	0	0.25	0.25	0
Dlg3	0.25	0	0	0	0	0	0	0	0	0	0	0	0	0	0	0	0	0	0	0	0	0	0	0	0	0.25	0	0	0	0	0	0	0	0
Dnd1	0.25	0	0	0	0	0	0	0	0.25	0	0.25	0.25	0.25	0.25	0	0	0	0	0	0	0	0	0	0	0	0	0.25	0.25	0.25	0.25	0	0.25	0	0
Doc2g	0.25	0	0	0.25	0	0	0.25	0	0.25	0	0.25	0.25	0	0	0	0	0	0	0	0	0	0	0	0	0	0	0.25	0	0.25	0.25	0	0.25	0.25	0
Dpp3	0	0.25	0.25	0.25	0	0	0	0	0.25	0	0	0.25	0.25	0.25	0	0	0	0	0.25	0	0.25	0	0	0	0	0	0.25	0.25	0.25	0.25	0	0.25	0	0
Dsp	0	0	0	-0.25	-0.25	0	0	0	-0.25	0	0	-0.25	-0.25	-0.25	-0.25	0	0	0	0	0	0	0	0	0	0	0	-0.25	-0.25	-0.25	-0.25	-0.25	-0.25	0	0
Dus1l	0.25	0.25	0	0.25	0	0	0.25	0	0.25	0	0	0.25	0.25	0.25	0	0	0	0	0.25	0	0.25	0	0	0	0	0.25	0.25	0.25	0.25	0.25	0	0.25	0.25	0
E130309d02rik	0.25	0	0	0.25	0	0	0.25	0	0.25	0	0	0.25	0.25	0.25	0	0	0	0	0	0	0	0.25	0	0	0	0.25	0.25	0.25	0.25	0.25	0	0.25	0.25	0
E2f3	0	-0.25	-0.25	-0.25	-0.25	0	0	0	-0.25	-0.25	0	-0.25	-0.25	-0.25	-0.25	-0.25	0	0	-0.25	-0.75	0	0	-0.25	-0.25	0	0	-0.25	-0.25	-0.25	-0.25	0	-0.25	0	-0.25
E330020d12rik	0	-0.25	0	0	0	0	0	0	-0.25	-0.25	0	-0.25	0	0	-0.25	0	0	0	0	-0.75	0	0	0	0	0	0	0	0	0	0	0	0	0	0
Ebf2	0	0.25	0	0	0	0	0	0	0.25	0.25	0	0	0	0	0	0	0	0	0	0	0	0	0	0	0	0	0.25	0.25	0.25	0	0	0	0	0
Ebf3	0.25	0.25	0	0.25	0	0	0	0	0.25	0	0	0	0	0.25	0	0	0	0	0.25	0	0	0	0	0	0	0.25	0.25	0.25	0.25	0.25	0	0	0.25	0
Echs1	0	0.25	0	0.25	0	0	0.25	0	0.25	0	0	0.25	0.25	0.25	0	0	0	0	0.25	0	0	0	0	0	0	0.25	0.25	0.25	0.25	0.25	0	0.25	0.25	0
Edaradd	0	0	0	-0.25	0	0	0	0	-0.25	-0.25	0	0	0	0	0	0	0	0	0	-0.75	0	0	0	0	0	0	0	0	0	0	0	0	0	0
Eef2k	0.25	0.25	0	0.25	0	0	0.25	0	0.25	0.25	0	0.25	0.25	0.25	0	0	0	0	0.25	0	0.25	0	0	0	0	0.25	0.25	0.25	0.25	0.25	0	0.25	0.25	0
Eefsec	0	-0.25	0	-0.25	-0.25	0	0	0	0	0	0	0	0	0	-0.25	0	0	0	0	-0.75	0	0	0	0	0	0	0	0	0	0	0	0	0	0
Efr3b	0.25	0	0	0.25	0	0	0.25	0	0.25	0	0	0	0.25	0	0	0.25	0.25	0	0	0	0.25	0	0	0	0	0.25	0.25	0.25	0.25	0.25	0	0.25	0	0
Enpp1	0.25	0.25	0	0.25	0	0	0	0	0.25	0.25	0	0	0	0	0	0	0	0	0.25	0	0	0	0	0	0	0	0.25	0	0.25	0.25	0	0	0	0
Entpd3	0	0.25	0.25	0.25	0	0	0.25	0	0.25	0.25	0	0.25	0.25	0.25	0	0.25	0.25	0	0.25	0	0.25	0	0	0	0	0.25	0.25	0.25	0.25	0.25	0	0.25	0	0
Epcam	0	0	0	0	0	0	0	0	-0.25	-0.25	0	-0.25	-0.25	-0.25	0	0	0	0	-0.25	-0.75	0	0	0	0	0	0	-0.25	0	-0.25	-0.25	0	-0.25	0	0
Epha2	0.25	0.25	0	0.25	0	0	0.25	0.25	0	0	0	0	0.25	0.25	0	0	0	0	0.25	0	0.25	0	0	0	0	0.25	0.25	0.25	0.25	0.25	0	0	0	0
Eps8l3	0	0	-0.25	-0.25	0	0	0	0	0	0	0	0	0	0	0	0	0	0	-0.25	0	0	0	0	0	0	0	0	0	0	0	-0.25	0	0	0
Erc1	0.25	0.25	0.25	0.25	0	0	0.25	0	0.25	0	0	0.25	0.25	0.25	0	0	0	0	0.25	0	0	0	0	0	0	0	0.25	0.25	0.25	0.25	0	0.25	0.25	0
Eri2	0.25	0.25	0	0.25	0	0	0	0	0.25	0	0	0	0	0	0	0	0	0	0	0	0	0	0	0	0	0.25	0.25	0	0.25	0.25	0	0	0	0
Espl1	0	0	0	-0.25	-0.25	0	0	0	-0.25	0	0	0	0	0	-0.25	-0.25	0	-0.25	0	-0.75	0	0	-0.25	-0.25	-0.25	0	-0.25	-0.25	-0.25	-0.25	-0.25	0	0	0
Esrp1	0	-0.25	0	-0.25	-0.25	0	0	0	-0.25	0	0	0	0	0	0	0	0	0	-0.25	0	0	0	0	0	0	0	-0.25	0	-0.25	-0.25	0	0	0	0
Ets1	0	0.25	0	0.25	0	0	0.25	0.25	0.25	0.25	0	0.25	0.25	0.25	0	0.25	0	0	0.25	0	0.25	0	0	0	0	0.25	0.25	0.25	0.25	0.25	0	0.25	0	0
Exd1	0	-0.25	-0.25	-0.25	-0.25	0	0	0	-0.25	-0.25	0	-0.25	-0.25	-0.25	0	-0.25	0	-0.25	-0.25	0	0	0	-0.25	0	0	0	-0.25	0	-0.25	-0.25	0	-0.25	0	-0.25
Ext2	0.25	0.25	0	0.25	0	0	0	0	0	0	0	0	0	0	0	0	0	0	0.25	0	0.25	0	0	0	0	0.25	0	0	0	0	0	0	0.25	0
Fabp5	0.25	0	0	0.25	0	0	0	0	0	0	0	0	0	0.25	0	0.25	0	0	0	0	0.25	0	0	0	0	0.25	0.25	0.25	0.25	0	0	0	0	0
Fam136a	0	-0.25	-0.25	-0.25	-0.25	-0.25	0	0	-0.25	0	0	-0.25	-0.25	-0.25	-0.25	0	0	0	-0.25	-0.75	0	0	-0.25	0	0	0	-0.25	-0.25	-0.25	-0.25	-0.25	-0.25	0	-0.25
Fam149a	0.25	0.25	0	0.25	0	0	0.25	0	0.25	0	0	0	0	0.25	0	0	0	0	0.25	0	0	0	0	0	0	0.25	0.25	0.25	0.25	0.25	0	0.25	0	0
Fam19a3	0	0	0	-0.25	-0.25	0	0	0	-0.25	0	0	-0.25	-0.25	-0.25	-0.25	0	0	0	0	0	0	0	0	0	0	0	-0.25	-0.25	-0.25	-0.25	-0.25	-0.25	0	-0.25
Fam57a	0	-0.25	0	-0.25	-0.25	-0.25	0	0	-0.25	0	0	0	0	-0.25	0	0	0	0	-0.25	-0.75	0	0	-0.25	0	0	0	-0.25	0	-0.25	-0.25	0	0	0	-0.25
Fam60a	0	-0.25	-0.25	-0.25	-0.25	-0.25	0	0	-0.25	0	0	0	0	0	-0.25	0	0	0	-0.25	-0.75	0	0	-0.25	-0.25	0	0	-0.25	-0.25	-0.25	-0.25	-0.25	-0.25	0	-0.25
Fam78b	0	0	0.25	0.25	0	0	0.25	0	0	0	0	0	0	0	0	0	0	0	0	0	0	0	0	0	0	0	0.25	0	0	0	0	0	0	0
Fam86	0	0	0	-0.25	-0.25	0	0	0	-0.25	0	0	0	0	0	-0.25	-0.25	0	0	0	0	0	0	0	-0.25	-0.25	0	-0.25	-0.25	-0.25	-0.25	0	-0.25	0	0
Fam98a	0	-0.25	-0.25	-0.25	0	0	0	0	0	0	0	0	-0.25	0	0	0	0	0	-0.25	-0.75	0	0	0	0	0	0	0	-0.25	0	0	0	0	0	0
Fancd2	0.25	0.25	0.25	0.25	0	0	0	0	0	0	0	0	0	0	0	0	0	0	0.25	0	0	0	0	0	0	0	0.25	0	0.25	0.25	0	0	0	0
Fbxo8	0	0	0	-0.25	-0.25	0	0	0	-0.25	-0.25	0	0	0	0	-0.25	0	0	0	0	-0.75	0	0	0	-0.25	-0.25	0	-0.25	-0.25	-0.25	0	0	0	0	0
Fcer2a	0.25	0	0.25	0.25	0	0	0	0	0	0	0	0	0	0	0	0	0	0	0.25	0	0	0	0	0	0	0.25	0.25	0	0.25	0	0	0	0.25	0
Fchsd1	0.25	0.25	0.25	0.25	0	0	0.25	0	0.25	0	0.25	0.25	0.25	0.25	0	0	0	0	0.25	0	0	0	0	0	0	0	0.25	0.25	0.25	0.25	0	0.25	0.25	0
Fcrla	0.25	0	0	0.25	0	0	0	0	0.25	0	0	0	0	0	0	0	0	0	0	0	0	0	0	0	0	0.25	0.25	0.25	0.25	0.25	0	0.25	0	0
Fgd1	0.25	0	0	0	0	0	0	0	0	0	0	0.25	0.25	0.25	0	0	0	0	0	0	0	0	0	0	0	0	0.25	0	0	0	0	0.25	0	0
Fgf18	0	0	0	-0.25	0	0	0	0	0	0	0	0	0	0	0	0	0	0	0	0	0	0	0	0	0	0	0	0	0	0	-0.25	0	0	0
Fkbp5	0	-0.25	0	-0.25	-0.25	0	0	0	-0.25	0	0	-0.25	0	0	-0.25	0	0	0	-0.25	-0.75	0	0	-0.25	-0.25	-0.25	0	-0.25	-0.25	-0.25	-0.25	0	-0.25	0	0
Fmnl3	0.25	0.25	0.25	0.25	0	0	0	0	0.25	0	0	0.25	0	0.25	0	0	0	0	0.25	0	0.25	0	0	0	0	0.25	0.25	0.25	0.25	0.25	0	0	0.25	0
Fndc5	0	0	0	-0.25	-0.25	-0.25	0	0	0	0	0	-0.25	-0.25	-0.25	0	0	0	0	0	-0.75	0	0	0	0	0	0	-0.25	0	-0.25	0	0	-0.25	0	0
Foxm1	0.25	0.25	0	0.25	0	0	0.25	0.25	0.25	0	0.25	0.25	0.25	0.25	0	0.25	0.25	0	0	0	0	0	0	0	0	0	0.25	0.25	0.25	0.25	0	0.25	0	0
Fpgs	0.25	0	0	0.25	0	0	0.25	0	0.25	0	0.25	0.25	0.25	0.25	0	0.25	0	0	0	0	0	0	0	0	0	0.25	0.25	0.25	0.25	0.25	0	0.25	0.25	0
Fxn	0.25	0.25	0.25	0.25	0	0	0.25	0	0	0	0	0	0	0	0	0.25	0	0	0.25	0	0	0	0	0	0	0.25	0.25	0	0.25	0	0	0.25	0	0
Gabarapl1	0.25	0	0	0.25	0	0	0.25	0	0.25	0	0	0.25	0.25	0	0	0	0	0	0	0	0.25	0	0	0	0	0.25	0.25	0.25	0.25	0.25	0	0.25	0	0
Gar1	0	-0.25	-0.25	-0.25	-0.25	-0.25	0	0	0	0	0	0	0	0	-0.25	0	0	0	-0.25	-0.75	0	0	-0.25	0	0	0	-0.25	-0.25	-0.25	-0.25	-0.25	0	0	-0.25
Gls2	0.25	0	0	0.25	0	0	0.25	0	0.25	0	0.25	0	0.25	0.25	0	0	0.25	0	0	0	0.25	0	0	0	0	0.25	0.25	0.25	0.25	0.25	0	0	0.25	0
Gm11545	0	0	0	-0.25	0	0	0	0	-0.25	0	0	-0.25	-0.25	-0.25	0	0	0	0	0	0	0	0	0	0	0	0	-0.25	-0.25	-0.25	0	0	-0.25	0	-0.25
Gm14446	0	0	0	0	-0.25	0	0	0	-0.25	-0.25	0	0	0	0	0	0	0	0	-0.25	-0.75	0	0	0	0	0	0	0	0	0	0	0	0	0	0
Gm15760	0.25	0	0.25	0.25	0	0	0	0	0.25	0.25	0	0.25	0.25	0.25	0	0	0	0	0.25	0	0	0	0	0	0	0.25	0.25	0.25	0.25	0.25	0	0.25	0	0
Gm5129	0	-0.25	0	-0.25	-0.25	-0.25	0	0	-0.25	-0.25	0	0	0	0	0	0	0	0	0	-0.75	0	0	0	0	-0.25	0	0	0	0	-0.25	0	0	0	0
Gmcl1	0	-0.25	-0.25	-0.25	0	0	0	0	0	0	0	0	0	0	0	0	0	0	-0.25	0	0	0	0	0	0	0	-0.25	0	-0.25	-0.25	0	0	0	0
Gnat1	0.25	0	0	0.25	0	0	0.25	0	0.25	0	0	0.25	0.25	0.25	0	0	0	0	0.25	0	0	0	0	0	0	0.25	0.25	0.25	0.25	0.25	0	0.25	0	0
Gng4	0.25	0	0	0.25	0	0	0.25	0.25	0	0	0	0	0	0	0	0	0	0	0	0	0	0	0	0	0	0	0	0	0.25	0.25	0	0	0	0
Golm1	0	0	0	-0.25	-0.25	-0.25	0	0	0	0	0	0	0	0	-0.25	0	0	0	0	-0.75	0	0	0	0	0	0	0	0	0	0	0	0	0	0
Gpatch4	0	-0.25	-0.25	-0.25	-0.25	-0.25	0	0	-0.25	0	0	-0.25	-0.25	-0.25	0	0	0	0	-0.25	-0.75	0	0	0	0	0	0	-0.25	-0.25	-0.25	-0.25	0	-0.25	0	-0.25
Gpr128	0	0	-0.25	-0.25	-0.25	-0.25	0	0	-0.25	0	0	-0.25	-0.25	-0.25	0	0	0	0	-0.25	-0.75	0	0	-0.25	0	0	0	-0.25	-0.25	-0.25	-0.25	-0.25	-0.25	0	-0.25
Gpr141	0	0	0	-0.25	-0.25	0	0	0	0	0	0	0	0	0	0	-0.25	0	0	0	-0.75	0	0	0	-0.25	-0.25	0	0	-0.25	0	-0.25	0	0	0	0
Gpr176	0.25	0	0	0.25	0	0	0	0	0	0	0	0	0	0	0	0	0	0	0.25	0	0	0	0	0	0	0	0.25	0.25	0	0	0	0	0	0
Gpr33	0	0	0	0	0	0	0	0	0.25	0.25	0	0	0	0	0	0	0	0	0	0	0.25	0	0	0	0	0	0	0.25	0	0	0	0	0	0
Gpr4	0	0.25	0.25	0.25	0	0	0.25	0	0.25	0.25	0.25	0.25	0.25	0.25	0	0.25	0	0	0	0	0.25	0.25	0	0	0	0.25	0.25	0.25	0.25	0.25	0	0.25	0.25	0
Grap	0.25	0	0	0	0	0	0	0	0	0	0	0	0	0	0	0	0	0	0	0	0	0	0	0	0	0	0	0	0	0	0	0	0	0
Grk4	0.25	0	0	0.25	0	0	0.25	0	0.25	0	0	0.25	0.25	0.25	0	0	0	0	0	0	0.25	0	0	0	0	0.25	0.25	0.25	0.25	0.25	0	0.25	0	0
Grrp1	0.25	0	0	0.25	0	0	0	0	0.25	0	0	0	0	0	0	0	0	0	0	0	0	0	0	0	0	0.25	0.25	0.25	0.25	0.25	0	0.25	0.25	0
Gss	0	0.25	0.25	0.25	0	0	0.25	0	0.25	0	0	0.25	0.25	0.25	0	0	0	0	0.25	0	0	0	0	0	0	0	0.25	0.25	0.25	0.25	0	0.25	0	0
Gstcd	0	-0.25	0	-0.25	-0.25	-0.25	0	0	-0.25	-0.25	0	0	0	0	-0.25	-0.25	0	0	0	-0.75	0	0	-0.25	0	0	0	-0.25	0	-0.25	-0.25	-0.25	-0.25	0	0
Gstt3	0.25	0.25	0.25	0.25	0	0	0.25	0	0.25	0.25	0	0	0.25	0	0	0.25	0.25	0	0	0	0.25	0	0	0	0	0.25	0.25	0.25	0.25	0.25	0	0.25	0.25	0
Gtf2h3	0	0	0	-0.25	0	0	0	0	0	0	0	0	0	0	0	0	0	0	0	0	0	0	0	0	0	0	0	0	0	0	0	0	0	0
Guca2a	0	0	0	0	-0.25	0	0	0	0	0	0	0	0	0	0	0	0	0	0	0	0	0	0	0	0	0	0	0	0	0	0	0	0	0
Gys1	0.25	0.25	0.25	0.25	0	0	0.25	0.25	0.25	0.25	0	0.25	0.25	0.25	0	0.25	0.25	0	0.25	0	0.25	0	0	0	0	0.25	0.25	0.25	0.25	0.25	0	0.25	0.25	0
H2-ke6	0.25	0.25	0.25	0.25	0	0	0	0	0.25	0	0	0.25	0.25	0.25	0	0	0	0	0.25	0	0	0	0	0	0	0	0.25	0.25	0.25	0.25	0	0.25	0.25	0
Hagh	0.25	0.25	0	0.25	0	0	0.25	0	0.25	0.25	0	0.25	0.25	0.25	0	0.25	0.25	0	0	0	0.25	0	0	0	0	0	0.25	0.25	0.25	0.25	0	0.25	0.25	0
Havcr1	0.25	0	0	0	0	0	0.25	0	0	0	0	0	0	0	0	0	0	0	0	0	0	0	0	0	0	0	0	0	0	0	0	0	0	0
Hdac10	0.25	0	0	0.25	0	0	0	0	0.25	0	0	0	0	0	0	0	0	0	0	0	0	0	0	0	0	0	0.25	0.25	0	0.25	0	0	0	0
Hddc2	0	0	0.25	0	0	0	0	0	0	0	0	0	0.25	0	0	0	0	0	0	0	0	0	0	0	0	0	0.25	0.25	0.25	0	0	0	0	0
Hepacam2	0.25	0	0.25	0.25	0	0	0.25	0	0.25	0.25	0	0	0	0	0	0.25	0	0	0	0	0.25	0	0	0	0	0.25	0.25	0	0	0	0	0	0	0
Hes7	0	0	-0.25	-0.25	-0.25	0	0	0	0	0	0	0	-0.25	0	-0.25	0	0	0	-0.25	-0.75	0	0	0	0	0	0	-0.25	-0.25	-0.25	-0.25	-0.25	0	0	-0.25
Hic1	0	-0.25	-0.25	-0.25	-0.25	0	0	0	-0.25	-0.25	0	-0.25	-0.25	-0.25	0	-0.25	0	-0.25	-0.25	-0.75	0	0	-0.25	-0.25	-0.25	0	-0.25	-0.25	-0.25	-0.25	-0.25	-0.25	0	-0.25
Hint2	0.25	0	0	0.25	0	0	0.25	0	0.25	0.25	0	0.25	0.25	0.25	0	0.25	0.25	0	0	0	0.25	0	0	0	0	0.25	0.25	0.25	0.25	0.25	0	0.25	0	0
Hist1h2ak	0	-0.25	-0.25	0	0	0	0	0	0	0	0	0	0	0	0	0	0	0	0	0	0	0	0	0	0	0	0	-0.25	0	0	0	-0.25	0	0
Hmbs	0.25	0.25	0.25	0.25	0	0	0.25	0	0.25	0	0.25	0	0	0.25	0	0.25	0.25	0	0.25	0	0	0.25	0	0	0	0	0.25	0.25	0.25	0.25	0	0	0	0
Hmmr	0.25	0.25	0	0.25	0	0	0.25	0	0.25	0.25	0	0	0	0	0	0.25	0	0	0.25	0	0.25	0	0	0	0	0.25	0.25	0.25	0	0.25	0	0.25	0.25	0
Hnrnph3	0	-0.25	-0.25	-0.25	0	0	0	0	-0.25	0	0	-0.25	-0.25	-0.25	-0.25	0	0	0	-0.25	-0.75	0	0	-0.25	-0.25	-0.25	0	-0.25	-0.25	-0.25	-0.25	0	-0.25	0	-0.25
Hoxa7	0.25	0.25	0	0.25	0	0	0	0	0	0	0	0	0	0	0	0.25	0	0	0.25	0	0.25	0	0	0	0	0.25	0.25	0.25	0	0.25	0	0	0	0
Hpgd	0	0	0	0	-0.25	-0.25	0	0	-0.25	-0.25	0	0	0	0	0	0	0	0	-0.25	0	0	0	0	-0.25	0	0	-0.25	-0.25	0	-0.25	0	-0.25	0	-0.25
Hps1	0.25	0.25	0	0.25	0	0	0	0	0.25	0	0	0.25	0.25	0.25	0	0	0	0	0.25	0	0	0	0	0	0	0.25	0.25	0.25	0.25	0.25	0	0.25	0	0
Hrc	0.25	0.25	0.25	0.25	0	0	0.25	0.25	0.25	0	0.25	0	0.25	0.25	0	0	0	0	0.25	0	0	0	0	0	0	0.25	0.25	0.25	0.25	0.25	0	0.25	0	0
Hspb6	0.25	0.25	0.25	0.25	0	0	0	0	0.25	0	0.25	0.25	0.25	0.25	0	0	0	0	0.25	0	0.25	0	0	0	0	0	0.25	0.25	0.25	0.25	0	0.25	0	0
Htr2a	0.25	0	0	0	0	0	0.25	0	0	0	0	0	0	0	0	0	0	0	0	0	0	0	0	0	0	0.25	0	0	0	0	0	0	0	0
Hyal2	0.25	0	0	0.25	0	0	0.25	0	0.25	0.25	0	0	0	0.25	0	0	0	0	0	0	0	0	0	0	0	0.25	0.25	0.25	0.25	0	0	0.25	0	0
Ica1	0.25	0	0	0.25	0	0	0.25	0	0.25	0.25	0	0	0	0	0	0	0	0	0	0	0	0	0	0	0	0	0	0	0	0	0	0.25	0	0
Icos	0	0	0	0.25	0	0	0	0	0.25	0.25	0	0	0	0	0	0	0	0	0	0	0	0	0	0	0	0	0	0	0	0	0	0	0	0
Ido1	0	0	0	0	0	0	0	0	0.25	0.25	0	0.25	0	0	0	0	0	0	0	0	0	0	0	0	0	0.25	0.25	0.25	0	0	0	0	0	0
Ifit2	0	-0.25	-0.25	-0.25	0	0	0	0	0	0	0	0	0	0	0	-0.25	0	0	0	-0.75	0	0	0	-0.25	0	0	0	0	0	-0.25	0	0	0	0
Ifitm1	0	0	0	0	0	0	0.25	0	0	0	0	0	0	0	0	0	0	0	0	0	0	0	0	0	0	0	0	0	0	0	0	0	0	0
Ift172	0	0	0	0.25	0	0	0.25	0	0	0	0	0	0	0	0	0	0	0	0.25	0	0	0	0	0	0	0	0	0	0	0	0	0.25	0.25	0
Ighmbp2	0.25	0	0	0	0	0	0	0	0	0	0	0	0	0	0	0	0	0	0	0	0	0	0	0	0	0.25	0	0	0	0	0	0	0	0
Ikbip	0	-0.25	0	-0.25	-0.25	0	0	0	-0.25	0	0	-0.25	-0.25	-0.25	-0.25	0	0	0	-0.25	-0.75	0	0	0	0	0	0	-0.25	-0.25	-0.25	-0.25	-0.25	-0.25	0	-0.25
Ikzf3	0.25	0	0.25	0.25	0	0	0.25	0	0.25	0	0	0.25	0.25	0.25	0	0	0	0	0.25	0	0	0	0	0	0	0.25	0.25	0.25	0.25	0.25	0	0.25	0	0
Il15ra	0	0	0	0.25	0	0	0.25	0	0.25	0.25	0	0	0	0	0	0.25	0	0	0	0	0	0	0	0	0	0	0	0	0	0.25	0	0	0	0
Itga6	0.25	0.25	0.25	0.25	0	0	0.25	0	0.25	0	0	0.25	0.25	0.25	0	0	0	0	0.25	0	0	0	0	0	0	0.25	0.25	0.25	0.25	0.25	0	0.25	0.25	0
Itgae	0.25	0	0	0.25	0	0	0.25	0	0.25	0	0	0	0	0	0	0	0	0	0	0	0	0	0	0	0	0.25	0	0	0	0	0	0.25	0	0
Itgb4	0.25	0.25	0	0.25	0	0	0	0.25	0.25	0	0	0.25	0.25	0.25	0	0	0	0	0.25	0	0	0	0	0	0	0.25	0.25	0.25	0.25	0.25	0	0.25	0.25	0
Jag2	0.25	0.25	0	0.25	0	0	0	0	0.25	0	0	0.25	0.25	0.25	0	0	0	0	0.25	0	0.25	0.25	0	0	0	0.25	0.25	0.25	0.25	0.25	0	0.25	0.25	0
Jam3	0.25	0	0	0	0	0	0	0	0	0	0	0	0	0	0	0	0	0	0	0	0	0.25	0	0	0	0.25	0	0	0	0	0	0	0.25	0
Kbtbd8	0	-0.25	0	-0.25	-0.25	0	0	0	-0.25	-0.25	0	0	0	0	0	-0.25	0	-0.25	-0.25	-0.75	0	0	0	0	-0.25	0	-0.25	0	0	-0.25	0	-0.25	0	0
Kcnh4	0	-0.25	-0.25	-0.25	-0.25	-0.25	0	0	0	0	0	-0.25	0	-0.25	0	-0.25	0	0	-0.25	0	0	0	-0.25	0	0	0	-0.25	-0.25	-0.25	-0.25	0	-0.25	0	-0.25
Kcnj10	0	0	0	-0.25	-0.25	0	0	0	-0.25	0	0	-0.25	-0.25	-0.25	-0.25	-0.25	0	0	-0.25	0	0	0	0	0	0	0	-0.25	-0.25	-0.25	-0.25	-0.25	-0.25	0	-0.25
Kcnk6	0	-0.25	-0.25	-0.25	-0.25	0	0	0	-0.25	-0.25	0	-0.25	-0.25	-0.25	0	0	0	0	0	-0.75	0	0	-0.25	0	0	0	-0.25	-0.25	-0.25	-0.25	0	-0.25	0	0
Kcnq1	0.25	0	0	0.25	0	0	0.25	0	0.25	0	0.25	0	0	0.25	0	0	0	0	0	0	0	0	0	0	0	0.25	0.25	0	0.25	0.25	0	0.25	0.25	0
Keap1	0.25	0.25	0.25	0.25	0	0	0	0	0.25	0.25	0	0	0	0	0	0.25	0.25	0	0	0	0.25	0	0	0	0	0.25	0.25	0.25	0.25	0.25	0	0	0	0
Khk	0.25	0	0	0.25	0	0	0	0	0.25	0	0	0	0	0	0	0.25	0	0	0	0	0.25	0	0	0	0	0.25	0.25	0	0.25	0	0	0	0.25	0
Kit	0.25	0.25	0.25	0	0	0	0.25	0	0.25	0.25	0.25	0.25	0.25	0.25	0	0.25	0.25	0	0	0	0.25	0	0	0	0	0.25	0.25	0.25	0.25	0.25	0	0.25	0	0
Klhl28	0	0	0	-0.25	-0.25	0	0	0	-0.25	0	0	-0.25	-0.25	-0.25	-0.25	0	0	0	0	0	0	0	0	0	0	0	-0.25	-0.25	-0.25	-0.25	-0.25	-0.25	0	0
Klk8	0.25	0	0	0.25	0	0	0	0	0.25	0	0	0.25	0.25	0.25	0	0	0	0	0	0	0	0	0	0	0	0	0.25	0.25	0.25	0.25	0	0.25	0	0
Klrk1	0	0	0	0	0	0	0	0	-0.25	-0.25	0	0	0	0	0	0	0	0	0	-0.75	0	0	0	0	0	0	0	0	0	0	0	0	0	0
Kremen1	0.25	0	0.25	0.25	0	0	0	0	0.25	0	0	0.25	0.25	0.25	0	0	0	0	0.25	0	0.25	0	0	0	0	0.25	0.25	0.25	0.25	0.25	0	0.25	0.25	0
Krt8	0	0	0	0	0	0	0	0	0	0	0	0	0	0	0	0	0	0	0	0	0	0	0	0	0	0	0	0	0	0	-0.25	0	0	0
Large	0.25	0	0	0.25	0	0	0	0	0.25	0.25	0	0	0	0	0	0	0	0	0.25	0	0.25	0	0	0	0	0.25	0.25	0.25	0.25	0.25	0	0	0.25	0
Lcmt2	0	0	0	0.25	0	0	0.25	0	0	0	0	0	0	0	0	0	0	0	0	0	0	0	0	0	0	0	0.25	0.25	0.25	0.25	0	0	0	0
Lekr1	0	-0.25	-0.25	-0.25	-0.25	0	0	0	-0.25	-0.25	0	-0.25	-0.25	0	-0.25	0	0	0	0	-0.75	0	0	-0.25	-0.25	-0.25	0	-0.25	-0.25	-0.25	-0.25	0	0	0	-0.25
Lgi4	0.25	0	0	0.25	0	0	0	0	0	0	0	0.25	0	0.25	0	0	0	0	0	0	0	0	0	0	0	0.25	0	0	0	0	0	0.25	0	0
Lhx6	0	0	0	0	0	0	0.25	0	0	0	0	0	0	0	0	0	0	0	0	0	0	0	0	0	0	0	0	0	0	0	0	0	0	0
Lpin1	0	0	0	-0.25	-0.25	-0.25	0	0	-0.25	0	0	-0.25	-0.25	-0.25	0	0	0	0	-0.25	-0.75	0	0	0	0	0	0	-0.25	-0.25	-0.25	-0.25	-0.25	-0.25	0	0
Lrrc3	0	0	0	0.25	0	0	0.25	0	0.25	0	0	0.25	0.25	0.25	0	0	0	0	0	0	0	0	0	0	0	0.25	0.25	0.25	0.25	0.25	0	0.25	0.25	0
Lrrc32	0.25	0	0	0.25	0	0	0	0	0.25	0	0.25	0.25	0.25	0.25	0	0	0	0	0	0	0	0	0	0	0	0.25	0.25	0	0.25	0.25	0	0.25	0.25	0
Lrrc4	0	0	0	0	0	0	0.25	0	0.25	0.25	0	0	0	0	0	0	0	0	0	0	0	0	0	0	0	0	0	0	0	0	0	0	0	0
Ly75	0.25	0.25	0.25	0.25	0	0	0.25	0.25	0.25	0.25	0	0.25	0	0.25	0	0.25	0.25	0	0	0	0.25	0	0	0	0	0.25	0.25	0.25	0.25	0.25	0	0.25	0.25	0
Lypd3	0	0	0	-0.25	0	0	0	0	-0.25	0	0	-0.25	-0.25	-0.25	0	0	0	0	0	0	0	0	0	0	0	0	-0.25	-0.25	-0.25	-0.25	-0.25	-0.25	0	0
Maml2	0	0	0	0.25	0	0	0	0	0	0	0	0	0	0	0	0	0	0	0	0	0	0	0	0	0	0	0	0	0	0	0	0	0	0
Maml3	0.25	0.25	0.25	0.25	0	0	0.25	0	0.25	0.25	0	0	0.25	0	0	0.25	0.25	0	0.25	0	0.25	0	0	0	0	0.25	0.25	0.25	0.25	0.25	0	0.25	0.25	0
Mamstr	0	0	-0.25	-0.25	-0.25	0	0	0	-0.25	-0.25	0	-0.25	-0.25	-0.25	-0.25	-0.25	0	0	-0.25	-0.75	0	0	0	0	0	0	-0.25	-0.25	-0.25	-0.25	-0.25	-0.25	0	-0.25
Mapk11	0	0	0.25	0.25	0	0	0.25	0	0.25	0	0	0.25	0.25	0.25	0	0	0	0	0	0	0	0	0	0	0	0	0.25	0.25	0.25	0.25	0	0.25	0	0
March2	0.25	0.25	0.25	0.25	0	0	0.25	0	0.25	0	0.25	0.25	0.25	0.25	0	0.25	0	0	0.25	0	0.25	0	0	0	0	0.25	0.25	0	0.25	0.25	0	0.25	0.25	0
Mast4	0.25	0	0	0.25	0	0	0.25	0	0.25	0.25	0	0	0.25	0	0	0	0	0	0.25	0	0	0	0	0	0	0.25	0.25	0.25	0.25	0.25	0	0.25	0	0
Mcee	0.25	0.25	0	0.25	0	0	0	0	0.25	0	0.25	0.25	0.25	0.25	0	0	0	0	0.25	0	0	0	0	0	0	0.25	0.25	0.25	0.25	0.25	0	0.25	0.25	0
Mcm2	0.25	0.25	0.25	0.25	0	0	0.25	0.25	0.25	0	0	0.25	0.25	0.25	0	0	0	0	0.25	0	0.25	0	0	0	0	0.25	0.25	0.25	0.25	0.25	0	0.25	0.25	0
Mcm5	0.25	0.25	0	0	0	0	0.25	0	0	0.25	0	0	0	0	0	0.25	0	0	0	0	0	0	0	0	0	0.25	0.25	0.25	0	0	0	0	0	0
Mecom	0.25	0	0	0.25	0	0	0	0	0.25	0	0	0	0	0	0	0	0	0	0	0	0	0	0	0	0	0	0	0	0	0	0	0	0	0
Mex3a	0.25	0.25	0.25	0.25	0	0	0.25	0	0	0	0	0	0	0	0	0.25	0	0	0	0	0	0.25	0	0	0	0.25	0.25	0.25	0.25	0.25	0	0.25	0.25	0
Mex3b	0.25	0.25	0.25	0.25	0	0	0	0	0.25	0.25	0	0.25	0.25	0.25	0	0	0	0	0.25	0	0	0	0	0	0	0.25	0.25	0.25	0.25	0.25	0	0.25	0.25	0
Mfsd2a	0	0	0	0.25	0	0	0.25	0	0.25	0.25	0	0.25	0.25	0.25	0	0.25	0	0	0.25	0	0.25	0	0	0	0	0.25	0.25	0.25	0.25	0.25	0	0.25	0	0
Mipol1	0.25	0.25	0	0.25	0	0	0.25	0	0.25	0.25	0	0.25	0.25	0.25	0	0.25	0	0	0.25	0	0.25	0	0	0	0	0.25	0.25	0.25	0.25	0.25	0	0.25	0	0
Mir155	0	0	0	0	0	0	0.25	0	0	0	0	0	0	0	0	0	0	0	0	0	0	0	0	0	0	0.25	0	0	0	0	0	0	0	0
Mndal	0	0	0	0	0	0	0	0	-0.25	-0.25	0	0	0	0	0	0	0	0	0	0	0	0	0	0	0	0	0	0	0	0	0	0	0	0
Mpi	0.25	0.25	0.25	0.25	0	0	0.25	0	0.25	0.25	0.25	0.25	0.25	0.25	0	0.25	0	0	0.25	0	0.25	0	0	0	0	0.25	0.25	0.25	0.25	0.25	0	0.25	0.25	0
Mpp4	0	0	-0.25	-0.25	-0.25	0	0	0	-0.25	0	0	-0.25	-0.25	-0.25	0	0	0	0	-0.25	0	0	0	-0.25	-0.25	-0.25	0	-0.25	-0.25	-0.25	-0.25	-0.25	-0.25	0	-0.25
Mrpl41	0.25	0	0.25	0	0	0	0	0	0	0	0	0	0	0	0	0	0	0	0	0	0	0	0	0	0	0.25	0.25	0	0.25	0	0	0	0	0
Mrpl45	0.25	0	0.25	0.25	0	0	0	0	0.25	0	0	0	0.25	0	0	0	0	0	0.25	0	0	0	0	0	0	0	0.25	0.25	0.25	0.25	0	0	0.25	0
Mrps25	0	0	0	-0.25	-0.25	0	0	0	0	0	0	0	0	0	0	0	0	0	0	0	0	0	0	0	0	0	0	0	0	0	0	0	0	0
Mrps35	0	0	0	-0.25	-0.25	-0.25	0	0	-0.25	0	0	0	0	0	-0.25	0	0	0	0	0	0	0	-0.25	-0.25	0	0	-0.25	-0.25	-0.25	-0.25	-0.25	0	0	-0.25
Ms4a1	0	0	0	0	0	0	0	0	0.25	0	0	0	0	0	0	0	0	0	0	0	0	0	0	0	0	0.25	0	0	0	0	0	0	0.25	0
Msh2	0	-0.25	-0.25	-0.25	0	0	0	0	0	-0.25	0	0	0	0	0	-0.25	0	-0.25	-0.25	0	0	0	0	0	0	0	-0.25	-0.25	0	0	0	0	0	0
Msx3	0	0	0	-0.25	-0.25	0	0	0	-0.25	0	0	-0.25	-0.25	-0.25	0	0	0	0	0	0	0	0	0	0	0	0	-0.25	-0.25	-0.25	-0.25	-0.25	-0.25	0	0
Mthfd1	0	-0.25	-0.25	-0.25	-0.25	-0.25	0	0	-0.25	-0.25	0	-0.25	-0.25	-0.25	-0.25	-0.25	0	-0.25	-0.25	-0.75	0	0	0	0	0	0	-0.25	-0.25	-0.25	-0.25	-0.25	-0.25	0	-0.25
Mtif3	0	0	0	0	0	0	0	0	0.25	0	0	0.25	0.25	0.25	0	0	0	0	0.25	0	0	0	0	0	0	0	0.25	0.25	0	0	0	0.25	0	0
Muc13	0	0	0	0	-0.25	0	0	0	-0.25	0	0	-0.25	-0.25	-0.25	0	0	0	0	0	0	0	0	0	0	0	0	-0.25	-0.25	-0.25	-0.25	0	-0.25	0	-0.25
Mum1	0.25	0.25	0	0.25	0	0	0.25	0	0.25	0	0	0.25	0.25	0.25	0	0.25	0	0	0.25	0	0.25	0	0	0	0	0.25	0.25	0.25	0.25	0.25	0	0.25	0.25	0
Mx1	0	-0.25	0	-0.25	0	0	0	0	-0.25	-0.25	0	0	0	0	0	0	0	0	0	0	0	0	0	0	0	0	-0.25	0	-0.25	0	0	0	0	0
Nadsyn1	0.25	0.25	0.25	0.25	0	0	0.25	0	0.25	0	0	0.25	0.25	0.25	0	0.25	0	0	0.25	0	0.25	0	0	0	0	0.25	0.25	0.25	0.25	0.25	0	0.25	0.25	0
Narg2	0	-0.25	-0.25	-0.25	-0.25	0	0	0	0	-0.25	0	0	0	0	0	0	0	0	0	0	0	0	0	0	0	0	0	-0.25	-0.25	0	0	0	0	-0.25
Ncaph	0.25	0.25	0.25	0.25	0	0	0.25	0	0.25	0	0	0	0.25	0.25	0	0.25	0.25	0	0.25	0	0.25	0	0	0	0	0.25	0.25	0.25	0.25	0	0	0.25	0.25	0
Nckipsd	0	-0.25	-0.25	-0.25	-0.25	-0.25	0	0	-0.25	0	0	-0.25	-0.25	-0.25	-0.25	0	0	0	-0.25	-0.75	0	0	0	0	0	0	-0.25	-0.25	-0.25	-0.25	-0.25	-0.25	0	-0.25
Ndst3	0.25	0	0	0	0	0	0	0	0	0	0	0	0	0	0	0	0	0	0	0	0	0	0	0	0	0	0	0	0	0	0	0	0	0
Ndufa8	0	0.25	0.25	0.25	0	0	0	0	0.25	0	0	0.25	0.25	0.25	0	0	0	0	0.25	0	0	0	0	0	0	0	0.25	0.25	0	0.25	0	0.25	0	0
Ndufaf3	0.25	0.25	0	0.25	0	0	0	0	0.25	0	0.25	0.25	0.25	0.25	0	0	0	0	0.25	0	0	0	0	0	0	0.25	0.25	0.25	0.25	0.25	0	0.25	0	0
Ndufb7	0.25	0.25	0.25	0.25	0	0	0	0	0	0	0	0	0	0	0	0	0	0	0.25	0	0	0	0	0	0	0	0	0	0	0	0	0	0	0
Ndufv3	0	0.25	0	0.25	0	0	0.25	0	0.25	0	0.25	0.25	0.25	0.25	0	0	0	0	0.25	0	0	0	0	0	0	0.25	0.25	0.25	0.25	0.25	0	0.25	0	0
Neil3	0.25	0.25	0.25	0	0	0	0.25	0	0.25	0	0	0.25	0.25	0.25	0	0	0	0	0	0	0	0	0	0	0	0	0.25	0.25	0.25	0.25	0	0.25	0.25	0
Nek10	0	-0.25	0	0	-0.25	0	0	0	0	-0.25	0	0	0	0	-0.25	0	0	0	0	-0.75	0	0	0	0	0	0	-0.25	0	-0.25	0	0	0	0	-0.25
Nek2	0.25	0.25	0	0	0	0	0.25	0	0	0.25	0	0.25	0.25	0	0	0.25	0.25	0	0	0	0.25	0	0	0	0	0.25	0.25	0.25	0	0	0	0.25	0	0
Ngfr	0	0	0	-0.25	-0.25	0	0	0	0	0	0	0	0	0	0	0	0	0	0	0	0	0	0	0	0	0	0	0	0	0	0	0	0	0
Nicn1	0.25	0.25	0.25	0.25	0	0	0.25	0	0	0.25	0	0.25	0.25	0	0	0.25	0	0	0.25	0	0.25	0	0	0	0	0.25	0.25	0.25	0.25	0.25	0	0.25	0	0
Nid2	0.25	0.25	0.25	0	0	0	0.25	0	0	0.25	0	0.25	0.25	0	0	0.25	0.25	0	0	0	0.25	0	0	0	0	0.25	0.25	0	0	0.25	0	0	0	0
Nme3	0	0.25	0	0.25	0	0	0.25	0	0.25	0.25	0	0.25	0.25	0.25	0	0.25	0.25	0	0.25	0	0.25	0	0	0	0	0.25	0.25	0.25	0.25	0.25	0	0.25	0.25	0
Nme7	0	0	0	0	-0.25	-0.25	0	0	-0.25	-0.25	0	-0.25	-0.25	-0.25	0	-0.25	0	-0.25	0	-0.75	0	0	0	-0.25	-0.25	0	-0.25	-0.25	-0.25	-0.25	0	-0.25	0	0
Nos3	0.25	0.25	0	0.25	0	0	0.25	0.25	0.25	0.25	0	0.25	0.25	0.25	0	0.25	0.25	0	0	0	0.25	0	0	0	0	0.25	0.25	0.25	0.25	0.25	0	0.25	0.25	0
Ntpcr	0.25	0	0	0	0	0	0	0	0.25	0	0.25	0.25	0.25	0.25	0	0	0	0	0	0	0	0	0	0	0	0.25	0.25	0.25	0.25	0.25	0	0.25	0	0
Nuak1	0.25	0.25	0	0.25	0	0	0.25	0	0.25	0	0	0.25	0.25	0.25	0	0.25	0	0	0.25	0	0	0.25	0	0	0	0.25	0.25	0.25	0.25	0.25	0	0.25	0.25	0
Nudt14	0	-0.25	0	-0.25	-0.25	0	0	0	-0.25	0	0	-0.25	-0.25	-0.25	0	0	0	0	-0.25	0	0	0	-0.25	0	0	0	-0.25	-0.25	-0.25	-0.25	-0.25	-0.25	0	-0.25
Nudt8	0.25	0	0	0.25	0	0	0.25	0	0.25	0	0.25	0.25	0	0	0	0	0	0	0	0	0	0	0	0	0	0	0.25	0	0.25	0.25	0	0.25	0.25	0
Nup37	0	-0.25	0	0	-0.25	-0.25	0	0	0	0	0	0	0	0	0	-0.25	0	0	0	0	0	0	0	0	0	0	0	0	0	0	0	0	0	0
Nup85	0	-0.25	-0.25	-0.25	0	0	0	0	-0.25	-0.25	0	0	0	0	-0.25	-0.25	0	-0.25	-0.25	-0.75	0	0	0	-0.25	-0.25	0	0	0	0	0	0	-0.25	0	0
Osgin1	0.25	0	0	0.25	0	0	0.25	0	0.25	0	0	0	0	0	0	0	0	0	0	0	0	0	0	0	0	0	0.25	0.25	0.25	0.25	0	0	0	0
Ovca2	0	-0.25	-0.25	-0.25	-0.25	0	0	0	-0.25	-0.25	0	-0.25	-0.25	-0.25	0	-0.25	0	-0.25	-0.25	-0.75	0	0	-0.25	-0.25	-0.25	0	-0.25	-0.25	-0.25	-0.25	-0.25	-0.25	0	-0.25
Padi4	0.25	0	0	0.25	0	0	0	0	0	0	0	0	0	0	0	0	0	0	0	0	0	0	0	0	0	0.25	0	0	0	0	0	0	0.25	0
Palld	0.25	0.25	0	0.25	0	0	0.25	0.25	0.25	0.25	0	0	0	0.25	0	0.25	0.25	0	0.25	0	0.25	0	0	0	0	0.25	0.25	0.25	0.25	0.25	0	0.25	0	0
Pax5	0.25	0.25	0	0	0	0	0	0	0	0	0	0	0	0	0	0	0	0	0	0	0	0	0	0	0	0.25	0	0	0	0	0	0	0	0
Pcdh1	0.25	0.25	0.25	0.25	0	0	0.25	0	0.25	0	0	0	0	0	0	0	0	0	0.25	0	0	0	0	0	0	0.25	0.25	0.25	0.25	0.25	0	0	0	0
Pcgf1	0.25	0	0	0.25	0	0	0.25	0	0.25	0	0	0	0	0	0	0.25	0	0	0.25	0	0	0	0	0	0	0	0.25	0.25	0.25	0.25	0	0	0	0
Pdcd2	0	0	-0.25	0	-0.25	0	0	0	-0.25	0	0	0	0	0	0	0	0	0	0	0	0	0	-0.25	0	0	0	-0.25	-0.25	-0.25	0	0	0	0	0
Pde6b	0.25	0	0.25	0.25	0	0	0	0	0	0	0	0	0	0	0	0	0	0	0.25	0	0	0	0	0	0	0.25	0	0	0	0	0	0	0	0
Pdgfb	0	0	0	-0.25	0	0	0	0	0	0	0	0	0	0	-0.25	0	0	0	-0.25	0	0	0	0	0	0	0	0	0	0	0	0	-0.25	0	0
Pdia4	0	-0.25	-0.25	-0.25	-0.25	0	0	0	-0.25	-0.25	0	-0.25	-0.25	-0.25	0	-0.25	0	-0.25	-0.25	-0.75	0	0	-0.25	0	0	0	-0.25	-0.25	-0.25	-0.25	0	-0.25	0	0
Pecam1	0.25	0	0	0.25	0	0	0.25	0.25	0.25	0.25	0	0	0	0	0	0	0	0	0	0	0.25	0	0	0	0	0.25	0	0	0	0	0	0.25	0	0
Pfpl	0	0	0	0.25	0	0	0.25	0	0.25	0	0	0	0	0	0	0	0	0	0	0	0	0	0	0	0	0.25	0	0	0	0	0	0	0	0
Pgp	0.25	0.25	0.25	0.25	0	0	0.25	0	0.25	0.25	0	0.25	0.25	0.25	0	0.25	0.25	0	0.25	0	0.25	0	0	0	0	0	0.25	0.25	0.25	0.25	0	0.25	0.25	0
Phf7	0.25	0.25	0	0.25	0	0	0.25	0	0.25	0	0	0.25	0.25	0.25	0	0	0	0	0.25	0	0	0	0	0	0	0.25	0.25	0.25	0.25	0.25	0	0.25	0.25	0
Piga	0	-0.25	0	-0.25	0	0	0	0	-0.25	0	0	0	0	0	0	-0.25	0	0	-0.25	0	0	0	0	-0.25	-0.25	0	-0.25	-0.25	0	-0.25	0	-0.25	0	-0.25
Pigb	0.25	0	0	0.25	0	0	0.25	0	0.25	0	0	0	0	0	0	0	0	0	0	0	0	0	0	0	0	0.25	0.25	0	0.25	0.25	0	0	0	0
Pik3c2b	0.25	0	0	0.25	0	0	0.25	0	0	0	0	0	0	0	0	0	0	0	0	0	0	0	0	0	0	0.25	0.25	0.25	0.25	0.25	0	0	0	0
Plekhn1	0	0.25	0.25	0.25	0	0	0	0	0.25	0	0	0.25	0.25	0.25	0	0.25	0	0	0	0	0.25	0	0	0	0	0	0.25	0.25	0.25	0.25	0	0.25	0	0
Plin4	0.25	0.25	0.25	0.25	0	0	0.25	0	0.25	0	0	0.25	0.25	0	0	0	0.25	0	0.25	0	0.25	0	0	0	0	0.25	0.25	0.25	0	0.25	0	0.25	0	0
Plxdc1	0.25	0	0.25	0.25	0	0	0.25	0	0.25	0.25	0	0.25	0.25	0	0	0.25	0.25	0	0.25	0	0.25	0	0	0	0	0.25	0.25	0.25	0.25	0.25	0	0	0.25	0
Pola2	0.25	0	0.25	0.25	0	0	0.25	0	0.25	0.25	0	0.25	0.25	0.25	0	0	0	0	0.25	0	0	0	0	0	0	0.25	0.25	0.25	0.25	0.25	0	0.25	0	0
Pold1	0.25	0	0	0.25	0	0	0	0	0.25	0.25	0.25	0.25	0.25	0.25	0	0	0	0	0.25	0	0.25	0.25	0	0	0	0.25	0.25	0.25	0.25	0.25	0	0.25	0	0
Pole	0.25	0.25	0	0.25	0	0	0.25	0	0.25	0.25	0	0.25	0.25	0.25	0	0.25	0.25	0	0.25	0	0.25	0	0	0	0	0.25	0.25	0.25	0.25	0.25	0	0.25	0.25	0
Polr1e	0.25	0.25	0.25	0.25	0	0	0.25	0.25	0.25	0	0.25	0.25	0.25	0.25	0	0.25	0	0	0	0	0	0	0	0	0	0.25	0.25	0.25	0.25	0.25	0	0.25	0	0
Polr3f	0	0	0	-0.25	0	0	0	0	-0.25	0	0	-0.25	-0.25	-0.25	0	0	0	0	0	0	0	0	0	0	-0.25	0	-0.25	-0.25	-0.25	0	0	-0.25	0	0
Pop5	0.25	0	0.25	0.25	0	0	0	0	0.25	0	0	0	0	0	0	0	0	0	0.25	0	0.25	0	0	0	0	0.25	0.25	0.25	0.25	0	0	0	0	0
Pou6f1	0.25	0.25	0	0.25	0	0	0	0	0.25	0	0	0	0	0	0	0	0	0	0.25	0	0.25	0	0	0	0	0.25	0.25	0.25	0.25	0.25	0	0	0.25	0
Ppa1	0	-0.25	-0.25	-0.25	-0.25	0	0	0	-0.25	-0.25	0	-0.25	-0.25	-0.25	-0.25	0	0	0	-0.25	0	0	0	0	0	0	0	-0.25	-0.25	-0.25	-0.25	-0.25	-0.25	0	-0.25
Ppih	0	-0.25	-0.25	-0.25	-0.25	-0.25	0	0	0	0	0	-0.25	-0.25	-0.25	-0.25	-0.25	0	0	0	-0.75	0	0	-0.25	0	0	0	-0.25	-0.25	-0.25	-0.25	-0.25	-0.25	0	-0.25
Ppp1r13l	0.25	0	0.25	0.25	0	0	0.25	0	0.25	0	0.25	0.25	0.25	0.25	0	0.25	0	0	0.25	0	0.25	0.25	0	0	0	0.25	0.25	0.25	0.25	0.25	0	0.25	0.25	0
Ppp1r16b	0.25	0	0	0.25	0	0	0.25	0	0.25	0.25	0.25	0.25	0.25	0.25	0	0.25	0	0	0	0	0.25	0	0	0	0	0.25	0.25	0.25	0.25	0.25	0	0.25	0.25	0
Ppp1r8	0	0	-0.25	-0.25	0	0	0	0	0	0	0	0	0	0	-0.25	0	0	0	-0.25	-0.75	0	0	0	0	0	0	-0.25	0	0	-0.25	0	0	0	0
Ppp2r5e	0	-0.25	0	-0.25	-0.25	0	0	0	-0.25	0	0	0	0	0	0	0	0	0	-0.25	-0.75	0	0	-0.25	0	0	0	-0.25	-0.25	-0.25	-0.25	0	-0.25	0	-0.25
Prkca	0	0	0	-0.25	-0.25	0	0	0	-0.25	-0.25	0	0	0	0	0	0	0	0	-0.25	-0.75	0	0	0	0	0	0	-0.25	0	0	-0.25	0	0	0	0
Prkd2	0.25	0	0	0.25	0	0	0	0.25	0.25	0	0.25	0.25	0.25	0.25	0	0.25	0	0	0	0	0.25	0.25	0	0	0	0.25	0.25	0.25	0.25	0.25	0	0.25	0.25	0
Prkra	0.25	0	0	0	0	0	0	0	0.25	0	0	0.25	0.25	0.25	0	0	0	0	0	0	0	0	0	0	0	0.25	0.25	0.25	0.25	0.25	0	0.25	0	0
Procr	0.25	0	0	0.25	0	0	0	0	0.25	0	0	0.25	0.25	0	0	0	0	0	0	0	0	0	0	0	0	0.25	0.25	0	0	0	0	0.25	0	0
Prr24	0	-0.25	-0.25	-0.25	-0.25	0	0	0	-0.25	0	0	-0.25	-0.25	-0.25	-0.25	0	0	0	0	-0.75	0	0	-0.25	0	0	0	-0.25	-0.25	-0.25	-0.25	-0.25	-0.25	0	-0.25
Prr7	0.25	0.25	0	0.25	0	0	0	0	0.25	0	0.25	0	0.25	0.25	0	0	0	0	0	0	0	0	0	0	0	0.25	0.25	0.25	0.25	0.25	0	0.25	0.25	0
Psmc3ip	0.25	0.25	0.25	0.25	0	0	0.25	0	0.25	0.25	0	0.25	0.25	0.25	0	0.25	0.25	0	0.25	0	0.25	0	0	0	0	0.25	0.25	0.25	0.25	0.25	0	0.25	0.25	0
Qpct	0	0	0	-0.25	0	0	0	0	-0.25	-0.25	0	0	0	0	0	0	0	0	0	-0.75	0	0	0	-0.25	-0.25	0	0	0	0	0	0	0	0	0
Rab11fip4	0	-0.25	0	-0.25	-0.25	0	0	0	-0.25	-0.25	0	-0.25	-0.25	-0.25	-0.25	0	0	0	-0.25	-0.75	0	0	-0.25	-0.25	-0.25	0	-0.25	-0.25	-0.25	-0.25	-0.25	-0.25	0	-0.25
Rab30	0	0	0	0.25	0	0	0.25	0	0.25	0.25	0	0	0	0	0	0	0	0	0	0	0	0	0	0	0	0	0	0	0	0	0	0	0	0
Rapsn	0.25	0	0.25	0.25	0	0	0.25	0	0.25	0	0	0.25	0.25	0.25	0	0	0	0	0	0	0.25	0	0	0	0	0.25	0.25	0.25	0.25	0.25	0	0.25	0	0
Rasd1	0.25	0	0	0.25	0	0	0	0	0.25	0	0	0	0	0	0	0	0	0	0	0	0	0	0	0	0	0.25	0.25	0.25	0.25	0	0	0	0	0
Rasgrp3	0.25	0	0	0	0	0	0	0	0.25	0	0	0	0.25	0	0	0	0	0	0	0	0.25	0	0	0	0	0.25	0	0	0	0	0	0	0	0
Rbm43	0	-0.25	0	-0.25	-0.25	0	0	0	-0.25	-0.25	0	0	0	0	0	0	0	0	0	-0.75	0	0	0	-0.25	-0.25	0	0	0	0	0	0	0	0	-0.25
Rbmx2	0	0	-0.25	-0.25	-0.25	0	0	0	0	0	0	0	0	0	0	0	0	0	-0.25	-0.75	0	0	0	0	0	0	0	0	0	0	0	0	0	0
Rcan1	0.25	0.25	0.25	0.25	0	0	0.25	0.25	0.25	0.25	0	0	0	0	0	0	0	0	0.25	0	0	0	0	0	0	0.25	0.25	0.25	0.25	0.25	0	0.25	0	0
Rdm1	0	0	0.25	0.25	0	0	0	0	0	0	0	0.25	0.25	0.25	0	0	0	0	0.25	0	0	0	0	0	0	0	0.25	0	0	0	0	0.25	0	0
Reep1	0.25	0	0	0	0	0	0	0	0	0	0	0	0	0	0	0	0	0	0	0	0	0	0	0	0	0.25	0	0	0	0	0	0	0	0
Reep2	0.25	0	0	0.25	0	0	0	0	0	0	0	0	0.25	0	0	0	0	0	0	0	0	0	0	0	0	0.25	0.25	0	0.25	0.25	0	0	0	0
Ret	0.25	0	0	0.25	0	0	0.25	0	0	0	0	0	0	0	0	0	0	0	0	0	0	0	0	0	0	0.25	0.25	0	0	0	0	0	0	0
Rgs3	0.25	0.25	0	0.25	0	0	0.25	0	0	0.25	0	0	0.25	0	0	0.25	0.25	0	0.25	0	0.25	0	0	0	0	0.25	0.25	0.25	0.25	0.25	0	0.25	0.25	0
Rnf157	0.25	0.25	0.25	0.25	0	0	0.25	0	0.25	0.25	0	0.25	0.25	0.25	0	0.25	0	0	0.25	0	0.25	0	0	0	0	0.25	0.25	0.25	0.25	0.25	0	0.25	0.25	0
Rpgr	0.25	0.25	0.25	0.25	0	0	0.25	0	0.25	0	0	0	0.25	0	0	0	0	0	0.25	0	0	0	0	0	0	0	0.25	0.25	0.25	0.25	0	0.25	0	0
Rps10	0.25	0.25	0.25	0.25	0	0	0.25	0	0.25	0	0	0.25	0.25	0.25	0	0	0	0	0.25	0	0.25	0	0	0	0	0.25	0.25	0.25	0.25	0.25	0	0.25	0	0
Rpusd1	0	-0.25	-0.25	-0.25	-0.25	0	0	0	-0.25	0	0	0	0	-0.25	0	0	0	0	-0.25	-0.75	0	0	-0.25	0	0	0	-0.25	-0.25	0	-0.25	0	0	0	0
Rpusd2	0	0.25	0	0	0	0	0.25	0	0.25	0.25	0	0.25	0.25	0.25	0	0.25	0.25	0	0.25	0	0.25	0	0	0	0	0	0.25	0.25	0.25	0.25	0	0.25	0.25	0
Rpusd4	0.25	0	0	0.25	0	0	0	0	0.25	0	0	0.25	0.25	0.25	0	0	0	0	0.25	0	0	0	0	0	0	0.25	0.25	0.25	0.25	0	0	0.25	0	0
Ruvbl1	0	0	0	0	0	0	0	0	-0.25	0	0	0	0	0	0	0	0	0	0	0	0	0	0	0	0	0	-0.25	-0.25	0	-0.25	-0.25	0	0	0
S100a1	0	0	0	0.25	0	0	0	0	0.25	0	0.25	0.25	0.25	0.25	0	0	0	0	0	0	0	0	0	0	0	0	0.25	0.25	0.25	0.25	0	0.25	0.25	0
Saa3	0.25	0	0.25	0.25	0	0	0	0	0	0	0	0	0	0	0	0	0	0	0.25	0	0	0	0	0	0	0.25	0	0	0	0.25	0	0	0.25	0
Sap30bp	0	0.25	0	0	0	0	0.25	0	0.25	0.25	0	0	0	0	0	0.25	0	0	0	0	0.25	0	0	0	0	0.25	0.25	0.25	0.25	0.25	0	0.25	0	0
Satb1	0.25	0.25	0	0.25	0	0	0	0	0.25	0	0	0	0	0	0	0	0	0	0.25	0	0	0	0	0	0	0.25	0.25	0.25	0.25	0.25	0	0.25	0.25	0
Scarb1	0.25	0	0	0.25	0	0	0.25	0	0.25	0	0.25	0.25	0	0.25	0	0	0	0	0.25	0	0	0	0	0	0	0.25	0.25	0.25	0.25	0.25	0	0.25	0.25	0
Scarna13	0.25	0.25	0	0.25	0	0	0	0	0	0	0	0	0	0	0	0.25	0.25	0	0.25	0	0.25	0	0	0	0	0.25	0.25	0.25	0	0	0	0	0.25	0
Scd1	0.25	0.25	0	0	0	0	0.25	0	0.25	0.25	0	0.25	0	0	0	0.25	0.25	0	0	0	0.25	0	0	0	0	0.25	0.25	0.25	0	0	0	0.25	0.25	0
Scn4b	0	0	0	0	0	0	0	0	0	0.25	0	0	0	0	0	0	0	0	0	0	0	0	0	0	0	0	0	0	0	0	0	0	0	0
Sele	0	0	0	0	0	0	0.25	0	0	0	0	0	0	0	0	0	0	0	0	0	0	0	0	0	0	0.25	0	0	0	0	0	0	0	0
Selp	0.25	0	0	0	0	0	0.25	0	0	0.25	0	0	0	0.25	0	0	0	0	0	0	0.25	0	0	0	0	0.25	0	0	0	0	0	0	0	0
Sema3f	0.25	0	0	0.25	0	0	0.25	0	0.25	0	0	0.25	0.25	0.25	0	0	0	0	0.25	0	0	0	0	0	0	0.25	0.25	0.25	0.25	0.25	0	0.25	0	0
Sema4c	0.25	0.25	0.25	0.25	0	0	0	0	0.25	0	0	0.25	0.25	0.25	0	0.25	0	0	0	0	0.25	0.25	0	0	0	0.25	0.25	0.25	0.25	0.25	0	0.25	0	0
Sema4f	0.25	0	0	0.25	0	0	0.25	0	0	0	0	0	0	0	0	0	0	0	0	0	0	0	0	0	0	0.25	0.25	0	0	0	0	0.25	0	0
Sepsecs	0	0	-0.25	-0.25	-0.25	0	0	0	-0.25	-0.25	0	-0.25	-0.25	-0.25	0	0	0	0	-0.25	-0.75	0	0	0	0	0	0	-0.25	-0.25	-0.25	0	-0.25	-0.25	0	0
Sept4	0.25	0.25	0.25	0.25	0	0	0.25	0	0.25	0.25	0	0.25	0.25	0.25	0	0.25	0	0	0.25	0	0.25	0	0	0	0	0.25	0.25	0.25	0.25	0.25	0	0.25	0	0
Sfxn5	0.25	0.25	0	0.25	0	0	0	0.25	0.25	0.25	0	0.25	0.25	0	0	0.25	0	0	0	0	0.25	0	0	0	0	0.25	0.25	0.25	0.25	0	0	0.25	0	0
Shank1	0.25	0.25	0.25	0.25	0	0	0.25	0	0.25	0	0	0.25	0.25	0.25	0	0	0	0	0.25	0	0.25	0	0	0	0	0.25	0.25	0.25	0.25	0.25	0	0.25	0	0
Shroom2	0	0	0	0.25	0	0	0	0	0	0	0	0	0	0	0	0	0	0	0	0	0	0	0	0	0	0	0	0	0	0	0	0	0	0
Sigmar1	0	0	0	-0.25	0	0	0	0	0	0	0	0	0	-0.25	-0.25	-0.25	0	0	0	0	0	0	-0.25	0	0	0	0	-0.25	-0.25	-0.25	0	-0.25	0	0
Sirt2	0.25	0.25	0	0.25	0	0	0.25	0.25	0.25	0.25	0	0.25	0	0.25	0	0.25	0.25	0	0	0	0.25	0.25	0	0	0	0.25	0.25	0.25	0.25	0.25	0	0.25	0.25	0
Sirt3	0	0.25	0.25	0.25	0	0	0.25	0.25	0.25	0	0	0.25	0.25	0.25	0	0	0	0	0.25	0	0	0	0	0	0	0	0.25	0.25	0.25	0.25	0	0.25	0.25	0
Sirt6	0.25	0.25	0.25	0.25	0	0	0.25	0	0.25	0	0	0.25	0.25	0.25	0	0.25	0	0	0.25	0	0	0	0	0	0	0.25	0.25	0.25	0.25	0.25	0	0.25	0	0
Slain1	0	0.25	0	0	0	0	0	0	0.25	0	0	0.25	0.25	0.25	0	0	0	0	0	0	0	0	0	0	0	0	0.25	0.25	0.25	0.25	0	0.25	0	0
Slc12a7	0.25	0	0.25	0.25	0	0	0.25	0.25	0.25	0	0	0.25	0	0.25	0	0	0	0	0	0	0	0	0	0	0	0.25	0.25	0.25	0.25	0.25	0	0	0	0
Slc15a1	0	0	0	-0.25	0	0	0	0	0	0	0	0	0	0	0	0	0	0	0	-0.75	0	0	0	0	0	0	0	0	0	0	0	0	0	0
Slc22a23	0.25	0.25	0.25	0.25	0	0	0	0	0.25	0	0	0	0	0	0	0	0	0	0	0	0	0	0	0	0	0.25	0.25	0.25	0.25	0.25	0	0	0.25	0
Slc2a8	0	0	0	0.25	0	0	0.25	0	0	0	0	0	0	0	0	0.25	0	0	0	0	0.25	0	0	0	0	0	0.25	0.25	0	0.25	0	0	0	0
Slc32a1	0.25	0.25	0	0.25	0	0	0	0	0.25	0	0.25	0.25	0.25	0.25	0	0	0	0	0.25	0	0	0	0	0	0	0.25	0.25	0.25	0.25	0.25	0	0.25	0.25	0
Slc39a11	0.25	0.25	0.25	0.25	0	0	0.25	0.25	0.25	0	0	0.25	0.25	0.25	0	0	0	0	0	0	0	0	0	0	0	0.25	0.25	0.25	0.25	0.25	0	0.25	0.25	0
Slc43a3	0.25	0	0	0.25	0	0	0.25	0	0.25	0.25	0	0	0	0	0	0	0	0	0	0	0	0	0	0	0	0.25	0.25	0	0	0	0	0	0.25	0
Slc44a4	0	0	0	-0.25	0	0	0	0	-0.25	0	0	-0.25	-0.25	-0.25	0	0	0	0	0	-0.75	0	0	0	0	0	0	-0.25	-0.25	-0.25	-0.25	0	-0.25	0	0
Slc4a8	0.25	0.25	0	0.25	0	0	0.25	0	0	0.25	0	0	0	0	0	0.25	0.25	0	0	0	0.25	0.25	0	0	0	0.25	0.25	0.25	0.25	0.25	0	0.25	0.25	0
Slc6a17	0.25	0	0	0	0	0	0	0	0	0	0	0	0	0	0	0	0	0	0	0	0	0	0	0	0	0.25	0	0	0	0	0	0	0	0
Slc6a9	0.25	0.25	0	0.25	0	0	0.25	0	0.25	0	0.25	0.25	0.25	0.25	0	0	0	0	0.25	0	0	0	0	0	0	0	0.25	0.25	0.25	0.25	0	0.25	0.25	0
Smyd5	0	-0.25	0	-0.25	-0.25	0	0	0	-0.25	-0.25	0	-0.25	-0.25	-0.25	0	-0.25	0	-0.25	-0.25	0	0	0	0	0	0	0	-0.25	-0.25	-0.25	-0.25	-0.25	-0.25	0	-0.25
Sncg	0.25	0	0	0	0	0	0.25	0	0	0	0	0.25	0	0	0	0	0	0	0	0	0	0	0	0	0	0	0	0	0	0.25	0	0	0	0
Snn	0.25	0.25	0	0.25	0	0	0	0	0.25	0	0	0.25	0.25	0.25	0	0	0	0	0.25	0	0	0	0	0	0	0.25	0.25	0.25	0.25	0.25	0	0.25	0	0
Snora3	0	0	0	-0.25	-0.25	0	0	0	-0.25	-0.25	0	0	0	-0.25	-0.25	0	0	0	0	-0.75	0	0	-0.25	0	0	0	-0.25	-0.25	-0.25	-0.25	0	0	0	-0.25
Snora31	0	-0.25	-0.25	-0.25	-0.25	-0.25	0	0	-0.25	0	0	0	-0.25	-0.25	0	0	0	0	-0.25	-0.75	0	0	-0.25	0	0	0	-0.25	-0.25	-0.25	-0.25	0	-0.25	0	-0.25
Snx15	0	0	0	0.25	0	0	0	0	0.25	0	0	0.25	0.25	0.25	0	0	0	0	0.25	0	0	0	0	0	0	0.25	0.25	0.25	0.25	0.25	0	0.25	0	0
Spata7	0.25	0	0	0.25	0	0	0.25	0	0.25	0	0	0.25	0.25	0.25	0	0	0	0	0	0	0	0	0	0	0	0.25	0.25	0.25	0.25	0.25	0	0.25	0.25	0
Spint1	0	0	0	-0.25	-0.25	0	0	0	-0.25	-0.25	0	0	0	0	0	0	0	0	0	-0.75	0	0	0	0	0	0	0	0	0	-0.25	0	0	0	0
Stk39	0.25	0.25	0	0.25	0	0	0	0	0.25	0.25	0	0	0	0	0	0	0	0	0.25	0	0	0	0	0	0	0.25	0.25	0.25	0.25	0.25	0	0	0.25	0
Strada	0.25	0.25	0	0.25	0	0	0.25	0	0.25	0	0	0.25	0.25	0	0	0.25	0	0	0.25	0	0.25	0.25	0	0	0	0	0.25	0.25	0.25	0.25	0	0.25	0.25	0
Sufu	0.25	0	0.25	0.25	0	0	0	0	0.25	0.25	0	0.25	0.25	0.25	0	0	0	0	0.25	0	0.25	0	0	0	0	0.25	0.25	0.25	0.25	0.25	0	0.25	0	0
Susd2	0.25	0	0	0.25	0	0	0	0.25	0	0	0	0	0	0	0	0	0	0	0	0	0	0	0	0	0	0.25	0	0	0	0	0	0	0	0
Syt11	0.25	0	0	0	0	0	0	0	0.25	0.25	0	0	0	0	0	0	0	0	0	0	0	0	0	0	0	0.25	0.25	0.25	0	0	0	0	0	0
Taldo1	0.25	0	0	0.25	0	0	0	0	0.25	0	0	0.25	0.25	0.25	0	0.25	0	0	0	0	0.25	0	0	0	0	0.25	0.25	0.25	0.25	0.25	0	0.25	0.25	0
Tbc1d10c	0	0.25	0.25	0.25	0	0	0.25	0	0.25	0.25	0	0.25	0.25	0.25	0	0	0	0	0.25	0	0.25	0.25	0	0	0	0.25	0.25	0.25	0.25	0.25	0	0.25	0.25	0
Tbc1d30	0.25	0.25	0.25	0.25	0	0	0.25	0	0.25	0	0.25	0.25	0.25	0.25	0	0	0	0	0.25	0	0	0.25	0	0	0	0.25	0.25	0.25	0.25	0.25	0	0.25	0	0
Tbx2	0.25	0	0	0.25	0	0	0.25	0	0.25	0	0	0.25	0.25	0.25	0	0	0	0	0	0	0	0.25	0	0	0	0.25	0.25	0.25	0.25	0.25	0	0.25	0.25	0
Tcf19	0.25	0.25	0.25	0.25	0	0	0.25	0	0.25	0	0.25	0.25	0.25	0.25	0	0.25	0.25	0	0.25	0	0.25	0	0	0	0	0.25	0.25	0.25	0.25	0.25	0	0.25	0.25	0
Tcp11	0.25	0	0	0	0	0	0	0	0	0	0	0	0	0	0	0	0	0	0	0	0	0	0	0	0	0.25	0.25	0	0	0.25	0	0	0	0
Tecpr1	0.25	0.25	0.25	0.25	0	0	0	0	0	0.25	0	0	0	0	0	0	0	0	0.25	0	0	0	0	0	0	0.25	0.25	0.25	0.25	0.25	0	0	0	0
Tex9	0	-0.25	-0.25	-0.25	0	0	0	0	-0.25	0	0	0	0	0	0	0	0	0	0	-0.75	0	0	0	-0.25	-0.25	0	0	0	0	0	0	0	0	0
Tgif2	0.25	0.25	0.25	0.25	0	0	0.25	0	0.25	0.25	0	0.25	0.25	0.25	0	0.25	0	0	0.25	0	0.25	0	0	0	0	0	0.25	0.25	0.25	0.25	0	0.25	0.25	0
Thg1l	0	-0.25	-0.25	-0.25	-0.25	-0.25	0	0	-0.25	-0.25	0	-0.25	-0.25	-0.25	0	-0.25	0	0	-0.25	0	0	0	-0.25	0	0	0	-0.25	-0.25	-0.25	-0.25	0	-0.25	0	-0.25
Thsd1	0.25	0	0	0	0	0	0	0	0	0	0	0	0	0.25	0	0	0	0	0	0	0	0	0	0	0	0	0.25	0	0	0	0	0	0	0
Timd4	0	0	0	0	0	0	0	0	0.25	0.25	0	0	0	0	0	0	0	0	0	0	0	0	0	0	0	0.25	0	0	0	0	0	0	0	0
Tlr11	0	0	0	0	-0.25	0	0	0	-0.25	-0.25	0	0	0	0	0	0	0	0	0	-0.75	0	0	0	-0.25	0	0	0	0	-0.25	0	0	0	0	0
Tmco4	0.25	0.25	0	0.25	0	0	0.25	0	0.25	0	0.25	0	0.25	0.25	0	0.25	0.25	0	0.25	0	0.25	0	0	0	0	0.25	0.25	0	0.25	0.25	0	0.25	0.25	0
Tnfrsf18	0.25	0	0	0.25	0	0	0	0	0	0	0	0	0	0	0	0	0	0	0	0	0	0	0	0	0	0	0.25	0	0	0	0	0	0	0
Tnfrsf9	0.25	0.25	0	0.25	0	0	0.25	0	0.25	0.25	0	0	0	0	0	0.25	0	0	0.25	0	0.25	0	0	0	0	0.25	0.25	0	0	0.25	0	0	0	0
Tnfsf8	0	0	0	-0.25	-0.25	0	0	0	-0.25	-0.25	0	0	0	0	0	0	0	0	0	-0.75	0	0	0	0	0	0	-0.25	0	0	0	0	0	0	-0.25
Tonsl	0.25	0.25	0	0.25	0	0	0.25	0	0.25	0	0.25	0	0	0.25	0	0	0	0	0	0	0	0	0	0	0	0.25	0.25	0.25	0.25	0.25	0	0	0	0
Tradd	0.25	0.25	0	0.25	0	0	0.25	0	0.25	0.25	0	0.25	0.25	0.25	0	0	0	0	0	0	0	0	0	0	0	0.25	0.25	0.25	0.25	0.25	0	0.25	0.25	0
Traip	0.25	0	0	0	0	0	0.25	0	0.25	0.25	0	0.25	0.25	0.25	0	0.25	0	0	0	0	0	0	0	0	0	0.25	0.25	0	0	0	0	0.25	0	0
Trappc6a	0.25	0	0	0.25	0	0	0.25	0	0.25	0.25	0	0	0	0	0	0.25	0	0	0	0	0.25	0	0	0	0	0.25	0.25	0.25	0	0.25	0	0.25	0	0
Trem2	0.25	0	0	0	0	0	0	0.25	0	0	0	0	0	0	0	0	0	0	0	0	0	0	0	0	0	0	0.25	0	0	0	0	0	0	0
Trim30d	0	0	0	0	0	0	0	0	-0.25	-0.25	0	0	0	0	0	-0.25	0	0	0	0	0	0	0	0	0	0	0	0	0	0	-0.25	0	0	0
Trim45	0.25	0	0	0.25	0	0	0.25	0	0.25	0.25	0	0.25	0	0	0	0	0	0	0	0	0.25	0	0	0	0	0.25	0.25	0.25	0	0	0	0.25	0	0
Trim65	0	0	0	-0.25	-0.25	0	0	0	-0.25	0	0	-0.25	-0.25	-0.25	0	0	0	0	-0.25	-0.75	0	0	0	0	0	0	-0.25	0	0	-0.25	0	-0.25	0	-0.25
Trpm3	0.25	0	0	0	0	0	0	0	0.25	0	0	0.25	0.25	0	0	0	0	0	0	0	0	0.25	0	0	0	0.25	0	0.25	0	0	0	0	0.25	0
Tspan2	0	0.25	0	0.25	0	0	0.25	0	0.25	0	0.25	0.25	0.25	0.25	0	0	0	0	0.25	0	0	0.25	0	0	0	0.25	0.25	0.25	0.25	0.25	0	0.25	0.25	0
Tssc4	0	0	0	0.25	0	0	0	0	0	0	0	0	0	0	0	0	0	0	0	0	0	0	0	0	0	0	0	0.25	0	0	0	0	0	0
Tstd1	0	0	0	-0.25	-0.25	0	0	0	-0.25	-0.25	0	0	0	0	0	0	0	0	0	-0.75	0	0	0	-0.25	-0.25	0	-0.25	0	0	0	0	0	0	-0.25
Tubg1	0	0	-0.25	-0.25	-0.25	0	0	0	-0.25	0	0	0	0	0	0	0	0	0	-0.25	-0.75	0	0	0	0	0	0	0	-0.25	0	0	-0.25	0	0	0
Ube2cbp	0	-0.25	-0.25	-0.25	0	0	0	0	-0.25	0	0	0	0	0	0	0	0	0	-0.25	-0.75	0	0	-0.25	-0.25	-0.25	0	-0.25	-0.25	-0.25	-0.25	0	-0.25	0	-0.25
Ube2m	0	-0.25	-0.25	-0.25	-0.25	-0.25	0	0	-0.25	0	0	-0.25	-0.25	-0.25	0	0	0	0	-0.25	0	0	0	0	0	0	0	-0.25	-0.25	-0.25	-0.25	-0.25	-0.25	0	-0.25
Uhrf1	0	0.25	0.25	0.25	0	0	0.25	0	0.25	0.25	0	0.25	0.25	0.25	0	0.25	0.25	0	0.25	0	0.25	0	0	0	0	0	0.25	0.25	0.25	0.25	0	0.25	0	0
Unc119b	0.25	0.25	0	0.25	0	0	0.25	0	0.25	0.25	0.25	0.25	0.25	0.25	0	0	0	0	0.25	0	0.25	0	0	0	0	0.25	0.25	0.25	0.25	0.25	0	0.25	0	0
Upb1	0.25	0	0	0.25	0	0	0.25	0	0.25	0	0	0.25	0.25	0	0	0	0	0	0	0	0	0	0	0	0	0.25	0.25	0.25	0.25	0	0	0.25	0	0
Uqcrc1	0.25	0	0.25	0.25	0	0	0	0	0.25	0	0	0	0.25	0	0	0	0	0	0.25	0	0	0	0	0	0	0	0.25	0.25	0.25	0	0	0	0	0
Urgcp	0.25	0.25	0	0.25	0	0	0.25	0	0.25	0	0	0.25	0.25	0.25	0	0	0	0	0.25	0	0	0	0	0	0	0.25	0.25	0.25	0.25	0.25	0	0.25	0.25	0
Usp46	0	-0.25	-0.25	-0.25	-0.25	0	0	0	-0.25	-0.25	0	-0.25	-0.25	-0.25	-0.25	0	0	0	0	-0.75	0	0	0	0	0	0	-0.25	-0.25	-0.25	-0.25	-0.25	-0.25	0	-0.25
Utf1	0	-0.25	0	-0.25	0	0	0	0	-0.25	0	0	-0.25	-0.25	-0.25	-0.25	0	0	0	-0.25	0	0	0	0	-0.25	-0.25	0	-0.25	-0.25	-0.25	-0.25	-0.25	-0.25	0	-0.25
Vars	0	0.25	0.25	0.25	0	0	0.25	0	0.25	0.25	0	0.25	0	0	0	0	0	0	0	0	0	0	0	0	0	0.25	0.25	0.25	0.25	0.25	0	0	0	0
Vit	0.25	0	0	0	0	0	0	0	0	0	0.25	0	0	0	0	0	0	0	0	0	0	0	0	0	0	0.25	0	0	0	0	0	0	0	0
Vps25	0	0.25	0.25	0	0	0	0	0	0	0	0	0	0	0	0	0	0	0	0	0	0.25	0	0	0	0	0	0	0	0	0	0	0	0	0
Vwf	0.25	0.25	0	0.25	0	0	0.25	0.25	0.25	0.25	0	0	0	0	0	0.25	0.25	0	0	0	0.25	0.25	0	0	0	0.25	0.25	0.25	0	0	0	0.25	0.25	0
Wbp1	0.25	0.25	0	0.25	0	0	0.25	0	0.25	0.25	0	0.25	0.25	0.25	0	0.25	0.25	0	0.25	0	0.25	0	0	0	0	0	0.25	0.25	0.25	0.25	0	0.25	0.25	0
Wdr47	0	-0.25	-0.25	-0.25	-0.25	0	0	0	-0.25	-0.25	0	-0.25	-0.25	-0.25	-0.25	-0.25	0	-0.25	0	-0.75	0	0	-0.25	0	0	0	-0.25	-0.25	-0.25	-0.25	0	-0.25	0	-0.25
Wdr90	0.25	0.25	0.25	0.25	0	0	0	0	0.25	0	0	0	0	0	0	0	0	0	0.25	0	0	0	0	0	0	0	0.25	0.25	0.25	0.25	0	0.25	0	0
Wdsub1	0.25	0	0.25	0.25	0	0	0	0	0.25	0	0.25	0.25	0.25	0.25	0	0	0	0	0.25	0	0	0	0	0	0	0.25	0.25	0.25	0.25	0.25	0	0.25	0	0
Xrcc5	0.25	0	0	0.25	0	0	0	0	0.25	0	0	0	0	0	0	0	0	0	0.25	0	0	0	0	0	0	0.25	0	0	0	0	0	0	0.25	0
Zbtb4	0	0.25	0.25	0.25	0	0	0	0.25	0	0	0	0	0	0	0	0	0	0	0.25	0	0	0	0	0	0	0	0.25	0.25	0.25	0.25	0	0.25	0	0
Zbtb8a	0	-0.25	-0.25	-0.25	0	0	0	0	-0.25	-0.25	0	0	0	0	0	0	0	0	0	0	0	0	0	0	0	0	0	0	-0.25	-0.25	0	0	0	0
Zc3h3	0.25	0.25	0.25	0.25	0	0	0.25	0	0.25	0	0	0.25	0	0	0	0.25	0.25	0	0.25	0	0.25	0.25	0	0	0	0.25	0.25	0.25	0.25	0.25	0	0	0.25	0
Zc3hav1l	0	0	0	0	0	0	0	0	0	0	0	0	0	0	0	0	0	0	0	0	0	0	0	0	0	0	-0.25	0	-0.25	-0.25	0	0	0	0
Zdhhc2	0.25	0.25	0	0.25	0	0	0	0	0.25	0	0	0	0	0	0	0	0	0	0	0	0	0	0	0	0	0.25	0.25	0.25	0.25	0.25	0	0.25	0	0
Zdhhc23	0	-0.25	0	-0.25	-0.25	-0.25	0	0	-0.25	0	0	-0.25	-0.25	-0.25	0	0	0	0	-0.25	-0.75	0	0	0	0	0	0	-0.25	-0.25	-0.25	-0.25	0	-0.25	0	-0.25
Zdhhc24	0	0.25	0	0.25	0	0	0.25	0	0	0.25	0	0	0.25	0	0	0.25	0	0	0	0	0.25	0	0	0	0	0	0	0.25	0	0	0	0	0	0
Zer1	0.25	0.25	0.25	0.25	0	0	0.25	0	0.25	0	0	0.25	0.25	0.25	0	0	0	0	0.25	0	0.25	0	0	0	0	0.25	0.25	0.25	0.25	0.25	0	0.25	0.25	0
Zfp14	0.25	0	0	0.25	0	0	0	0	0	0.25	0	0	0	0	0	0	0	0	0.25	0	0.25	0	0	0	0	0	0	0	0	0	0	0	0	0
Zfp212	0	0	0	0.25	0	0	0.25	0	0.25	0	0	0.25	0.25	0.25	0	0	0	0	0.25	0	0	0	0	0	0	0	0.25	0	0.25	0.25	0	0.25	0.25	0
Zfp219	0.25	0.25	0.25	0.25	0	0	0.25	0	0.25	0	0	0	0.25	0	0	0	0	0	0.25	0	0	0	0	0	0	0.25	0.25	0.25	0.25	0.25	0	0.25	0.25	0
Zfp235	0	0	0	0.25	0	0	0	0	0	0	0	0	0	0	0	0	0	0	0	0	0	0	0	0	0	0	0	0.25	0	0	0	0	0	0
Zfp365	0	0	0	0	-0.25	0	0	0	0	0	0	0	0	0	0	0	0	0	0	-0.75	0	0	0	-0.25	-0.25	0	0	0	0	0	0	0	0	0
Zfp382	0	0	-0.25	-0.25	-0.25	0	0	0	-0.25	0	0	0	0	0	0	0	0	0	-0.25	0	0	0	0	0	0	0	-0.25	-0.25	-0.25	-0.25	0	-0.25	0	0
Zfp446	0	0	0	0	-0.25	0	0	0	0	0	0	0	0	0	0	-0.25	0	-0.25	0	0	0	0	0	0	-0.25	0	-0.25	-0.25	0	-0.25	0	-0.25	0	0
Zfp513	0.25	0.25	0	0.25	0	0	0.25	0	0.25	0.25	0	0.25	0.25	0.25	0	0.25	0.25	0	0	0	0.25	0	0	0	0	0.25	0.25	0.25	0.25	0.25	0	0.25	0.25	0
Zfp518b	0	-0.25	-0.25	-0.25	-0.25	0	0	0	-0.25	0	0	0	0	0	0	0	0	0	-0.25	-0.75	0	0	0	0	0	0	-0.25	-0.25	-0.25	-0.25	0	0	0	0
Zfp553	0	-0.25	-0.25	-0.25	-0.25	0	0	0	-0.25	-0.25	0	-0.25	-0.25	-0.25	-0.25	-0.25	0	-0.25	-0.25	-0.75	0	0	-0.25	-0.25	-0.25	0	-0.25	-0.25	-0.25	-0.25	-0.25	-0.25	0	-0.25
Zfp607	0	0	0	0	0	-0.25	0	0	0	0	0	0	0	0	0	0	0	0	0	0	0	0	0	0	0	0	-0.25	0	0	0	0	0	0	-0.25
Zfp866	0	-0.25	-0.25	-0.25	-0.25	0	0	0	-0.25	-0.25	0	-0.25	-0.25	-0.25	-0.25	-0.25	0	-0.25	-0.25	-0.75	0	0	0	0	0	0	-0.25	-0.25	-0.25	-0.25	-0.25	-0.25	0	0
Zmym3	0	0	0	0.25	0	0	0.25	0	0.25	0.25	0	0	0	0	0	0.25	0	0	0.25	0	0.25	0	0	0	0	0	0.25	0.25	0.25	0.25	0	0	0.25	0
Znhit6	0	-0.25	0	-0.25	-0.25	0	0	0	0	0	0	-0.25	0	-0.25	0	0	0	0	-0.25	0	0	0	0	0	0	0	-0.25	-0.25	-0.25	-0.25	0	-0.25	0	0
