	Ascl4	Bmyc	Dmrta1	E2f2	E2f7	E2f8	Ebf1	Egr2	Egr3	Elk3	Ets2	Foxk1	Foxk2	Gtf3a	Hsf4	Ikzf1	Irf8	Klf10	Klf3	Klf8	Lef1	Maz	Mlx	Mzf1	Nfic	Nfkbia	Nfkbid	Nfkbil1	Nfyb	Nr1i2	Nr3c1	Pbx2	Plagl1	Pparg	Runx2	Tet1	Tfap4	Tfeb	Thap3	Thap4	Zbtb14	Zbtb32	Zbtb37	Zbtb7b	Zfp1	Zfp143	Zfp28	Zfp287	Zfp3	Zfp41	Zfp426	Zfp462	Zfp467	Zfp516	Zfp64	Zfp775	Zscan10
0610031j06rik	0	0	0	0	0	0	0	0	0	0	0	0	0	0	0	0	0	0	0	0	0	0	0	0	0	0	0	0	0	0	0	0	0	0	0	0	0	0	0	0	0	1.5	1.5	0	0	0	0	0	0	0	0	0	0	0	0	0	0
1110007c09rik	0	1.5	0	0	0	0	0	0	0	1.5	0	0	0	0	0	0	0	0	0	0	0	0	0	0	0	0	0	0	0	0	0	0	0	0	0	0	0	0	1.5	1.5	0	0	0	0	0	0	0	0	0	0	0	0	0	0	0	0	0
1600002k03rik	0	0	0	1.5	1.5	1.5	0	1.5	1.5	1.5	0	0	0	3.0	0	0	1.5	7.5	0	0	1.5	1.5	0	3.0	0	0	0	0	3.0	0	0	1.5	0	0	1.5	0	0	0	0	0	3.0	0	0	0	3.0	1.5	0	3.0	3.0	3.0	3.0	0	0	0	3.0	3.0	3.0
2210417a02rik	0	0	0	0	0	0	0	1.5	1.5	9.0	0	0	0	0	1.5	0	0	0	0	0	1.5	0	0	0	0	1.5	1.5	1.5	0	0	0	0	0	0	0	0	0	0	0	0	0	0	0	0	0	1.5	0	0	0	0	0	0	0	0	0	0	0
2310003h01rik	0	0	0	-4.5	-4.5	-4.5	0	-3.0	-3.0	0	0	0	0	-1.5	0	0	-1.5	0	0	0	0	0	0	-1.5	0	0	0	0	0	0	0	0	0	0	0	0	0	0	0	0	-1.5	0	0	0	-1.5	-1.5	0	-1.5	-1.5	-1.5	-1.5	0	0	0	-1.5	-1.5	-1.5
2410002f23rik	-1.5	0	0	-1.5	-1.5	-1.5	0	0	0	-4.5	0	0	0	-1.5	0	0	-1.5	-1.5	0	0	0	0	0	-1.5	0	-0.5	-0.5	-0.5	0	0	0	0	0	0	0	0	0	0	0	0	-1.5	0	0	-1.5	-1.5	0	0	-1.5	-1.5	-1.5	-1.5	0	0	0	-1.5	-1.5	-1.5
2410127l17rik	0	-1.5	0	-1.5	-1.5	-1.5	0	-4.5	-4.5	-9.0	0	0	0	-4.5	0	0	-1.5	-7.5	0	0	0	0	0	-4.5	0	0	0	0	0	0	0	0	0	0	0	0	0	0	0	0	-4.5	0	0	0	-4.5	0	0	-4.5	-4.5	-4.5	-4.5	0	0	0	-4.5	-4.5	-4.5
2810006k23rik	0	1.5	0	3.0	3.0	3.0	0	4.5	4.5	0	0	0	0	6.0	1.5	0	3.0	7.5	0	0	0	0	0	6.0	0	0	0	0	3.0	0	0	1.5	0	0	0	0	0	0	0	0	6.0	0	0	0	6.0	0	0	6.0	6.0	6.0	6.0	0	0	0	6.0	6.0	6.0
4921507p07rik	0	0	0	-4.5	-4.5	-4.5	0	-4.5	-4.5	0	0	0	0	-4.5	0	0	-1.5	-9.0	0	0	0	-1.5	0	-4.5	0	0	0	0	0	0	0	0	0	0	0	0	0	0	0	0	-4.5	0	0	-1.5	-4.5	-1.5	0	-4.5	-4.5	-4.5	-4.5	0	0	0	-4.5	-4.5	-4.5
4930563e22rik	0	-3.0	0	-6.0	-6.0	-6.0	0	-3.0	-3.0	-9.0	0	0	0	-4.5	0	0	-1.5	-9.0	0	0	-1.5	0	0	-4.5	0	0	0	0	0	0	0	0	0	0	0	0	0	0	0	0	-4.5	0	0	-1.5	-4.5	-1.5	0	-4.5	-4.5	-4.5	-4.5	0	0	0	-4.5	-4.5	-4.5
4930581f22rik	0	0	0	0	0	0	0	0	0	0	0	0	0	1.5	3.0	0	0	0	0	0	0	0	0	1.5	0	0	0	0	3.0	0	0	1.5	0	0	0	0	1.5	0	0	0	1.5	0	0	0	1.5	0	0	1.5	1.5	1.5	1.5	0	0	0	1.5	1.5	1.5
4930592i03rik	0	0	0	-1.0	-1.0	-1.0	0	-2.0	-2.0	0	0	0	0	-2.5	0	0	-1.0	-3.0	0	0	0	0	0	-2.5	0	0	0	0	-0.5	0	0	-0.5	0	0	0	0	0	0	0	0	-2.5	0	0	-1.0	-2.5	-0.5	0	-2.5	-2.5	-2.5	-2.5	0	0	0	-2.5	-2.5	-2.5
4933427d14rik	0	-3.0	0	-6.0	-6.0	-6.0	0	-3.0	-3.0	-9.0	0	0	0	-4.5	0	0	-1.5	-9.0	0	0	-1.5	0	0	-4.5	0	0	0	0	0	0	0	0	0	0	0	0	0	0	0	0	-4.5	0	0	-1.5	-4.5	-1.5	0	-4.5	-4.5	-4.5	-4.5	0	0	0	-4.5	-4.5	-4.5
5430421n21rik	0	0	0	0	0	0	0	0	0	0	0	0	0	0	0	0	0	0	0	0	0	0	0	0	0	1.5	1.5	1.5	0	0	0	0	0	0	0	0	0	0	0	0	0	0	0	0	0	0	0	0	0	0	0	0	0	0	0	0	0
6430571l13rik	0	3.0	0	1.5	1.5	1.5	0	6.0	6.0	0	0	0	0	1.5	0	0	3.0	4.5	0	0	0	0	0	1.5	0	0	0	0	4.5	1.5	0	1.5	0	0	0	0	0	0	0	0	1.5	0	0	0	1.5	1.5	0	1.5	1.5	1.5	1.5	0	0	0	1.5	1.5	1.5
8430431k14rik	0	0	0	0	0	0	0	0	0	0	0	0	0	0	0	0	0	0	0	0	0	0	0	0	0	-0.5	-0.5	-0.5	0	0	0	0	0	0	0	0	0	0	0	0	0	0	0	0	0	0	0	0	0	0	0	0	0	0	0	0	0
9030617o03rik	0	0	0	0	0	0	0	0	0	0	0	0	0	0	3.0	0	0	0	0	0	0	0	0	0	0	0	0	0	0	0	0	0	0	0	0	0	0	0	0	0	0	0	0	0	0	0	0	0	0	0	0	0	0	0	0	0	0
9430083a17rik	0	0	0	-1.5	-1.5	-1.5	0	-6.0	-6.0	0	0.5	0	0	-3.0	0	0	0	0	0	0	-1.5	0	0	-3.0	0	0	0	0	0	0	0	0	0.5	0	0	0	0	0	0	0	-3.0	0	0	-3.0	-3.0	-1.5	1.0	-3.0	-3.0	-3.0	-3.0	1.0	1.0	0	-3.0	-3.0	-3.0
A330023f24rik	0	1.5	0	0	0	0	0	0	0	0	0	0	0	3.0	0	0	0	0	0	0	1.5	0	0	3.0	0	1.5	1.5	1.5	0	1.5	0	0	0	1.5	0	0	0	0	0	0	3.0	0	0	0	3.0	0	0	3.0	3.0	3.0	3.0	0	0	0	3.0	3.0	3.0
Aa388235	0	0	0	0	0	0	0	1.5	1.5	1.5	0	0	0	1.5	0	0	1.5	0	0	0	1.5	1.5	0	1.5	0	1.5	1.5	1.5	0	0	0	0	0	0	0	0	0	0	0	0	1.5	0	0	0	1.5	0	0	1.5	1.5	1.5	1.5	0	0	0	1.5	1.5	1.5
Aa467197	0	0	0	0	0	0	0	0	0	0	0	0	0	1.5	0	0	0	0	0	0	0	0	0	1.5	0	0	0	0	0	0	0	0	0	0	0	0	0	1.5	0	0	1.5	0	0	1.5	1.5	0	0	1.5	1.5	1.5	1.5	0	0	0	1.5	1.5	1.5
Abca5	0	-1.5	0	-3.0	-3.0	-3.0	0	-3.0	-3.0	0	0	0	0	-4.5	0	0	-1.5	-13.5	0	0	0	-1.5	0	-4.5	0	0	0	0	0	0	0	0	0	0	0	0	0	0	0	0	-4.5	0	0	-1.5	-4.5	-1.5	0	-4.5	-4.5	-4.5	-4.5	0	0	0	-4.5	-4.5	-4.5
Abcb1a	0	0	0	0	0	0	0	0	0	0	0	0	0	-1.0	0	0	-0.5	0	0	0	0	0	0	-1.0	0	0	0	0	0	0	0	0	0	0	0	0	0	0	0	0	-1.0	0	0	0	-1.0	0	0	-1.0	-1.0	-1.0	-1.0	0	0	0	-1.0	-1.0	-1.0
Abcc10	0	0	0	0	0	0	0	-1.5	-1.5	0	0	0	0	-1.5	0	0	0	0	0	0	0	0	0	-1.5	0	-0.5	-0.5	-0.5	0	0	0	0	0	0	0	0	0	0	0	0	-1.5	0	0	0	-1.5	0	0	-1.5	-1.5	-1.5	-1.5	0	0	0	-1.5	-1.5	-1.5
Abcd3	0	-0.5	0	-1.5	-1.5	-1.5	0	-0.5	-0.5	-0.5	0	0	0	-2.0	0	0	-0.5	-2.5	0	0	-0.5	0	0	-2.0	0	0	0	0	0	0	0	0	0	0	0	0	0	0	0	0	-2.0	-0.5	-0.5	-1.0	-2.0	-0.5	0	-2.0	-2.0	-2.0	-2.0	0	0	0	-2.0	-2.0	-2.0
Acer2	0	0	0	0	0	0	0	0	0	0	0	0	0	-2.0	0	0	0	0	0	0	0	0	0	-2.0	0	0	0	0	0	0	0	0	0	0	0	0	0	0	0	0	-2.0	0	0	0	-2.0	0	1.5	-2.0	-2.0	-2.0	-2.0	1.5	1.5	0	-2.0	-2.0	-2.0
Acpt	-1.5	0	0	-1.5	-1.5	-1.5	0	0	0	-4.5	0	0	0	-1.5	0	0	-1.5	-1.5	0	0	0	0	0	-1.5	0	-0.5	-0.5	-0.5	0	0	0	0	0	0	0	0	0	0	0	0	-1.5	0	0	-1.5	-1.5	0	0	-1.5	-1.5	-1.5	-1.5	0	0	0	-1.5	-1.5	-1.5
Acsl3	0	0	0	0	0	0	0	-1.0	-1.0	0	0	0	0	-0.5	0	0	-0.5	-2.0	0	0	0	0	0	-0.5	0	0	0	0	-0.5	0	0	-0.5	0	0	0	0	0	0	0	0	-0.5	0	0	-0.5	-0.5	-0.5	0	-0.5	-0.5	-0.5	-0.5	0	0	0	-0.5	-0.5	-0.5
Actn1	0	0	0	-1.5	-1.5	-1.5	0	-2.0	-2.0	0	0	0	0	-2.0	0	0	-0.5	-0.5	0	0	-0.5	0	0	-2.0	0	0	0	0	0	0	0	0	0	0	0	0	0	0	0	0	-2.0	0	0	-1.0	-2.0	-0.5	0	-2.0	-2.0	-2.0	-2.0	0	0	0	-2.0	-2.0	-2.0
Actn3	0	0	0	-1.5	-1.5	-1.5	0	0	0	0	0	0	0	0	0	0	-1.5	-3.0	0	0	0	-1.5	0	0	0	0	0	0	-3.0	0	0	-1.5	0	0	0	0	0	0	0	0	0	0	0	0	0	0	0	0	0	0	0	0	0	0	0	0	0
Adam8	0	0	0	0	0	0	0	0	0	0	0	0	0	0	0	0	0	0	0	0	0	0	0	0	0	0	0	0	4.5	1.5	0	0	0	0	0	0	0	0	0	0	0	0	0	1.5	0	0	0	0	0	0	0	0	0	0	0	0	0
Adap1	0	0	0	0	0	0	0	0	0	1.5	0	0	0	1.5	0	0	0	0	0	0	0	1.5	0	1.5	0	1.5	1.5	1.5	0	0	0	0	0	0	1.5	0	0	0	0	0	1.5	0	0	0	1.5	0	0	1.5	1.5	1.5	1.5	0	0	0	1.5	1.5	1.5
Adh1	0	0	0	0	0	0	0	0	0	-0.5	0	0	0	0	0	0	-0.5	0	0	0	0	0	0	0	0	0	0	0	0	0	0	0	0	0	0	0	0	0	0	0	0	0	0	0	0	0	0	0	0	0	0	0	0	0	0	0	0
Adpgk	0	0	0	0	0	0	0	0	0	0	0	0	0	-1.5	0	0	-1.5	-1.5	0	0	0	0	0	-1.5	0	0	0	0	0	0	0	0	0	0	0	0	0	0	0	0	-1.5	0	0	0	-1.5	0	0	-1.5	-1.5	-1.5	-1.5	0	0	0	-1.5	-1.5	-1.5
Aebp1	0	0	0	-6.0	-6.0	-6.0	0	0	0	0	0	0	0	-1.5	0	0	-3.0	0	0	0	0	0	0	-1.5	0	0	0	0	0	0	0	0	0	0	-2.0	0	0	0	0	0	-1.5	0	0	-1.5	-1.5	0	0	-1.5	-1.5	-1.5	-1.5	0	0	0	-1.5	-1.5	-1.5
Afmid	1.5	0	0	1.5	1.5	1.5	0	3.0	3.0	0	0	0	0	1.5	0	0	1.5	7.5	0	0	0	0	0	1.5	0	1.5	1.5	1.5	0	0	0	0	0	0	0	0	0	0	0	0	1.5	0	0	0	1.5	1.5	0	1.5	1.5	1.5	1.5	0	0	0	1.5	1.5	1.5
Agpat2	0	0	0	4.5	4.5	4.5	0	6.0	6.0	0	0	0	0	3.0	0	0	1.5	7.5	0	0	1.5	1.5	0	3.0	0	0	0	0	0	0	0	0	0	0	0	0	0	0	0	0	3.0	0	0	1.5	3.0	1.5	0	3.0	3.0	3.0	3.0	0	0	0	3.0	3.0	3.0
Agrn	0	-1.5	0	-1.5	-1.5	-1.5	0	-4.5	-4.5	0	0	0	0	-3.0	0	0	-1.5	-10.5	0	0	-1.5	-3.0	0	-3.0	0	0	0	0	0	0	0	0	0	0	0	0	0	0	0	0	-3.0	0	0	-3.0	-3.0	-1.5	0	-3.0	-3.0	-3.0	-3.0	0	0	0	-3.0	-3.0	-3.0
Agrp	-1.5	-1.5	0	-6.0	-6.0	-6.0	0	-3.0	-3.0	0	0	-1.0	-1.0	-5.0	0	0	0	-4.5	0	0	-1.5	-1.5	0	-5.0	0	0	0	0	0	0	0	0	0	0	0	0	0	0	0	0	-5.0	0	0	-1.5	-5.0	-1.5	0	-5.0	-5.0	-5.0	-5.0	0	0	0	-5.0	-5.0	-5.0
Ahrr	0	-0.5	0	0	0	0	0	0	0	0	0	0	0	0	0	0	0	0	0	0	0	0	0	0	0	0	0	0	0	-0.5	0	0	0	0	0	0	0	0	0	0	0	0	0	0	0	0	0	0	0	0	0	0	0	0	0	0	0
Aim1l	0	0	0	0	0	0	0	1.5	1.5	0	0	0	0	1.5	0	0	0	0	0	0	1.5	0	0	1.5	0	0	0	0	0	0	0	0	0	0	0	0	0	0	0	0	1.5	0	0	0	1.5	0	0	1.5	1.5	1.5	1.5	0	0	0	1.5	1.5	1.5
Airn	0	0	0	0	0	0	0	0	0	-0.5	0	0	0	0	0	0	0	0	0	0	0	0	0	0	0	0	0	0	0	0	0	0	0	0	-0.5	0	0	0	0	0	0	0	0	0	0	0	0	0	0	0	0	0	0	0	0	0	0
Alpk1	0	0	0	-0.5	-0.5	-0.5	0	-2.0	-2.0	-0.5	0	0	0	-1.0	0	0	0	0	0	0	-0.5	-0.5	0	-1.0	0	0	0	0	0	0	0	0	0	0	0	0	0	0	0	0	-1.0	-0.5	-0.5	0	-1.0	0	0	-1.0	-1.0	-1.0	-1.0	0	0	0	-1.0	-1.0	-1.0
Alpk2	0	0	0	0	0	0	0	0	0	0	0	0	0	0	0	0	-0.5	0	0	0	0	0	0	0	0	0	0	0	0	0	0	0	0	0	0	0	0	0	0	0	0	0	0	0	0	0	0	0	0	0	0	0	0	0	0	0	0
Ampd3	0	-2.0	0	0	0	0	0	0	0	0	0	0	0	-1.5	0	0	-1.5	-9.0	3.0	3.0	0	0	0	-1.5	0	-0.5	-0.5	-0.5	0	0	0.5	0	0	-1.0	0	0	0	0	0	0	-1.5	0	0	0	-1.5	0	0.5	-1.5	-1.5	-1.5	-1.5	0.5	0.5	0	-1.5	-1.5	-1.5
Ank	0	0	0	-1.0	-1.0	-1.0	0	-0.5	-0.5	0	0	0	0	-0.5	0	0	0	0	0	0	-0.5	0	0	-0.5	0	0	0	0	0	0	0	0	0	0	0	0	0	0	0	0	-0.5	-0.5	-0.5	-0.5	-0.5	-0.5	0	-0.5	-0.5	-0.5	-0.5	0	0	0	-0.5	-0.5	-0.5
Ankle1	0	0	0	0	0	0	0	1.5	1.5	0	0	0	0	1.5	0	0	1.5	12.0	0	0	0	0	0	1.5	0	0	0	0	0	0	0	0	0	0	0	0	0	0	0	0	1.5	0	0	0	1.5	0	0	1.5	1.5	1.5	1.5	0	0	0	1.5	1.5	1.5
Ankrd13b	0	0	0	4.5	4.5	4.5	0	3.0	3.0	0	0	0	0	3.0	0	0	1.5	3.0	0	0	0	0	0	3.0	0	0	0	0	0	0	0	0	0	0	0	0	0	0	0	0	3.0	0	0	3.0	3.0	1.5	0	3.0	3.0	3.0	3.0	0	0	0	3.0	3.0	3.0
Ankrd55	0	0	0	0	0	0	0	0	0	0	0	0	0	0	0	0	0	0	0	0	0	0	0	0	0	0	0	0	0	0	0	0	0	0	0	0	0	-1.0	0	0	0	0	0	0	0	0	0	0	0	0	0	0	0	0	0	0	0
Ano1	0	0	0	-4.5	-4.5	-4.5	0	-4.5	-4.5	-1.5	0	0	0	-1.5	0	0	-1.5	-6.0	0	0	0	0	0	-1.5	0	0	0	0	0	0	0	0	0	0	0	0	0	0	0	0	-1.5	0	0	-1.5	-1.5	0	0	-1.5	-1.5	-1.5	-1.5	0	0	0	-1.5	-1.5	-1.5
Anp32a	0	0	0	0	0	0	0	0	0	0	0	0	0	0	0	0	0	4.5	0	0	0	0	0	0	0	0	0	0	0	0	0	0	0	0	1.5	0	1.5	0	0	0	0	0	0	0	0	0	0	0	0	0	0	0	0	0	0	0	0
Antxr2	0	0	0	0	0	0	0	0	0	-1.5	0	0	0	0	0	0	-1.5	0	0	0	0	0	0	0	0	0	0	0	0	0	0	0	0	0	0	0	0	0	0	0	0	0	0	0	0	0	0	0	0	0	0	0	0	0	0	0	0
Anxa2	0	0	0	0	0	0	0	3.0	3.0	0	0	0	0	1.5	3.0	0	0	3.0	0	0	0	0	0	1.5	0	0	0	0	0	0	0	0	0	0	0	0	0	0	0	0	1.5	0	0	0	1.5	1.5	0	1.5	1.5	1.5	1.5	0	0	0	1.5	1.5	1.5
Ap1m2	0	0	0	0	0	0	0	-3.0	-3.0	-1.5	0	0	0	-4.5	0	0	-1.5	-6.0	0	0	-1.5	-3.0	0	-4.5	0	0	0	0	0	0	0	0	0	0	0	0	0	0	0	0	-4.5	0	0	0	-4.5	0	0	-4.5	-4.5	-4.5	-4.5	0	0	0	-4.5	-4.5	-4.5
Aplp2	-0.5	0	0	0	0	0	0	0	0	0	0	0	0	0	0	0	-0.5	0	0	0	0	0	0	0	0	0	0	0	-0.5	0	0	-0.5	0	0	0	0	0	0	0	0	0	0	0	0	0	0	0	0	0	0	0	0	0	0	0	0	0
App	0	-0.5	0	-0.5	-0.5	-0.5	0	-1.5	-1.5	0	0	0	0	-0.5	0	0	0	0	0	0	0	0	0	-0.5	0	0	0	0	0	0	0	0	0	0	0	0	0	0	0	0	-0.5	0	0	-0.5	-0.5	0	0	-0.5	-0.5	-0.5	-0.5	0	0	0	-0.5	-0.5	-0.5
Ar	0	0	0	0	0	0	0	-2.0	-2.0	0	0	0	0	-1.0	0	0	-1.0	0	0	0	-0.5	-0.5	0	-1.0	0	0	0	0	0	0	0	0	0	0	0	0	0	0	0	0	-1.0	0	0	-0.5	-1.0	-0.5	0	-1.0	-1.0	-1.0	-1.0	0	0	0	-1.0	-1.0	-1.0
Arap2	0	0	0	0	0	0	0	-1.0	-1.0	0	0	0	0	-0.5	0	0	-0.5	0	0	0	0	0	0	-0.5	0	0	0	0	0	0	0	-0.5	0	0	0	0	0	0	0	0	-0.5	-0.5	-0.5	0	-0.5	0	0	-0.5	-0.5	-0.5	-0.5	0	0	0	-0.5	-0.5	-0.5
Arhgap29	0	0	0	-0.5	-0.5	-0.5	1.5	-0.5	-0.5	0	1.5	0	0	-0.5	0	0	-0.5	-2.0	6.0	6.0	-0.5	0	0	-0.5	0	0	0	0	0	0	1.5	-0.5	0	0	0	0	0	0	0	0	-0.5	0	0	-0.5	-0.5	0	0	-0.5	-0.5	-0.5	-0.5	0	0	0	-0.5	-0.5	-0.5
Arhgef10	0	0	0	0	0	0	0	-1.5	-1.5	0	0	0	0	-1.5	0	0	0	-1.5	0	0	0	0	0	-1.5	0	0	0	0	0	0	0	0	0	0	0	0	0	0	0	0	-1.5	0	0	0	-1.5	-0.5	0	-1.5	-1.5	-1.5	-1.5	0	0	0	-1.5	-1.5	-1.5
Arl13b	0	0	0	0	0	0	0	0	0	0	0	0	0	-1.5	0	0	-1.5	0	0	0	0	-0.5	0	-1.5	0	0	0	0	0	0	0	0	0	0	0	0	0	0	0	0	-1.5	0	0	-1.0	-1.5	-0.5	0	-1.5	-1.5	-1.5	-1.5	0	0	0	-1.5	-1.5	-1.5
Armcx3	0	-1.0	0	0	0	0	0	0	0	0	0	0	0	0	0	0	0	0	0	0	-0.5	0	-0.5	0	0	0	0	0	0	0	0	0	0	0	0	0	0	-1.5	0	0	0	0	0	0	0	0	0	0	0	0	0	0	0	0	0	0	0
Armcx6	0	-1.0	0	0	0	0	0	0	0	0	0	0	0	0	0	0	0	0	0	0	-0.5	0	-0.5	0	0	0	0	0	0	0	0	0	0	0	0	0	0	-1.5	0	0	0	0	0	0	0	0	0	0	0	0	0	0	0	0	0	0	0
Arrb2	0	3.0	0	4.5	4.5	4.5	0	1.5	1.5	0	0	0	0	4.5	0	0	1.5	1.5	0	0	1.5	1.5	0	4.5	0	0	0	0	3.0	0	0	1.5	0	0	0	0	1.5	0	0	0	4.5	1.5	1.5	0	4.5	0	0	4.5	4.5	4.5	4.5	0	0	0	4.5	4.5	4.5
Arrdc4	0	-1.0	0	-2.0	-2.0	-2.0	1.5	-1.0	-1.0	0	0	0	0	-0.5	0	0	-1.0	0	0	0	0	-0.5	0	-0.5	0	0	0	0	-0.5	0	0	-0.5	0	0	0	0	0	0	0	0	-0.5	0	0	-0.5	-0.5	0	1.5	-0.5	-0.5	-0.5	-0.5	1.5	1.5	1.5	-0.5	-0.5	-0.5
Art3	0	0	0	0	0	0	0	0	0	0	0	0	0	-0.5	0	0	0	0	0	0	0	0	0	-0.5	0	-0.5	-0.5	-0.5	0	0	0	0	0	0	0	0	0	0	0	0	-0.5	0	0	0	-0.5	0	1.5	-0.5	-0.5	-0.5	-0.5	1.5	1.5	0	-0.5	-0.5	-0.5
Asap2	0	-1.0	0	0	0	0	0	0	0	0	0	0	0	-0.5	0	0	-1.5	0	0	0	-0.5	0	0	-0.5	0	0	0	0	0	0	0	0	0	0	0	0	0	0	0	0	-0.5	0	0	0	-0.5	0	0	-0.5	-0.5	-0.5	-0.5	0	0	0	-0.5	-0.5	-0.5
Asph	0	-1.0	0	-0.5	-0.5	-0.5	0	-2.0	-2.0	0	0	0	0	-1.0	0	0	-0.5	-3.0	0	0	0	0	0	-1.0	0	0	0	0	0	0	0	0	0	0	0	0	0	0	0	0	-1.0	-0.5	-0.5	-1.0	-1.0	0	0	-1.0	-1.0	-1.0	-1.0	0	0	0	-1.0	-1.0	-1.0
Astl	0	0	0	0	0	0	0	1.5	1.5	0	0	0	0	0	0	0	0	1.5	0	0	0	0	0	0	0	0	0	0	0	0	0	1.5	0	0	0	0	0	0	0	0	0	0	0	0	0	0	0	0	0	0	0	0	0	0	0	0	0
Atg2a	0	0	0	-1.5	-1.5	-1.5	0	-1.5	-1.5	0	0	0	0	-2.0	0	0	-1.5	-4.5	0	0	0	0	0	-2.0	0	0	0	0	-3.0	0	0	-1.5	0	-1.0	0	0	0	0	0	0	-2.0	0	0	0	-2.0	0	0	-2.0	-2.0	-2.0	-2.0	0	0	0	-2.0	-2.0	-2.0
Atp1a2	0	0	0	0	0	0	0	-1.5	-1.5	0	0	0	0	-1.5	0	0	-1.5	0	0	0	0	0	0	-1.5	0	0	0	0	0	0	0	0	0	0	0	0	0	0	0	0	-1.5	0	0	0	-1.5	0	0	-1.5	-1.5	-1.5	-1.5	0	0	0	-1.5	-1.5	-1.5
Atp6v1g2	0	1.5	0	6.0	6.0	6.0	0	1.5	1.5	9.0	0	0	0	3.0	0	0	0	1.5	0	0	1.5	1.5	0	3.0	0	0	0	0	0	0	0	0	0	0	0	0	0	0	0	0	3.0	0	0	1.5	3.0	0	0	3.0	3.0	3.0	3.0	0	0	0	3.0	3.0	3.0
Aw011738	0	-1.5	0	-1.5	-1.5	-1.5	0	-4.5	-4.5	0	0	0	0	-3.0	0	0	-1.5	-10.5	0	0	-1.5	-3.0	0	-3.0	0	0	0	0	0	0	0	0	0	0	0	0	0	0	0	0	-3.0	0	0	-3.0	-3.0	-1.5	0	-3.0	-3.0	-3.0	-3.0	0	0	0	-3.0	-3.0	-3.0
Aw112010	0	0	0	6.0	6.0	6.0	0	1.5	1.5	0	0	0	0	3.0	0	0	1.5	7.5	0	0	1.5	0	0	3.0	0	0	0	0	0	0	0	0	0	0	0	0	0	0	0	0	3.0	0	0	3.0	3.0	0	0	3.0	3.0	3.0	3.0	0	0	0	3.0	3.0	3.0
Axin2	0	0	0	-3.0	-3.0	-3.0	0	-1.5	-1.5	0	0	0	0	-3.0	0	0	0	-6.0	0	0	0	0	0	-3.0	0	0	0	0	0	0	0	0	0	0	0	0	0	0	0	0	-3.0	0	0	-1.5	-3.0	0	0	-3.0	-3.0	-3.0	-3.0	0	0	0	-3.0	-3.0	-3.0
B4galnt2	0	0	0	0	0	0	0	0	0	0	0	0	0	0	0	0	0	0	0	0	0	0	0	0	0	0	0	0	0	-1.5	0	0	0	0	0	0	0	0	0	0	0	0	0	0	0	0	0	0	0	0	0	0	0	0	0	0	0
Bak1	0	0	0	0	0	0	0	0	0	0	0	0	0	1.5	0	0	0	0	0	0	0	1.5	0	1.5	0	0	0	0	0	0	0	0	0	0	0	0	0	0	0	0	1.5	0	0	0	1.5	0	0	1.5	1.5	1.5	1.5	0	0	0	1.5	1.5	1.5
Banf1	0	1.5	0	4.5	4.5	4.5	0	4.5	4.5	0	0	0	0	3.0	0	0	1.5	9.0	0	0	0	0	0	3.0	0	0	0	0	0	0	0	0	0	0	0	0	0	0	0	0	3.0	0	0	3.0	3.0	0	0	3.0	3.0	3.0	3.0	0	0	0	3.0	3.0	3.0
Bank1	-0.5	0	0	0	0	0	0	0	0	0	0	0	0	-0.5	0	0	-1.0	0	0	0	-0.5	0	0	-0.5	0	0	0	0	0	0	0	0	0	0	0	0	0	0	0	0	-0.5	0	0	0	-0.5	0	0	-0.5	-0.5	-0.5	-0.5	0	0	0	-0.5	-0.5	-0.5
Bc021614	0	0	0	0	0	0	0	1.5	1.5	0	0	0	0	1.5	0	0	0	0	0	0	0	0	0	1.5	0	0	0	0	0	0	0	0	0	0	0	0	0	1.5	0	0	1.5	0	0	0	1.5	0	0	1.5	1.5	1.5	1.5	0	0	0	1.5	1.5	1.5
Bc033916	0	0	0	0	0	0	0	0	0	0	-1.0	0	0	0	0	0	0	0	-2.0	-2.0	0	0	0	0	0	0	0	0	0	0	0	0	0	0	0	0	0	0	0	0	0	0	0	0	0	0	-0.5	0	0	0	0	-0.5	-0.5	-0.5	0	0	0
Bc053393	0	0	0	0	0	0	0	0	0	0	0	0	0	0	0	0	-1.5	0	0	0	0	0	0	0	0	0	0	0	0	0	0	0	0	0	0	0	0	0	0	0	0	0	0	0	0	0	0	0	0	0	0	0	0	0	0	0	0
Bc064078	0	0	0	0	0	0	0	0	0	0	0	0	0	0	0	0	-1.0	0	0	0	0	0	0	0	0	0	0	0	0	0	0	0	0	0	0	0	0	0	0	0	0	0	0	0	0	0	0	0	0	0	0	0	0	0	0	0	0
Bcap29	0	3.0	0	1.5	1.5	1.5	0	1.5	1.5	0	0	0	0	1.5	0	0	0	0	0	0	0	0	0	1.5	0	0	0	0	0	0	0	0	0	0	0	0	0	0	0	0	1.5	0	0	1.5	1.5	1.5	0	1.5	1.5	1.5	1.5	0	0	0	1.5	1.5	1.5
Bcar1	0	0	0	-1.5	-1.5	-1.5	0	0	0	0	0	0	0	-1.5	0	0	0	-6.0	3.5	3.5	-1.5	0	0	-1.5	0	0	0	0	0	0	0	-1.5	0	0	0	0	0	0	-1.5	-1.5	-1.5	0	0	0	-1.5	-1.5	1.5	-1.5	-1.5	-1.5	-1.5	1.5	1.5	0	-1.5	-1.5	-1.5
Bcl2l11	0	-1.0	0	0	0	0	0	0	0	0	0	0	0	-0.5	0	0	0	0	0	0	0	0	0	-0.5	0	0	0	0	0	-0.5	0	0	0	0	0	0	0	0	0	0	-0.5	0	0	0	-0.5	0	0	-0.5	-0.5	-0.5	-0.5	0	0	0	-0.5	-0.5	-0.5
Bend3	0	0	0	-3.0	-3.0	-3.0	0	-3.0	-3.0	0	0	0	0	-3.0	0	0	0	-1.5	0	0	-1.5	-1.5	0	-3.0	0	0	0	0	0	0	0	0	0	0	0	0	0	0	0	0	-3.0	0	0	-3.0	-3.0	-1.5	0	-3.0	-3.0	-3.0	-3.0	0	0	0	-3.0	-3.0	-3.0
Birc5	1.5	0	0	1.5	1.5	1.5	0	3.0	3.0	0	0	0	0	1.5	0	0	1.5	7.5	0	0	0	0	0	1.5	0	1.5	1.5	1.5	0	0	0	0	0	0	0	0	0	0	0	0	1.5	0	0	0	1.5	1.5	0	1.5	1.5	1.5	1.5	0	0	0	1.5	1.5	1.5
Bola2	0	3.0	0	0	0	0	0	1.5	1.5	0	0	0	0	4.5	0	0	0	3.0	0	0	3.0	0	1.5	4.5	0	0	0	0	0	0	0	0	0	0	0	0	0	6.0	0	0	4.5	0	0	3.0	4.5	0	0	4.5	4.5	4.5	4.5	0	0	0	4.5	4.5	4.5
Bpnt1	0	0	0	-3.0	-3.0	-3.0	0	-1.5	-1.5	-1.5	0	0	0	0	0	0	-1.5	-7.5	0	0	0	0	0	0	0	0	0	0	0	0	0	0	0	0	0	0	0	0	0	0	0	0	0	-1.5	0	0	0	0	0	0	0	0	0	0	0	0	0
Brf2	0	-1.5	0	0	0	0	0	-1.5	-1.5	0	0	0	0	-0.5	0	0	0	0	0	0	0	-1.5	0	-0.5	0	0	0	0	0	0	0	0	0	0	0	0	0	0	0	0	-0.5	0	0	0	-0.5	0	0	-0.5	-0.5	-0.5	-0.5	0	0	0	-0.5	-0.5	-0.5
Btbd16	0	0	0	-0.5	-0.5	-0.5	0	-0.5	-0.5	0	0	0	0	-1.0	0	0	-1.5	-1.0	0	0	0	0	0	-1.0	0	0	0	0	0	0	0	0	0	0	0	0	0	0	0	0	-1.0	0	0	-0.5	-1.0	0	0	-1.0	-1.0	-1.0	-1.0	0	0	0	-1.0	-1.0	-1.0
Btla	0	-0.5	0	0	0	0	0	0	0	0	0	0	0	-0.5	0	0	0	0	0	0	-0.5	0	0	-0.5	0	0	0	0	0	0	0	0	0	0	0	0	0	0	0	0	-0.5	0	0	0	-0.5	0	0	-0.5	-0.5	-0.5	-0.5	0	0	0	-0.5	-0.5	-0.5
C1qtnf1	0	0	0	-1.5	-1.5	-1.5	0	-1.5	-1.5	-1.5	0	0	0	0	0	0	0	0	0	0	-1.5	0	0	0	0	0	0	0	0	0	0	0	0	0	0	0	0	0	0	0	0	0	0	-1.5	0	-1.5	0	0	0	0	0	0	0	0	0	0	0
Cacna1a	0	0	0	-4.5	-4.5	-4.5	0	-1.5	-1.5	0	0	0	0	-1.5	0	0	0	-6.0	0	0	0	0	0	-1.5	0	0	0	0	0	0	0	0	0	0	0	0	0	0	0	0	-1.5	0	0	-1.5	-1.5	0	0	-1.5	-1.5	-1.5	-1.5	0	0	0	-1.5	-1.5	-1.5
Cacna1f	0	0	0	0	0	0	0	0	0	0	0	0	0	-0.5	0	0	-1.5	0	0	0	-0.5	0	0	-0.5	0	0	0	0	0	0	0	0	0	-1.0	-2.0	0	0	0	0	0	-0.5	0	0	0	-0.5	0	0	-0.5	-0.5	-0.5	-0.5	0	0	0	-0.5	-0.5	-0.5
Cadm1	0	0	0	-3.0	-3.0	-3.0	0	-4.5	-4.5	0	0	0	0	-3.0	0	0	-1.5	-7.5	0	0	0	-1.5	0	-3.0	0	0	0	0	0	0	0	0	0	0	0	0	0	0	0	0	-3.0	0	0	-3.0	-3.0	0	0	-3.0	-3.0	-3.0	-3.0	0	0	0	-3.0	-3.0	-3.0
Caly	0	-1.5	0	0	0	0	0	0	0	0	0	0	0	0	0	0	0	0	0	0	0	0	0	0	0	0	0	0	0	0	0	0	0	0	0	0	0	0	0	0	0	0	0	0	0	0	0	0	0	0	0	0	0	0	0	0	0
Camk2g	0	1.0	0	0	0	0	0	0	0	0	0	0	0	0	0	0	0	0	0	0	0	0	0.5	0	0	0	0	0	0	0	0	0	0	0	0	0	0	2.0	0	0	0	0	0	0	0	0	0	0	0	0	0	0	0	0	0	0	0
Cap1	0	0	0	0	0	0	0	0	0	0	0	0	0	0	0	0	0	3.0	0	0	0	0	0	0	0	0	0	0	0	0	0	0	0	0	1.5	0	0	0	0	0	0	0	0	0	0	0	0	0	0	0	0	0	0	0	0	0	0
Capn3	0	0	0	0	0	0	0	0	0	0	1.5	0	0	-1.0	0	0	-0.5	0	0	0	0	0	0	-1.0	0	0	0	0	0	0	1.5	0	0	0	0	0	0	0	0	0	-1.0	0	0	0	-1.0	0	3.0	-1.0	-1.0	-1.0	-1.0	3.0	3.0	0	-1.0	-1.0	-1.0
Car2	-0.5	0	0	0	0	0	0	-0.5	-0.5	0	0	0	0	-2.0	0	0	0	-2.5	0	0	-0.5	-0.5	0	-2.0	0	0	0	0	0	0	0	0	0	0	0	0	0	0	0	0	-2.0	0	0	-1.0	-2.0	-0.5	0	-2.0	-2.0	-2.0	-2.0	0	0	0	-2.0	-2.0	-2.0
Car5b	0	0	0	0	0	0	0	0	0	0	0	0	0	0	0	0	1.5	9.0	0	0	0	0	0	0	0	0	0	0	0	0	0	0	0	0	0	0	0	0	0	0	0	0	0	0	0	1.5	0	0	0	0	0	0	0	0	0	0	0
Casc5	0	0	0	1.5	1.5	1.5	0	0	0	0	0	0	0	1.5	0	0	1.5	6.0	0	0	1.5	0	0	1.5	0	0	0	0	0	0	0	0	0	0	0	0	0	0	0	0	1.5	0	0	1.5	1.5	0	0	1.5	1.5	1.5	1.5	0	0	0	1.5	1.5	1.5
Cask	0	-0.5	0	-2.0	-2.0	-2.0	0	-1.0	-1.0	0	0	0	0	-2.0	0	0	-0.5	-2.5	0	0	-0.5	-1.0	0	-2.0	0	0	0	0	0	0	0	0	0	0	0	0	0	0	0	0	-2.0	-0.5	-0.5	-1.0	-2.0	-0.5	0	-2.0	-2.0	-2.0	-2.0	0	0	0	-2.0	-2.0	-2.0
Ccdc12	0	0	0	4.5	4.5	4.5	0	3.0	3.0	0	0	0	0	3.0	0	0	1.5	1.5	0	0	3.0	1.5	0	3.0	0	1.5	1.5	1.5	0	0	0	0	0	0	1.5	0	0	0	0	0	3.0	0	0	1.5	3.0	1.5	0	3.0	3.0	3.0	3.0	0	0	0	3.0	3.0	3.0
Ccdc30	0	-3.0	0	0	0	0	0	0	0	0	0	0	0	-2.5	0	0	-1.5	-1.5	0	0	0	-1.5	-0.5	-2.5	0	0	0	0	0	0	0	0	0	0	0	0	0	-1.0	0	0	-2.5	0	0	-1.5	-2.5	0	0	-2.5	-2.5	-2.5	-2.5	0	0	0	-2.5	-2.5	-2.5
Ccdc51	0	0	0	1.5	1.5	1.5	0	0	0	1.5	0	0	0	1.5	0	0	1.5	1.5	0	0	0	0	0	1.5	0	0	0	0	4.5	0	0	1.5	0	1.5	0	0	0	0	0	0	1.5	0	0	0	1.5	0	0	1.5	1.5	1.5	1.5	0	0	0	1.5	1.5	1.5
Ccdc57	0	-1.5	0	-6.0	-6.0	-6.0	0	-4.5	-4.5	0	0	0	0	-4.5	0	0	-1.5	-10.5	0	0	-1.5	0	0	-4.5	0	0	0	0	-1.5	-1.5	0	-1.5	0	0	0	0	0	0	0	0	-4.5	-1.5	-1.5	-3.0	-4.5	0	0	-4.5	-4.5	-4.5	-4.5	0	0	0	-4.5	-4.5	-4.5
Ccdc63	0	0	0	1.5	1.5	1.5	0	0	0	0	0	0	0	0	0	0	0	0	0	0	0	0	0	0	0	0	0	0	0	0	0	0	0	0	0	0	0	0	0	0	0	0	0	0	0	0	0	0	0	0	0	0	0	0	0	0	0
Ccl5	0	0	0	0	0	0	0	0	0	0	0	0	0	0	0	0	0	0	0	0	0	0	0	0	0	0	0	0	0	0	0	0	0	0	0	0	0	0	0	0	0	0	0	0	0	0	0.5	0	0	0	0	0.5	0.5	0	0	0	0
Ccnd3	1.5	0	0	6.0	6.0	6.0	0	1.5	1.5	1.5	0	0	0	4.5	0	0	1.5	0	0	0	0	1.5	0	4.5	0	1.5	1.5	1.5	0	0	0	0	0	0	0	0	1.5	0	0	0	4.5	0	0	1.5	4.5	1.5	0	4.5	4.5	4.5	4.5	0	0	0	4.5	4.5	4.5
Ccr8	0	0	0	0	0	0	0	0	0	0	0	0	0	1.5	0	0	0	0	0	0	1.5	1.5	0	1.5	0	0	0	0	0	0	0	0	0	1.5	0	0	0	0	0	0	1.5	0	0	0	1.5	0	0	1.5	1.5	1.5	1.5	0	0	0	1.5	1.5	1.5
Cd200r4	0	0	0	0	0	0	0	0	0	-0.5	0	0	0	0	0	0	0	0	0	0	0	0	0	0	0	0	0	0	0	0	0	0	0	0	0	0	0	0	0	0	0	0	0	0	0	0	0	0	0	0	0	0	0	0	0	0	0
Cd27	0	0	0	0	0	0	0	-1.5	-1.5	0	0.5	0	0	-0.5	0	0	-3.0	0	0	0	0	0	0	-0.5	0	0	0	0	0	0	0	0	0	0	-0.5	0	0	0	0	0	-0.5	0	0	0	-0.5	0	0	-0.5	-0.5	-0.5	-0.5	0	0	0	-0.5	-0.5	-0.5
Cd3d	0	0	0	0	0	0	0	1.5	1.5	1.5	0	0	0	3.0	0	0	0	0	0	0	1.5	0	0	3.0	0	0	0	0	0	0	0	0	0	0	0	0	0	0	0	0	3.0	0	0	0	3.0	1.5	0	3.0	3.0	3.0	3.0	0	0	0	3.0	3.0	3.0
Cd3g	0	0	0	0	0	0	0	1.5	1.5	1.5	0	0	0	3.0	0	0	0	0	0	0	1.5	0	0	3.0	0	0	0	0	0	0	0	0	0	0	0	0	0	0	0	0	3.0	0	0	0	3.0	1.5	0	3.0	3.0	3.0	3.0	0	0	0	3.0	3.0	3.0
Cd52	0	0	0	0	0	0	0	1.5	1.5	0	0	0	0	1.5	0	0	0	0	0	0	1.5	0	0	1.5	0	0	0	0	0	0	0	0	0	0	0	0	0	0	0	0	1.5	0	0	0	1.5	0	0	1.5	1.5	1.5	1.5	0	0	0	1.5	1.5	1.5
Cd83	0	0	0	0	0	0	0	-0.5	-0.5	0	1.5	0	0	0	0	0	-0.5	0	0	0	0	-0.5	0	0	0	-0.5	-0.5	-0.5	0	0	1.5	0	0	0	0	0	0	0	0	0	0	0	0	0	0	0	0	0	0	0	0	0	0	0	0	0	0
Cdca5	0	0	0	1.5	1.5	1.5	0	1.5	1.5	1.5	0	0	0	0	0	0	1.5	0	0	0	1.5	0	0	0	0	0	0	0	0	0	0	0	0	0	0	0	0	0	0	0	0	0	0	0	0	0	0	0	0	0	0	0	0	0	0	0	0
Cdh10	0	0	0	0	0	0	0	0	0	0	0	0	0	-1.5	0	0	-0.5	0	0	0	0	0	0	-1.5	0	0	0	0	0	0	0	0	0	0	-1.5	0	0	0	0	0	-1.5	0	0	0	-1.5	0	0	-1.5	-1.5	-1.5	-1.5	0	0	0	-1.5	-1.5	-1.5
Cdk1	0	0	0	3.5	3.5	3.5	0	1.5	1.5	0	0	0	0	0	0	0	0	7.5	0	0	1.5	0	0	0	0	0	0	0	4.5	0	0	1.5	0	0	0	0	0	0	0	0	0	0	0	0	0	0	0	0	0	0	0	0	0	0	0	0	0
Cdkn2d	0	0	0	0	0	0	0	0	0	0	0	0	0	3.0	0	0	0	0	0	0	1.5	0	0	3.0	0	0	0	0	0	0	0	0	0	0	1.5	0	1.5	0	0	0	3.0	0	0	0	3.0	0	0	3.0	3.0	3.0	3.0	0	0	0	3.0	3.0	3.0
Cenpi	0	0	0	0	0	0	0	0	0	0	0	0	0	0	0	0	1.5	0	0	0	0	0	0	0	0	1.5	1.5	1.5	0	0	0	0	0	1.5	1.5	0	0	0	0	0	0	0	0	0	0	0	0	0	0	0	0	0	0	0	0	0	0
Cenpm	0	0	0	1.5	1.5	1.5	0	4.5	4.5	0	0	0	0	1.5	0	0	0	0	0	0	0	0	0	1.5	0	0	0	0	3.0	0	0	0	0	0	0	0	1.5	0	0	0	1.5	0	0	1.5	1.5	0	0	1.5	1.5	1.5	1.5	0	0	0	1.5	1.5	1.5
Chd3	0	0	0	-4.5	-4.5	-4.5	0	-1.5	-1.5	0	0	0	0	-4.5	0	0	0	-1.5	0.5	0.5	0	-1.5	0	-4.5	0	0	0	0	0	-1.5	0	0	0	0	0	0	0	0	0	0	-4.5	0	0	-1.5	-4.5	0	1.5	-4.5	-4.5	-4.5	-4.5	1.5	1.5	0	-4.5	-4.5	-4.5
Chst15	0	-0.5	0	-1.0	-1.0	-1.0	0	-1.5	-1.5	0	3.0	0	0	-1.5	0	0	-1.5	-1.0	3.0	3.0	-0.5	-0.5	0	-1.5	0	0	0	0	0	0	0	0	0	0	-0.5	1.5	0	0	0	0	-1.5	0	0	-1.0	-1.5	-0.5	4.5	-1.5	-1.5	-1.5	-1.5	4.5	4.5	1.5	-1.5	-1.5	-1.5
Chsy1	0	0	0	0	0	0	0	0	0	0	0	0	0	0	0	0	0	0	0	0	0	0	0	0	0	0	0	0	0	0	0	0	0	1.5	1.5	0	0	0	0	0	0	0	0	0	0	0	0	0	0	0	0	0	0	0	0	0	0
Cirbp	0	0	0	-1.5	-1.5	-1.5	0	-1.5	-1.5	-1.5	0	0	0	-3.0	0	0	-1.5	-7.5	0	0	-1.5	-1.5	0	-3.0	0	0	0	0	-3.0	0	0	-1.5	0	0	0	0	0	0	0	0	-3.0	0	0	0	-3.0	-1.5	0	-3.0	-3.0	-3.0	-3.0	0	0	0	-3.0	-3.0	-3.0
Cisd3	0	0	0	0	0	0	0	1.5	1.5	1.5	0	0	0	1.5	0	0	0	0	0	0	0	0	0	1.5	0	0	0	0	0	0	0	0	0	0	1.5	0	0	0	0	0	1.5	0	0	0	1.5	0	0	1.5	1.5	1.5	1.5	0	0	0	1.5	1.5	1.5
Cish	1.5	0	0	0	0	0	0	0	0	0	0	0	0	1.5	0	0	0	0	0	0	0	0	0	1.5	0	0	0	0	0	0	0	0	0	0	0	0	1.5	0	0	0	1.5	0	0	0	1.5	0	0	1.5	1.5	1.5	1.5	0	0	0	1.5	1.5	1.5
Cks2	0	0	0	0	0	0	0	0	0	0	0	0	0	0	0	0	0	0	0	0	0	0	0	0	0	1.5	1.5	1.5	0	0	0	0	0	0	0	0	0	0	0	0	0	0	0	0	0	0	0	0	0	0	0	0	0	0	0	0	0
Clcn3	0	-1.0	0	0	0	0	0	0	0	0	0	0	0	-0.5	0	0	0	0	0	0	0	0	0	-0.5	0	-0.5	-0.5	-0.5	0	0	0	0	0	0	0	0	0	0	0	0	-0.5	0	0	0	-0.5	0	0	-0.5	-0.5	-0.5	-0.5	0	0	0	-0.5	-0.5	-0.5
Clnk	0	0	0	0	0	0	0	0	0	0	0	0	0	0	0	0	0	0	0	0	0	0	0	0	0	0	0	0	0	-0.5	0	0	0	0	0	0	0	0	0	0	0	0	0	0	0	0	0	0	0	0	0	0	0	0	0	0	0
Cmah	0	1.5	0	0	0	0	0	1.5	1.5	1.5	0	0	0	1.5	0	0	0	0	0	0	1.5	0	0	1.5	0	0	0	0	0	0	0	0	0	0	0	0	0	0	1.5	1.5	1.5	0	0	0	1.5	0	0	1.5	1.5	1.5	1.5	0	0	0	1.5	1.5	1.5
Cmtm6	0	1.5	0	3.0	3.0	3.0	0	1.5	1.5	0	0	0	0	1.5	0	0	0	0	0	0	0	1.5	0	1.5	0	0	0	0	0	0	0	0	0	0	0	0	0	0	0	0	1.5	0	0	1.5	1.5	0	0	1.5	1.5	1.5	1.5	0	0	0	1.5	1.5	1.5
Cmtm7	1.5	1.5	0	3.0	3.0	3.0	0	1.5	1.5	0	0	0	0	7.5	0	0	1.5	6.0	0	0	0	1.5	0	7.5	0	0	0	0	0	1.5	0	0	0	0	0	0	1.5	0	0	0	7.5	0	0	3.0	7.5	0	0	7.5	7.5	7.5	7.5	0	0	0	7.5	7.5	7.5
Cmtm8	-1.5	-1.5	0	-1.5	-1.5	-1.5	0	0	0	0	0	0	0	-4.5	0	0	-1.5	-6.0	0	0	0	0	0	-4.5	0	0	0	0	0	-1.5	0	0	0	0	0	0	0	0	0	0	-4.5	0	0	-1.5	-4.5	0	0	-4.5	-4.5	-4.5	-4.5	0	0	0	-4.5	-4.5	-4.5
Cnnm2	0	-1.5	0	-3.0	-3.0	-3.0	0	-1.5	-1.5	0	0	0	0	-3.0	0	0	-3.0	-9.0	0	0	-1.5	-1.5	0	-3.0	0	0	0	0	-3.0	0	0	-1.5	0	0	0	0	0	0	-1.5	-1.5	-3.0	0	0	-1.5	-3.0	0	0	-3.0	-3.0	-3.0	-3.0	0	0	0	-3.0	-3.0	-3.0
Cnnm4	0	0	0	-4.5	-4.5	-4.5	0	-3.0	-3.0	0	0	0	0	-1.5	0	0	-1.5	-6.0	0	0	-1.5	0	0	-1.5	0	0	0	0	0	0	0	0	0	0	0	0	0	0	0	0	-1.5	0	0	-3.0	-1.5	0	0	-1.5	-1.5	-1.5	-1.5	0	0	0	-1.5	-1.5	-1.5
Cntln	-0.5	0	1.0	-2.0	-2.0	-2.0	0	-0.5	-0.5	0	3.0	0	0	-1.5	0	0	-1.5	0	0	0	-1.0	-0.5	0	-1.5	0	0	0	0	0	0	1.5	-0.5	0	0	-0.5	1.5	0	0	0	0	-1.5	0	0	-0.5	-1.5	-0.5	4.5	-1.5	-1.5	-1.5	-1.5	4.5	4.5	0	-1.5	-1.5	-1.5
Coasy	0	0	0	4.5	4.5	4.5	0	1.5	1.5	0	0	0	0	0	0	0	3.0	0	0	0	0	0	0	0	0	0	0	0	4.5	0	0	1.5	0	0	0	0	0	0	0	0	0	0	0	0	0	0	0	0	0	0	0	0	0	0	0	0	0
Col15a1	0	0	0	0	0	0	0	0	0	0	0	0	0	-0.5	-0.5	0	-0.5	0	0	0	0	0	0	-0.5	0	-0.5	-0.5	-0.5	0	0	0	0	0	0	0	0	0	0	0	0	-0.5	0	0	0	-0.5	0	0	-0.5	-0.5	-0.5	-0.5	0	0	0	-0.5	-0.5	-0.5
Col23a1	0	0	0	0	0	0	0	-1.5	-1.5	0	0	0	0	-3.0	0	0	-1.5	-4.5	0	0	0	0	0	-3.0	0	0	0	0	0	0	0	0	0	0	0	0	0	0	0	0	-3.0	0	0	0	-3.0	-1.5	0	-3.0	-3.0	-3.0	-3.0	0	0	0	-3.0	-3.0	-3.0
Colq	0	0	0	0	0	0	0	1.5	1.5	0	0	0	0	3.0	0	0	0	0	0	0	1.5	0	0	3.0	0	0	0	0	0	0	0	0	0	0	0	0	0	0	0	0	3.0	0	0	0	3.0	0	0	3.0	3.0	3.0	3.0	0	0	0	3.0	3.0	3.0
Commd5	0	0	0	0	0	0	0	1.5	1.5	0	0	0	0	0	0	0	1.5	6.0	0	0	1.5	0	0	0	0	0	0	0	0	0	0	0	0	0	0	0	0	0	0	0	0	0	0	1.5	0	1.5	0	0	0	0	0	0	0	0	0	0	0
Copz2	0	0	0	0	0	0	0	-4.5	-4.5	0	0	0	0	-3.0	0	0	-1.5	0	0	0	0	0	0	-3.0	0	0	0	0	0	0	0	0	0	0	0	0	0	0	0	0	-3.0	0	0	-1.5	-3.0	0	0	-3.0	-3.0	-3.0	-3.0	0	0	0	-3.0	-3.0	-3.0
Coro1a	0	3.0	0	0	0	0	0	1.5	1.5	0	0	0	0	4.5	0	0	0	3.0	0	0	3.0	0	1.5	4.5	0	0	0	0	0	0	0	0	0	0	0	0	0	6.0	0	0	4.5	0	0	3.0	4.5	0	0	4.5	4.5	4.5	4.5	0	0	0	4.5	4.5	4.5
Cotl1	0	0	0	0	0	0	0	0	0	0	0	0	0	0	0	0	0	0	0	0	0	0	0	0	0	0	0	0	0	0	0	0	0	0	1.5	0	0	0	0	0	0	0	0	0	0	0	0	0	0	0	0	0	0	0	0	0	0
Crim1	0	-0.5	0	-1.0	-1.0	-1.0	1.5	-1.0	-1.0	0	3.0	0	0	-1.5	0	0	-1.0	-0.5	1.5	1.5	-0.5	-0.5	0	-1.5	0	0	0	0	-0.5	0	1.5	-0.5	0.5	0	0	0	0	0	0	0	-1.5	-0.5	-0.5	-1.0	-1.5	-0.5	4.5	-1.5	-1.5	-1.5	-1.5	4.5	4.5	1.5	-1.5	-1.5	-1.5
Crip1	0	0	0	4.5	4.5	4.5	0	3.0	3.0	3.0	0	0	0	4.5	0	3.0	1.5	0	0	0	1.5	1.5	0	4.5	0	0	0	0	4.5	0	0	1.5	0	0	0	0	0	0	0	0	4.5	0	0	1.5	4.5	1.5	0	4.5	4.5	4.5	4.5	0	0	0	4.5	4.5	4.5
Cryba4	0	0	0	0	0	0	0	0	0	0	0	0	0	0	0	0	0	6.0	-1.5	-1.5	0	0	0	0	0	0	0	0	0	0	0	0	0	0	0	0	0	0	0	0	0	0	0	0	0	0	0	0	0	0	0	0	0	0	0	0	0
Csrp2	0	-1.0	0	-0.5	-0.5	-0.5	0	-0.5	-0.5	0	0	0	0	-1.5	0	0	-0.5	-3.0	0	0	0	-0.5	0	-1.5	0	0	0	0	0	0	0	0	0	0	0	0	0	0	0	0	-1.5	-0.5	-0.5	-0.5	-1.5	-0.5	0	-1.5	-1.5	-1.5	-1.5	0	0	0	-1.5	-1.5	-1.5
Cstb	0	-1.5	0	0	0	0	0	-6.0	-6.0	0	0	0	0	-1.5	0	0	-1.5	-6.0	0	0	0	0	-0.5	-1.5	0	0	0	0	0	0	0	0	0	0	0	0	0	-1.0	0	0	-1.5	0	0	-1.5	-1.5	-1.5	0	-1.5	-1.5	-1.5	-1.5	0	0	0	-1.5	-1.5	-1.5
Cul7	0	-3.0	0	-1.5	-1.5	-1.5	0	-1.5	-1.5	0	0	0	0	-0.5	0	0	-3.0	0	0	0	0	-1.5	-0.5	-0.5	0	0	0	0	-1.5	0	0	-1.5	0	0	0	0	0	-1.5	0	0	-0.5	0	0	0	-0.5	0	0	-0.5	-0.5	-0.5	-0.5	0	0	0	-0.5	-0.5	-0.5
Cul9	0	0	0	0	0	0	0.5	-1.5	-1.5	-1.5	0.5	0	0	-4.0	0	0	-3.0	0	0	0	0	-3.0	0	-4.0	0	0	0	0	-1.5	0	0	-1.5	0	0	0	0	0	0	0	0	-4.0	0	0	-1.5	-4.0	-1.5	0.5	-4.0	-4.0	-4.0	-4.0	0.5	0.5	0.5	-4.0	-4.0	-4.0
Cutc	1.5	0	0	3.0	3.0	3.0	0	1.5	1.5	3.0	0	0	0	1.5	0	0	0	0	0	0	0	0	0	1.5	0	0	0	0	0	0	0	0	0	0	0	0	0	0	0	0	1.5	1.5	1.5	1.5	1.5	0	0	1.5	1.5	1.5	1.5	0	0	0	1.5	1.5	1.5
Cx3cr1	0	0	0	0	0	0	0	0	0	1.5	0	0	0	0	0	0	0	1.5	0	0	3.0	0	0	0	0	0	0	0	0	0	0	0	0	0	1.5	0	1.5	0	0	0	0	0	0	0	0	0	0	0	0	0	0	0	0	0	0	0	0
Cxcl10	0	0	0	0	0	0	0	0	0	0	0	0	0	-0.5	0	0	0	0	0	0	0	0	0	-0.5	0	-0.5	-0.5	-0.5	0	0	0	0	0	0	0	0	0	0	0	0	-0.5	0	0	0	-0.5	0	0	-0.5	-0.5	-0.5	-0.5	0	0	0	-0.5	-0.5	-0.5
Cxcl11	0	0	0	0	0	0	0	0	0	0	0	0	0	-0.5	0	0	0	0	0	0	0	0	0	-0.5	0	-0.5	-0.5	-0.5	0	0	0	0	0	0	0	0	0	0	0	0	-0.5	0	0	0	-0.5	0	0	-0.5	-0.5	-0.5	-0.5	0	0	0	-0.5	-0.5	-0.5
Cyba	1.5	3.0	0	0	0	0	0	0	0	0	0	0	0	1.5	0	0	0	0	0	0	1.5	0	1.5	1.5	0	1.5	1.5	1.5	0	0	0	0	0	0	0	0	0	6.0	0	0	1.5	0	0	0	1.5	0	0	1.5	1.5	1.5	1.5	0	0	0	1.5	1.5	1.5
Cyp39a1	0	0	0	-1.5	-1.5	-1.5	0	-0.5	-0.5	0	0	0	0	-0.5	0	0	-0.5	0	0	0	-0.5	0	0	-0.5	0	0	0	0	-1.5	0	0	-0.5	0	0	0	0	0	0	0	0	-0.5	0	0	0	-0.5	-0.5	0	-0.5	-0.5	-0.5	-0.5	0	0	0	-0.5	-0.5	-0.5
D030056l22rik	0	-1.5	0	-1.5	-1.5	-1.5	0	-4.5	-4.5	-9.0	0	0	0	-4.5	0	0	-1.5	-7.5	0	0	0	0	0	-4.5	0	0	0	0	0	0	0	0	0	0	0	0	0	0	0	0	-4.5	0	0	0	-4.5	0	0	-4.5	-4.5	-4.5	-4.5	0	0	0	-4.5	-4.5	-4.5
Daxx	0	0.5	0	1.5	1.5	1.5	0	2.0	2.0	9.0	0	0	0	4.5	0	0	1.5	6.5	0	0	1.5	0.5	0	4.5	0	0	0	0	3.0	0	0	1.5	0	0	0	0	0	0	1.5	1.5	4.5	0.5	0.5	0.5	4.5	0	0	4.5	4.5	4.5	4.5	0	0	0	4.5	4.5	4.5
Dbndd2	0	0	0	0	0	0	0	0	0	0	0.5	0	0	0	0	0	0	0	0	0	0	0	0	0	0	0	0	0	0	0	0	0	0	0	0	0	0	0	0	0	0	0	0	0	0	0	0	0	0	0	0	0	0	0	0	0	0
Dcbld2	0	0	0	-1.0	-1.0	-1.0	0	-0.5	-0.5	0	0	0	0	-1.0	0	0	0	0	0	0	0	0	0	-1.0	0	0	0	0	0	0	0	0	0	0	0	0	0	0	0	0	-1.0	0	0	-0.5	-1.0	-0.5	0	-1.0	-1.0	-1.0	-1.0	0	0	0	-1.0	-1.0	-1.0
Dclk1	0	0	0	0	0	0	0	0	0	-0.5	0	0	0	-1.5	0	0	0	0	0	0	-0.5	-0.5	0	-1.5	0	0	0	0	0	0	0	0	0	0	-0.5	0	0	0	0	0	-1.5	0	0	-0.5	-1.5	0	0	-1.5	-1.5	-1.5	-1.5	0	0	0	-1.5	-1.5	-1.5
Dclk2	0	0	0	-1.0	-1.0	-1.0	0	-2.0	-2.0	0	1.5	0	0	-2.0	0	0	0	-0.5	1.5	1.5	-0.5	-0.5	0	-2.0	0	0	0	0	0	0	1.5	0	0	0	-1.0	0	0	0	0	0	-2.0	0	0	-1.0	-2.0	0	4.5	-2.0	-2.0	-2.0	-2.0	4.5	4.5	1.5	-2.0	-2.0	-2.0
Dcps	0	0	0	0	0	0	0	0	0	0	0	0	0	1.5	3.0	0	0	0	0	0	0	0	0	1.5	0	0	0	0	3.0	0	0	1.5	0	0	0	0	1.5	0	0	0	1.5	0	0	0	1.5	0	0	1.5	1.5	1.5	1.5	0	0	0	1.5	1.5	1.5
Dctd	0	0	0	0	0	0	0	0	0	1.5	0	0	0	0	0	0	0	0	0	0	0	0	0	0	0	0	0	0	0	0	0	0	0	0	0	0	0	0	0	0	0	0	0	0	0	0	0	0	0	0	0	0	0	0	0	0	0
Dleu2	0	-1.0	0	-2.0	-2.0	-2.0	0	-1.5	-1.5	0	0	0	0	-2.5	0	0	-0.5	-1.0	0	0	-0.5	-1.0	-0.5	-2.5	0	0	0	0	0	0	0	0	0	0	0	0	0	-1.5	-0.5	-0.5	-2.5	0	0	-1.0	-2.5	0	0	-2.5	-2.5	-2.5	-2.5	0	0	0	-2.5	-2.5	-2.5
Dock4	0	0	0	0	0	0	0	0	0	0	0	0	0	0	0	0	0	-7.5	0	0	-0.5	-3.0	0	0	0	0	0	0	0	0	0	0	0	0	0	0	0	0	0	0	0	0	0	0	0	0	0	0	0	0	0	0	0	0	0	0	0
Dot1l	0	0	0	-4.5	-4.5	-4.5	0	-3.0	-3.0	-3.0	0	0	0	-0.5	0	0	-1.5	-10.5	0	0	-1.5	0	0	-0.5	0	0	0	0	0	-1.5	0	0	0	0	0	0	0	0	0	0	-0.5	0	0	0	-0.5	-1.5	0	-0.5	-0.5	-0.5	-0.5	0	0	0	-0.5	-0.5	-0.5
Dtx4	0	0	0	0	0	0	0	0	0	0	0	0	0	-1.5	0	0	0	-6.0	0	0	0	0	0	-1.5	0	0	0	0	0	0	0	0	0	-1.0	0	0	0	0	0	0	-1.5	0	0	0	-1.5	0	0	-1.5	-1.5	-1.5	-1.5	0	0	0	-1.5	-1.5	-1.5
Dusp2	0	0	0	0	0	0	0	1.5	1.5	0	0	0	0	0	0	0	0	1.5	0	0	0	0	0	0	0	0	0	0	0	0	0	1.5	0	0	0	0	0	0	0	0	0	0	0	0	0	0	0	0	0	0	0	0	0	0	0	0	0
Dusp7	0	3.0	0	1.5	1.5	1.5	0	3.0	3.0	0	0	0	0	3.0	0	0	1.5	9.0	0	0	0	1.5	0	3.0	0	0	0	0	0	0	0	0	0	0	0	0	0	6.0	0	0	3.0	1.5	1.5	3.0	3.0	1.5	0	3.0	3.0	3.0	3.0	0	0	0	3.0	3.0	3.0
E130112n10rik	0	0	0	0	0	0	0	-1.5	-1.5	0	0	0	0	-0.5	0	0	-3.0	0	0	0	0	0	0	-0.5	0	0	0	0	0	0	0	0	0	0	-0.5	0	0	0	0	0	-0.5	0	0	0	-0.5	0	0	-0.5	-0.5	-0.5	-0.5	0	0	0	-0.5	-0.5	-0.5
E2f8	0	3.0	0	6.5	6.5	6.5	0	3.0	3.0	0	0	0	0	3.0	0	0	3.0	3.0	0	0	1.5	3.0	0	3.0	0	0	0	0	3.0	0	0	1.5	0	0	0	0	0	0	0	0	3.0	1.5	1.5	3.0	3.0	0	0	3.0	3.0	3.0	3.0	0	0	0	3.0	3.0	3.0
Ece1	0	0	0	0	0	0	0	0	0	0	-0.5	0	0	0	0	0	0	0	0	0	0	0	0	0	0	0	0	0	0	0	0	0	0	0	0	0	0	0	0	0	0	0	0	0	0	0	-0.5	0	0	0	0	-0.5	-0.5	0	0	0	0
Echs1	0	0	0	0	0	0	0	0	0	0	0	0	0	0	0	0	0	7.5	0	0	0	0	0	0	0	0	0	0	0	0	0	0	0	0	0	0	0	0	0	0	0	0	0	1.5	0	0	0	0	0	0	0	0	0	0	0	0	0
Eepd1	0	0	0	0	0	0	0	-0.5	-0.5	0	0	0	0	0	0	0	0	0	0	0	0	0	0	0	0	0	0	0	0	0	0	0	0	0	0	0	0	0	0	0	0	0	0	0	0	0	0	0	0	0	0	0	0	0	0	0	0
Efcab4a	-1.5	0	0	-1.5	-1.5	-1.5	0	-1.5	-1.5	0	0	0	0	-1.5	0	0	0	0	0	0	0	-1.5	0	-1.5	0	0	0	0	0	0	0	-1.5	0	0	-0.5	0	0	0	0	0	-1.5	0	0	-1.5	-1.5	0	0	-1.5	-1.5	-1.5	-1.5	0	0	0	-1.5	-1.5	-1.5
Efna1	0	0	0	0	0	0	0	-1.5	-1.5	-3.0	0	0	0	0	0	0	0	0	0	0	0	0	0	0	0	0	0	0	0	0	0	0	0	0	0	0	0	0	0	0	0	0	0	0	0	-1.5	0	0	0	0	0	0	0	0	0	0	0
Efnb1	0	0	0	0	0	0	0	0	0	0	0	0	0	-1.0	-0.5	0	-0.5	-3.0	0	0	0	0	0	-1.0	0	0	0	0	0	0	0	0	0	0	-1.0	0	0	0	0	0	-1.0	0	0	0	-1.0	0	0	-1.0	-1.0	-1.0	-1.0	0	0	0	-1.0	-1.0	-1.0
Elf1	0	-1.5	0	0	0	0	0	0	0	0	0	0	0	0	0	0	0	0	0	0	0	0	0	0	0	0	0	0	0	0	0	0	0	0	0	0	0	0	0	0	0	0	0	0	0	0	0	0	0	0	0	0	0	0	0	0	0
Elovl5	0	0	0	-4.5	-4.5	-4.5	0	-1.5	-1.5	0	0	0	0	-4.5	0	0	0	0	0	0	-1.5	0	0	-4.5	0	0	0	0	-1.5	0	0	-1.5	0	0	0	0	0	0	0	0	-4.5	-1.5	-1.5	-1.5	-4.5	-1.5	0	-4.5	-4.5	-4.5	-4.5	0	0	0	-4.5	-4.5	-4.5
Elovl7	0	0	0	0	0	0	0	0	0	0	0	0	0	0	0	0	0	0	0	0	0	0	0	0	0	0	0	0	0	0	0	0	0	0	0	0.5	0	0	0	0	0	0	0	0	0	0	0	0	0	0	0	0	0	0.5	0	0	0
Emp3	0	3.0	0	1.5	1.5	1.5	0	3.0	3.0	9.0	0	0	0	0	0	0	1.5	0	0	0	0	0	0	0	0	0	0	0	0	0	0	0	0	0	1.5	0	0	0	0	0	0	0	0	0	0	1.5	0	0	0	0	0	0	0	0	0	0	0
Enpp4	-0.5	-0.5	0	-1.0	-1.0	-1.0	0	-0.5	-0.5	-0.5	0	0	0	-1.5	0	0	0	-1.0	0	0	0	-1.0	0	-1.5	0	0	0	0	-0.5	-0.5	0	0	0	0	0	0	0	0	0	0	-1.5	0	0	-1.0	-1.5	-0.5	0	-1.5	-1.5	-1.5	-1.5	0	0	0	-1.5	-1.5	-1.5
Enpp5	0	0	0	-0.5	-0.5	-0.5	0	-0.5	-0.5	0	0	0	0	0	0	0	0	0	0	0	0	0	0	0	0	0	0	0	0	0	0	0	0	0	0	0	0	0	0	0	0	-0.5	-0.5	0	0	-0.5	0	0	0	0	0	0	0	0	0	0	0
Entpd3	0	0	0	-3.0	-3.0	-3.0	0	-3.0	-3.0	0	0	0	0	-1.5	0	0	-1.5	-6.0	0	0	0	0	0	-1.5	0	0	0	0	-3.0	0	0	-1.5	0	0	0	0	0	0	0	0	-1.5	0	0	0	-1.5	0	0	-1.5	-1.5	-1.5	-1.5	0	0	0	-1.5	-1.5	-1.5
Epb4.1	0	0	0	-6.0	-6.0	-6.0	0	-3.0	-3.0	0	0	0	0	-6.0	0	0	0	-3.0	0	0	0	-1.5	0	-6.0	0	0	0	0	0	0	0	0	0	0	0	0	0	0	0	0	-6.0	0	0	-3.0	-6.0	-1.5	0	-6.0	-6.0	-6.0	-6.0	0	0	0	-6.0	-6.0	-6.0
Eps8	0	3.0	0	1.5	1.5	1.5	0	1.5	1.5	0	0	0	0	3.0	0	0	0	0	0	0	0	0	1.5	3.0	0	0	0	0	0	1.5	0	0	0	0	0	0	0	6.0	0	0	3.0	0	0	1.5	3.0	0	0	3.0	3.0	3.0	3.0	0	0	0	3.0	3.0	3.0
Ets2	0	0	0	0	0	0	0	0	0	0	0	0	0	0	0	0	0	0	0	0	0	0	0	0	0	-0.5	-0.5	-0.5	0	0	0	0	0	0	0	0	0	-1.0	0	0	0	0	0	0	0	0	0	0	0	0	0	0	0	0	0	0	0
Etv1	-0.5	-0.5	0	-0.5	-0.5	-0.5	0	-0.5	-0.5	-0.5	0	0	0	-2.0	0	0	-0.5	-1.0	0	0	-0.5	-1.0	0	-2.0	0	0	0	0	0	0	0	-0.5	0	0	0	0	0	0	-0.5	-0.5	-2.0	0	0	-0.5	-2.0	0	0	-2.0	-2.0	-2.0	-2.0	0	0	0	-2.0	-2.0	-2.0
Evi5	0	0	0	0	0	0	0	-6.0	-6.0	0	0	0	0	-1.5	0	0	0	0	0	0	0	0	0	-1.5	0	0	0	0	0	0	0	0	0	0	0	0	0	0	0	0	-1.5	0	0	0	-1.5	0	0	-1.5	-1.5	-1.5	-1.5	0	0	0	-1.5	-1.5	-1.5
F2rl2	0	0	0	0	0	0	0	0	0	0	0	0	0	0	0	0	0	0	0	0	1.5	0	0	0	0	0	0	0	0	0	0	1.5	0	0	0	0	0	0	0	0	0	0	0	0	0	0	0	0	0	0	0	0	0	0	0	0	0
Fam105a	0	0.5	0	0.5	0.5	0.5	0	0.5	0.5	0	0	0	0	0	0	0	0	0	0	0	0.5	0	0	0	0	0	0	0	0	0	0	0	0	0	0	0	0	0	0	0	0	0	0	0	0	0	0	0	0	0	0	0	0	0	0	0	0
Fam109b	0	-1.5	0	-6.0	-6.0	-6.0	0	-4.5	-4.5	0	0	0	0	-4.5	0	0	-3.0	-9.0	0	0	-1.5	0	0	-4.5	0	-0.5	-0.5	-0.5	-3.0	0	0	-1.5	0	0	0	0	0	0	0	0	-4.5	-1.5	-1.5	-1.5	-4.5	-1.5	0	-4.5	-4.5	-4.5	-4.5	0	0	0	-4.5	-4.5	-4.5
Fam149a	0	-0.5	0	-0.5	-0.5	-0.5	0	-1.0	-1.0	0	0	0	0	-0.5	0	0	-1.0	-1.0	0	0	-0.5	0	0	-0.5	0	0	0	0	0	0	0	0	0	0	0	0	0	0	0	0	-0.5	0	0	0	-0.5	0	0	-0.5	-0.5	-0.5	-0.5	0	0	0	-0.5	-0.5	-0.5
Fam151b	0	0	0	-1.5	-1.5	-1.5	0	-1.5	-1.5	0	0	0	0	0	0	0	0	0	0	0	0	0	0	0	0	0	0	0	0	-1.5	0	0	0	0	0	0	0	0	0	0	0	0	0	-1.5	0	0	0	0	0	0	0	0	0	0	0	0	0
Fam159b	0	0	0	0	0	0	0	0	0	1.5	-0.5	0	0	0	0	0	1.5	0	0	0	0	0	0	0	0	0	0	0	0	0	0	0	0	0	0	0	0	0	0	0	0	0	0	0	0	0	0	0	0	0	0	0	0	0	0	0	0
Fam64a	0	0	0	1.5	1.5	1.5	0	0	0	0	0	0	0	0	0	0	0	0	0	0	0	0	0	0	0	0	0	0	0	0	0	0	0	0	0	0	0	0	0	0	0	1.5	1.5	0	0	0	0	0	0	0	0	0	0	0	0	0	0
Fam69a	0	0	0	0	0	0	0	1.5	1.5	1.5	0	0	0	0	0	0	0	0	0	0	0	0	0	0	0	0	0	0	1.5	0	0	0	0	0	0	0	0	0	0	0	0	0	0	0	0	0	0	0	0	0	0	0	0	0	0	0	0
Fam71b	0	0	0	0	0	0	0	0	0	0	0	0	0	0	0	0	1.5	0	0	0	1.5	0	0	0	0	0	0	0	0	1.5	0	0	0	0	0	0	1.5	0	0	0	0	0	0	0	0	1.5	0	0	0	0	0	0	0	0	0	0	0
Fam89a	0	0	0	6.0	6.0	6.0	0	0	0	0	0	0	0	3.0	0	0	1.5	1.5	0	0	0	0	0	3.0	0	0	0	0	0	0	0	0	0	1.5	0	0	0	0	0	0	3.0	0	0	3.0	3.0	0	0	3.0	3.0	3.0	3.0	0	0	0	3.0	3.0	3.0
Fasn	0	-1.5	0	-6.0	-6.0	-6.0	0	-4.5	-4.5	-9.0	0	0	0	-5.5	0	0	-1.5	-10.5	0	0	-1.5	-1.5	0	-5.5	0	0	0	0	-1.5	-1.5	0	-1.5	0	0	0	0	0	0	0	0	-5.5	-1.5	-1.5	-3.0	-5.5	0	0	-5.5	-5.5	-5.5	-5.5	0	0	0	-5.5	-5.5	-5.5
Fbxo34	0	0	0	-1.0	-1.0	-1.0	0	-0.5	-0.5	0	0	0	0	-1.0	0	0	-0.5	0	0	0	-0.5	0	0	-1.0	0	0	0	0	0	0	0	0	0	0	0	0	0	0	0	0	-1.0	0	0	0	-1.0	0	0	-1.0	-1.0	-1.0	-1.0	0	0	0	-1.0	-1.0	-1.0
Fdps	0	0	0	-1.5	-1.5	-1.5	0	-1.5	-1.5	0	0	0	0	0	0	0	-1.5	-7.5	0	0	0	0	0	0	0	0	0	0	-4.5	0	0	-1.5	0	0	0	0	0	0	0	0	0	0	0	0	0	-1.5	0	0	0	0	0	0	0	0	0	0	0
Fgf9	0	0	0	-1.0	-1.0	-1.0	0	-0.5	-0.5	0	0	0	0	0	0	0	0	-0.5	0	0	-0.5	0	0	0	0	0	0	0	0	0	0	0	0	0	0	0	0	0	0	0	0	0	0	-0.5	0	0	0	0	0	0	0	0	0	0	0	0	0
Fhit	0	-0.5	0	-1.0	-1.0	-1.0	0	-1.0	-1.0	0	1.5	0	0	0	0	0	0	0	0	0	-1.0	-0.5	0	0	0	-0.5	-0.5	-0.5	0	0	0	0	0	0	-1.0	0	0	0	0	0	0	0	0	-0.5	0	-0.5	0	0	0	0	0	0	0	1.5	0	0	0
Fhl2	0	0	0	0.5	0.5	0.5	0	0	0	0	0	0	0	0	0	0	0	0	0	0	0	0	0	0	0	0	0	0	0	0	0	0	0	0	0	0	0	0	0	0	0	0	0	0	0	0.5	0	0	0	0	0	0	0	0	0	0	0
Fkbp1a	0	0	0	1.5	1.5	1.5	0	1.5	1.5	0	0	0	0	4.5	0	0	0	1.5	0	0	0	1.5	0	4.5	0	0	0	0	0	0	0	0	0	0	0	0	1.5	0	0	0	4.5	0	0	1.5	4.5	0	0	4.5	4.5	4.5	4.5	0	0	0	4.5	4.5	4.5
Flcn	0	0	0	0	0	0	0	0	0	0	0	0	0	-1.5	0	0	0	0	0	0	0	0	0	-1.5	0	0	0	0	0	0	0	0	0	0	0	0	0	0	0	0	-1.5	0	0	0	-1.5	0	0	-1.5	-1.5	-1.5	-1.5	0	0	0	-1.5	-1.5	-1.5
Folr4	0	0	0	0	0	0	0	0	0	0	0	0	0	0	0	0	0	0	0	0	0	0	0	0	0	0	0	0	0	0	0	0	0.5	0	0	0	0	0	0	0	0	0	0	0	0	0	1.5	0	0	0	0	1.5	1.5	0	0	0	0
Foxk1	0	1.5	0	0	0	0	0	1.5	1.5	0	0	0	0	1.5	0	0	0	9.0	0	0	0	0	0	1.5	0	0	0	0	0	0	0	1.5	0	1.5	0	0	1.5	0	0	0	1.5	0	0	1.5	1.5	1.5	0	1.5	1.5	1.5	1.5	0	0	0	1.5	1.5	1.5
Foxk2	0	0	0	6.0	6.0	6.0	0	1.5	1.5	0	0	0	0	1.5	0	0	0	0	0	0	1.5	0	0	1.5	0	0	0	0	1.5	0	0	1.5	0	0	0	0	0	0	0	0	1.5	0	0	0	1.5	0	0	1.5	1.5	1.5	1.5	0	0	0	1.5	1.5	1.5
Foxp2	0	0	0	-0.5	-0.5	-0.5	0	-1.5	-1.5	0	0	0	0	-1.5	0	0	-0.5	-0.5	0	0	-0.5	-0.5	0	-1.5	0	0	0	0	0	0	0	0	0	0	-0.5	0	0	0	0	0	-1.5	0	0	0	-1.5	0	0	-1.5	-1.5	-1.5	-1.5	0	0	0	-1.5	-1.5	-1.5
Frmd8	0	0	0	0	0	0	0	0	0	0	0	0	0	1.5	0	0	1.5	0	0	0	0	0	0	1.5	0	0	0	0	0	1.5	0	0	0	0	0	0	1.5	0	0	0	1.5	0	0	0	1.5	0	0	1.5	1.5	1.5	1.5	0	0	0	1.5	1.5	1.5
Fry	0	0	0	4.5	4.5	4.5	0	3.0	3.0	0	0	0	0	4.5	0	0	3.0	9.0	0	0	0	1.5	0	4.5	0	0	0	0	3.0	0	0	1.5	0	0	0	0	1.5	0	0	0	4.5	0	0	1.5	4.5	1.5	0	4.5	4.5	4.5	4.5	0	0	0	4.5	4.5	4.5
Fus	0	0	0	-4.5	-4.5	-4.5	0	-3.0	-3.0	0	0	0	0	-4.5	0	0	-1.5	-6.0	0	0	-1.5	-3.0	0	-4.5	0	0	0	0	0	-1.5	0	0	0	0	0	0	0	0	0	0	-4.5	0	0	-3.0	-4.5	-1.5	0	-4.5	-4.5	-4.5	-4.5	0	0	0	-4.5	-4.5	-4.5
Gadd45a	0	0	0	0	0	0	0	0	0	0	0	0	0	-0.5	0	0	0	0	0	0	0	0	0	-0.5	0	0	0	0	0	0	0	0	0	0	0	0	0	0	0	0	-0.5	0	0	0	-0.5	0	0	-0.5	-0.5	-0.5	-0.5	0	0	0	-0.5	-0.5	-0.5
Galm	0	0	0	0	0	0	0	6.0	6.0	0	0	0	0	3.0	0	0	0	4.5	0	0	0	0	0	3.0	0	0	0	0	0	1.5	0	0	0	0	0	0	0	0	0	0	3.0	0	0	0	3.0	0	0	3.0	3.0	3.0	3.0	0	0	0	3.0	3.0	3.0
Ggta1	0	0	0	0	0	0	0	1.5	1.5	1.5	0	0	0	3.0	0	0	0	0	0	0	0	0	0	3.0	0	0	0	0	0	0	0	1.5	0	0	0	0	1.5	4.5	0	0	3.0	0	0	0	3.0	0	0	3.0	3.0	3.0	3.0	0	0	0	3.0	3.0	3.0
Glipr2	0	0	0	1.5	1.5	1.5	0	1.5	1.5	0	0	0	0	0	0	0	0	0	0	0	0	0	0	0	0	0	0	0	0	0	0	0	0	0	0	0	0	0	0	0	0	0	0	0	0	1.5	0	0	0	0	0	0	0	0	0	0	0
Glt28d2	0	0	0	-0.5	-0.5	-0.5	0	-1.0	-1.0	0	1.5	0	0	-1.0	0	0	-0.5	-3.5	9.5	9.5	0	0	0	-1.0	0	0	0	0	0	0	0	0	0.5	0	0	0	0	0	0	0	-1.0	0	0	-0.5	-1.0	0	3.0	-1.0	-1.0	-1.0	-1.0	3.0	3.0	0	-1.0	-1.0	-1.0
Gm10863	0	0	0	0	0	0	0	1.5	1.5	0	0	0	0	0	0	0	0	1.5	0	0	1.5	1.5	0	0	0	0	0	0	0	0	0	0	0	0	0	0	0	0	0	0	0	0	0	0	0	0	0	0	0	0	0	0	0	0	0	0	0
Gm11529	0	0	0	0	0	0	0	0	0	0	0	0	0	1.5	0	0	0	0	0	0	0	0	0	1.5	0	0	0	0	0	0	0	0	0	0	0	0	0	0	0	0	1.5	0	0	0	1.5	0	0	1.5	1.5	1.5	1.5	0	0	0	1.5	1.5	1.5
Gm16062	0	0	0	0	0	0	0	0	0	0	0	0	0	-1.5	0	0	0	0	0	0	0	0	0	-1.5	0	0	0	0	0	0	0	0	0	0	0	0	0	0	0	0	-1.5	0	0	0	-1.5	0	0	-1.5	-1.5	-1.5	-1.5	0	0	0	-1.5	-1.5	-1.5
Gm4814	0	0	0	0	0	0	0	0	0	0	0	0	0	-1.0	0	0	0	0	0	0	0	0	0	-1.0	0	0	0	0	0	0	0	0	0	0	0	0	0	0	0	0	-1.0	0	0	0	-1.0	0	0	-1.0	-1.0	-1.0	-1.0	0	0	0	-1.0	-1.0	-1.0
Gm6537	0	0	0	3.0	3.0	3.0	0	4.5	4.5	0	0	0	0	0	0	3.0	1.5	3.0	0	0	1.5	0	0	0	0	0	0	0	3.0	0	0	1.5	0	0	1.5	0	0	0	1.5	1.5	0	0	0	1.5	0	1.5	0	0	0	0	0	0	0	0	0	0	0
Gna15	0	0	0	0	0	0	0	0	0	0	0	0	0	1.5	0	0	0	0	0	0	0	0	0	1.5	0	0	0	0	3.0	0	0	0	0	0	0	0	0	0	0	0	1.5	1.5	1.5	0	1.5	0	0	1.5	1.5	1.5	1.5	0	0	0	1.5	1.5	1.5
Gng12	0	0	0	-0.5	-0.5	-0.5	0	-2.0	-2.0	0	1.5	0	0	-1.5	0	0	-0.5	-3.0	9.0	9.0	-0.5	-0.5	0	-1.5	0	0	0	0	0	0	0	0	0	0	0	0	0	0	0	0	-1.5	0	0	-0.5	-1.5	0	4.5	-1.5	-1.5	-1.5	-1.5	4.5	4.5	0	-1.5	-1.5	-1.5
Gng3	0	0	0	0	0	0	0	0	0	0	0	0	0	-1.5	0	0	0	0	0	0	-1.5	-1.5	0	-1.5	0	0	0	0	0	0	0	0	0	0	0	0	0	0	-1.5	-1.5	-1.5	0	0	-1.5	-1.5	0	0	-1.5	-1.5	-1.5	-1.5	0	0	0	-1.5	-1.5	-1.5
Gnptab	0	0	0	1.5	1.5	1.5	0	0.5	0.5	0.5	0	0	0	2.0	0	0	0	0.5	0	0	0	0	0	2.0	0	0	0	0	0	0	0	0	0	0	0	0	0	0	0	0	2.0	0	0	0.5	2.0	0	0	2.0	2.0	2.0	2.0	0	0	0	2.0	2.0	2.0
Gorasp1	0	-3.0	0	0	0	0	0	0	0	-7.5	0	0	0	-3.0	0	0	-1.5	-9.0	0	0	0	0	0	-3.0	0	0	0	0	0	0	0	0	0	0	0	0	0	-1.5	0	0	-3.0	0	0	0	-3.0	0	0	-3.0	-3.0	-3.0	-3.0	0	0	0	-3.0	-3.0	-3.0
Gpm6b	0	0	0	0	0	0	0	0	0	0	1.0	0	0	0	0	0	0	0	0	0	0	0	0	0	0	0	0	0	0	0	0	0	0	0	0	0	0	0	0	0	0	0	0	0	0	0	0.5	0	0	0	0	0.5	0.5	0	0	0	0
Gpr124	0	-1.5	0	0	0	0	0	-1.5	-1.5	0	0	0	0	-0.5	0	0	0	0	0	0	0	-1.5	0	-0.5	0	0	0	0	0	0	0	0	0	0	0	0	0	0	0	0	-0.5	0	0	0	-0.5	0	0	-0.5	-0.5	-0.5	-0.5	0	0	0	-0.5	-0.5	-0.5
Gpr68	0	0	0	0	0	0	0	0	0	0	0	0	0	0	3.0	0	0	0	0	0	0	0	0	0	0	0	0	0	0	0	0	0	0	0	0	0	0	0	0	0	0	0	0	0	0	0	0	0	0	0	0	0	0	0	0	0	0
Gprin3	0	0	0	1.5	1.5	1.5	0	0	0	0	0	0	0	3.0	0	0	0	0	0	0	0	0	0	3.0	0	0	0	0	0	0	0	0	0	0	1.5	0	0	0	0	0	3.0	0	0	0	3.0	0	0	3.0	3.0	3.0	3.0	0	0	0	3.0	3.0	3.0
Gramd1a	0	0	0	0	0	0	0	1.5	1.5	0	0	0	0	1.5	0	0	0	1.5	0	0	1.5	0	0	1.5	0	1.5	1.5	1.5	0	0	0	0	0	0	0	0	1.5	0	0	0	1.5	0	0	1.5	1.5	0	0	1.5	1.5	1.5	1.5	0	0	0	1.5	1.5	1.5
Grhl1	0	0	0	0	0	0	0	-0.5	-0.5	-0.5	0	0	0	-0.5	0	0	-1.0	-1.5	0	0	0	0	0	-0.5	0	0	0	0	0	0	0	0	0	0	0	0	0	0	0	0	-0.5	0	0	0	-0.5	0	0	-0.5	-0.5	-0.5	-0.5	0	0	0	-0.5	-0.5	-0.5
Gsto2	0	0	0	0	0	0	0	-1.5	-1.5	0	0	0	0	0	0	0	-1.5	0	0	0	0	0	0	0	0	0	0	0	0	0	0	0	0	0	0	0	0	0	0	0	0	0	0	-1.5	0	0	0	0	0	0	0	0	0	0	0	0	0
Gtf2ird1	0	1.5	0	0	0	0	0	4.5	4.5	0	0	0	0	1.5	0	0	0	7.5	0	0	0	0	0	1.5	0	0	0	0	0	0	0	0	0	0	0	0	0	0	0	0	1.5	0	0	0	1.5	0	0	1.5	1.5	1.5	1.5	0	0	0	1.5	1.5	1.5
Gtpbp6	-0.5	0	0	0	0	0	0	-0.5	-0.5	0	0	0	0	0	0	0	-0.5	-2.5	0	0	0	0	0	0	0	-0.5	-0.5	-0.5	0	0	0	-0.5	0	0	0	0	0	0	0	0	0	0	0	0	0	0	0	0	0	0	0	0	0	0	0	0	0
H2-dma	0	3.0	0	0	0	0	0	3.0	3.0	0	0	0	0	3.0	0	0	1.5	3.0	0	0	0	0	0	3.0	0	0	0	0	0	0	0	0	0	0	0	0	0	1.5	0	0	3.0	0	0	3.0	3.0	0	0	3.0	3.0	3.0	3.0	0	0	0	3.0	3.0	3.0
Hcst	0	0	0	1.5	1.5	1.5	0	1.5	1.5	0	0	0	0	1.5	0	0	1.5	7.5	0	0	3.0	0	0	1.5	0	0	0	0	0	0	0	0	0	0	0	0	0	0	0	0	1.5	0	0	0	1.5	0	0	1.5	1.5	1.5	1.5	0	0	0	1.5	1.5	1.5
Hhat	0	0	0	0	0	0	0	0	0	0	0	0	0	0	0	0	-1.5	0	0	0	0	0	0	0	0	0	0	0	0	0	0	0	0	0	0	0	0	0	0	0	0	0	0	0	0	0	0	0	0	0	0	0	0	0	0	0	0
Hif1an	0	0	0	0	0	0	0	-1.5	-1.5	-9.0	0	0	0	0	0	0	-2.0	0	0	0	0	0	0	0	0	0	0	0	0	0	0	0	0	0	0	0	0	0	0	0	0	0	0	-1.5	0	0	0	0	0	0	0	0	0	0	0	0	0
Higd1a	0	0	0	0	0	0	0	1.5	1.5	0	0	0	0	1.5	0	0	1.5	6.0	0	0	0	0	0	1.5	0	0	0	0	0	0	0	0	0	0	0	0	0	0	1.5	1.5	1.5	0	0	0	1.5	0	0	1.5	1.5	1.5	1.5	0	0	0	1.5	1.5	1.5
Hinfp	0	0	0	-4.5	-4.5	-4.5	0	0	0	-6.0	0	0	0	-0.5	0	0	-1.5	-4.5	0	0	0	-1.5	0	-0.5	0	0	0	0	-1.5	0	0	-1.5	0	0	0	0	0	0	0	0	-0.5	0	0	-1.5	-0.5	0	0	-0.5	-0.5	-0.5	-0.5	0	0	0	-0.5	-0.5	-0.5
Hmgn1	0	-1.0	0	-1.5	-1.5	-1.5	0	-2.0	-2.0	0	0	0	0	-1.0	0	0	-1.0	-3.0	0	0	-0.5	-1.0	0	-1.0	0	0	0	0	0	0	0	-0.5	0	0	0	0	0	-1.5	0	0	-1.0	-0.5	-0.5	-1.0	-1.0	-0.5	0	-1.0	-1.0	-1.0	-1.0	0	0	0	-1.0	-1.0	-1.0
Homez	0	0	0	1.5	1.5	1.5	0	1.5	1.5	0	0	0	0	1.5	0	0	3.0	0	0	0	0	0	0	1.5	0	0	0	0	1.5	0	0	1.5	0	0	0	0	0	0	0	0	1.5	0	0	0	1.5	0	0	1.5	1.5	1.5	1.5	0	0	0	1.5	1.5	1.5
Hpgds	0	-0.5	0	0	0	0	0	0	0	0	0	0	0	-0.5	0	0	-0.5	0	0	0	0	0	0	-0.5	0	0	0	0	0	0	0	-0.5	0	0	0	0	0	0	0	0	-0.5	0	0	-0.5	-0.5	-0.5	0	-0.5	-0.5	-0.5	-0.5	0	0	0	-0.5	-0.5	-0.5
Hpse2	0	-3.0	0	-1.5	-1.5	-1.5	0	0	0	-3.0	0	0	0	0	0	0	-1.5	-6.0	0	0	0	0	0	0	0	0	0	0	0	0	0	0	0	0	0	0	0	-1.0	0	0	0	0	0	0	0	-1.5	0	0	0	0	0	0	0	0	0	0	0
Hs2st1	0	0	0	0	0	0	0	0	0	0	0	0	0	0	0	0	0	0	0	0	0	0	0	0	0	-0.5	-0.5	-0.5	0	0	0	0	0	0	0	0	0	0	0	0	0	0	0	0	0	0	0	0	0	0	0	0	0	0	0	0	0
Iars2	0	0	0	-3.0	-3.0	-3.0	0	-1.5	-1.5	-1.5	0	0	0	0	0	0	-1.5	-7.5	0	0	0	0	0	0	0	0	0	0	0	0	0	0	0	0	0	0	0	0	0	0	0	0	0	-1.5	0	0	0	0	0	0	0	0	0	0	0	0	0
Ict1	0	0	0	4.5	4.5	4.5	0	1.5	1.5	3.0	0	0	0	0	0	0	1.5	0	0	0	1.5	0	0	0	0	0	0	0	3.0	0	0	1.5	0	0	0	0	0	0	0	0	0	0	0	3.0	0	1.5	0	0	0	0	0	0	0	0	0	0	0
Ier5	0	0	0	0	0	0	0	0	0	0	0	0	0	1.5	0	0	0	0	0	0	0	0	0	1.5	0	0	0	0	0	0	0	0	0	0	0	0	0	0	0	0	1.5	0	0	0	1.5	0	0	1.5	1.5	1.5	1.5	0	0	0	1.5	1.5	1.5
Ifi205	0	0	0	0	0	0	0	0	0	0	0	0	0	-0.5	0	0	-1.5	0	0	0	0	0	0	-0.5	0	0	0	0	0	0	0	0	0	0	-2.0	0	0	0	0	0	-0.5	0	0	0	-0.5	0	0	-0.5	-0.5	-0.5	-0.5	0	0	0	-0.5	-0.5	-0.5
Ifnk	0	0	0	0	0	0	0	0	0	0	0	0	0	0	0	0	0	0	0	0	0	0	0	0	0	0	0	0	0	0	0	0	0	0	-1.0	0	0	0	0	0	0	-0.5	-0.5	0	0	-0.5	0	0	0	0	0	0	0	0	0	0	0
Igsf5	0	-1.0	0	0	0	0	0	-1.5	-1.5	-0.5	0	0	0	-1.5	0	0	-0.5	-3.5	0	0	0	0	0	-1.5	0	0	0	0	0	0	0	0	0	0	0	0	0	0	0	0	-1.5	0	0	-0.5	-1.5	0	0	-1.5	-1.5	-1.5	-1.5	0	0	0	-1.5	-1.5	-1.5
Igsf8	0	0	0	0	0	0	0	-1.5	-1.5	0	0	0	0	-1.5	0	0	-1.5	0	0	0	0	0	0	-1.5	0	0	0	0	0	0	0	0	0	0	0	0	0	0	0	0	-1.5	0	0	0	-1.5	0	0	-1.5	-1.5	-1.5	-1.5	0	0	0	-1.5	-1.5	-1.5
Igsf9	0	-1.5	0	0	0	0	0	-1.5	-1.5	-1.5	0	0	0	-3.0	0	0	0	-1.5	0	0	0	-1.5	0	-3.0	0	0	0	0	0	0	0	0	0	0	0	0	0	0	0	0	-3.0	0	0	-3.0	-3.0	0	0	-3.0	-3.0	-3.0	-3.0	0	0	0	-3.0	-3.0	-3.0
Ikzf2	0	0	0	-2.0	-2.0	-2.0	0	-1.0	-1.0	0	1.5	0	0	-1.5	0	0	-0.5	-0.5	1.5	1.5	0	-0.5	0	-1.5	0	0	0	0	0	0	0	-0.5	0	0	0	0	0	0	0	0	-1.5	0	0	-1.0	-1.5	-0.5	3.0	-1.5	-1.5	-1.5	-1.5	3.0	3.0	1.5	-1.5	-1.5	-1.5
Il10	0	0	0	0	0	0	0	-0.5	-0.5	0	0	0	0	0	0	0	0	0	0	0	-0.5	0	0	0	0	0	0	0	0	0	0	0	0	0	0	0	0	0	0	0	0	0	0	0	0	0	0	0	0	0	0	0	0	0	0	0	0
Il17c	1.5	3.0	0	0	0	0	0	0	0	0	0	0	0	1.5	0	0	0	0	0	0	1.5	0	1.5	1.5	0	1.5	1.5	1.5	0	0	0	0	0	0	0	0	0	6.0	0	0	1.5	0	0	0	1.5	0	0	1.5	1.5	1.5	1.5	0	0	0	1.5	1.5	1.5
Il1rl1	0	0	0	0	0	0	0	3.0	3.0	0	0	0	0	1.5	0	0	0	4.5	1.0	1.0	0	0	0	1.5	0	0	0	0	0	0	0.5	0	0	0	0	0	0	0	0	0	1.5	0	0	1.5	1.5	0	0.5	1.5	1.5	1.5	1.5	0.5	0.5	0	1.5	1.5	1.5
Il4ra	0	0	0	0	0	0	0	0	0	0	0	0	0	-1.5	0	0	0	0	0	0	0	0	0	-1.5	0	0	0	0	0	0	0	-1.5	0	0	0	0	0	0	0	0	-1.5	0	0	0	-1.5	0	0	-1.5	-1.5	-1.5	-1.5	0	0	0	-1.5	-1.5	-1.5
Il6ra	0	0	0	0	0	0	0	0	0	0	0	0	0	0	0	0	0	0	0	0	0	0	0	0	0	0	0	0	0	0	0	0	0	0	0	0	0	0	0	0	0	0	0	0	0	0	0	0	0	0	0	0	0	0.5	0	0	0
Il9r	0	0	0	-1.5	-1.5	-1.5	0	-1.5	-1.5	0	0	-1.0	-1.0	0	0	0	-1.5	0	0	0	0	0	0	0	0	0	0	0	-3.0	0	0	-1.5	0	0	0	0	0	0	0	0	0	-1.5	-1.5	0	0	0	0	0	0	0	0	0	0	0	0	0	0
Immp2l	0	0	0	0	0	0	0	-1.0	-1.0	0	0	0	0	0	0	0	-1.5	0	0	0	-0.5	0	0	0	0	0	0	0	0	0	0	0	0	0	-0.5	0	0	0	0	0	0	0	0	0	0	-0.5	0	0	0	0	0	0	0	0	0	0	0
Inadl	0	-0.5	0	-0.5	-0.5	-0.5	1.5	-1.0	-1.0	-0.5	1.5	0	0	-1.0	0	0	-1.5	-2.5	7.5	7.5	-0.5	-0.5	0	-1.0	0	0	0	0	0	0	0	0	0	0	0	1.5	0	0	0	0	-1.0	-0.5	-0.5	-0.5	-1.0	-0.5	3.0	-1.0	-1.0	-1.0	-1.0	3.0	3.0	0	-1.0	-1.0	-1.0
Inpp5a	0	0	0	0	0	0	0	-1.5	-1.5	0	0	0	0	-1.5	0	0	0	0	0	0	0	0	0	-1.5	0	0	0	0	0	0	0	0	0	0	0	0	0	0	0	0	-1.5	0	0	0	-1.5	0	0	-1.5	-1.5	-1.5	-1.5	0	0	0	-1.5	-1.5	-1.5
Insr	0	0	0	-0.5	-0.5	-0.5	0	0	0	0	0	0	0	-2.0	0	0	-0.5	-1.0	0	0	0	-0.5	0	-2.0	0	0	0	0	0	-0.5	0	0	0	0	0	0	0	0	0	0	-2.0	0	0	0	-2.0	-0.5	0	-2.0	-2.0	-2.0	-2.0	0	0	0	-2.0	-2.0	-2.0
Iqcg	0	1.5	0	1.5	1.5	1.5	0	1.5	1.5	0	0	0	0	1.5	0	0	0	0	0	0	3.0	0	0	1.5	0	0	0	0	3.0	0	0	1.5	0	0	0	0	1.5	0	0	0	1.5	0	0	0	1.5	1.5	0	1.5	1.5	1.5	1.5	0	0	0	1.5	1.5	1.5
Irak3	0	-0.5	0	0	0	0	0	-0.5	-0.5	0	0	0	0	-1.0	0	0	0	0	0	0	0	0	0	-1.0	0	0	0	0	0	0	0	0	0	0	0	0	0	-0.5	0	0	-1.0	0	0	0	-1.0	0	0	-1.0	-1.0	-1.0	-1.0	0	0	0	-1.0	-1.0	-1.0
Irgm1	0	0	0	0	0	0	0	0	0	0	0	0	0	1.5	1.5	0	0	0	0	0	0	0	0	1.5	0	0	0	0	0	0	0	1.5	0	0	0	0	0	0	0	0	1.5	0	0	0	1.5	0	0	1.5	1.5	1.5	1.5	0	0	0	1.5	1.5	1.5
Itga3	0	0	0	0	0	0	0	1.5	1.5	0	-1.0	0	0	1.5	0	0	0	1.5	0	0	1.5	0	0	1.5	0	0	0	0	0	0	0	0	0	0	0	0	0	0	0	0	1.5	0	0	0	1.5	0	0	1.5	1.5	1.5	1.5	0	0	-0.5	1.5	1.5	1.5
Itgb2	0	0	0	6.0	6.0	6.0	0	1.5	1.5	0	0	0	0	3.0	0	0	0	1.5	0	0	3.0	1.5	0	3.0	0	0	0	0	0	0	0	0	0	0	0	0	0	0	0	0	3.0	0	0	1.5	3.0	0	0	3.0	3.0	3.0	3.0	0	0	0	3.0	3.0	3.0
Itgb7	1.5	0	0	0	0	0	0	3.0	3.0	0	0	0	0	1.5	0	0	0	0	0	0	1.5	0	0	1.5	0	0	0	0	0	0	0	0	0	0	0	0	0	0	0	0	1.5	0	0	0	1.5	0	0	1.5	1.5	1.5	1.5	0	0	0	1.5	1.5	1.5
Itpkb	0	0	0	0	0	0	0	0	0	0	0	0	0	-1.5	0	0	0	-1.5	0	0	0	-1.5	0	-1.5	0	0	0	0	0	0	0	0	0	-1.0	0	0	0	0	0	0	-1.5	0	0	0	-1.5	0	0	-1.5	-1.5	-1.5	-1.5	0	0	0	-1.5	-1.5	-1.5
Kank2	0	-1.5	0	-1.5	-1.5	-1.5	0	-4.5	-4.5	0	0	0	0	-1.5	0	0	-1.5	-7.5	0	0	0	0	0	-1.5	0	0	0	0	-1.5	0	0	-1.5	0	0	0	0	0	0	0	0	-1.5	0	0	-3.0	-1.5	0	0	-1.5	-1.5	-1.5	-1.5	0	0	0	-1.5	-1.5	-1.5
Katnal1	0	0	0	0	0	0	0	0	0	1.5	0	0	0	1.5	0	0	0	0	0	0	0	0	0	1.5	0	0	0	0	0	0	0	0	0	0	0	0	0	0	0	0	1.5	0	0	0	1.5	1.5	0	1.5	1.5	1.5	1.5	0	0	0	1.5	1.5	1.5
Kcnk6	0	0	0	-4.5	-4.5	-4.5	0	-6.0	-6.0	0	0	0	0	0	0	0	0	-9.0	2.5	2.5	0	0	0	0	0	0	0	0	0	0	0	-1.5	0	0	0	0	0	0	0	0	0	0	0	-1.5	0	0	0	0	0	0	0	0	0	0	0	0	0
Kcnk7	0	0	0	1.5	1.5	1.5	0	4.5	4.5	0	0	0	0	4.5	0	0	0	12.0	0	0	0	0	0	4.5	0	0	0	0	0	0	0	0	0	0	0	0	0	0	0	0	4.5	0	0	1.5	4.5	0	0	4.5	4.5	4.5	4.5	0	0	0	4.5	4.5	4.5
Kcnn4	0	0	0	0	0	0	0	3.0	3.0	0	0	0	0	6.0	0	0	0	0	0	0	0	0	0	6.0	0	0	0	0	0	0	0	0	0	0	0	0	0	0	0	0	6.0	0	0	1.5	6.0	1.5	0	6.0	6.0	6.0	6.0	0	0	0	6.0	6.0	6.0
Kcnq5	0	0	0	-1.0	-1.0	-1.0	1.5	-2.0	-2.0	0	1.5	0	0	-1.5	0	0	-1.0	0	0	0	-0.5	-0.5	0	-1.5	0	0	0	0	0	0	0	0	0.5	0	0	1.5	0	0	0	0	-1.5	0	0	-1.0	-1.5	-0.5	4.5	-1.5	-1.5	-1.5	-1.5	4.5	4.5	1.5	-1.5	-1.5	-1.5
Keap1	0	0	0	4.5	4.5	4.5	0	6.0	6.0	1.5	0	0	0	4.5	0	0	0	1.5	0	0	0	1.5	0	4.5	0	0	0	0	0	0	0	0	0	0	0	0	0	0	0	0	4.5	0	0	1.5	4.5	1.5	0	4.5	4.5	4.5	4.5	0	0	0	4.5	4.5	4.5
Kif22	0	0	0	4.5	4.5	4.5	0	4.5	4.5	0	0	0	0	4.5	0	0	0	1.5	0	0	1.5	1.5	0	4.5	0	0	0	0	0	0	0	0	0	0	0	0	0	0	0	0	4.5	1.5	1.5	3.0	4.5	1.5	0	4.5	4.5	4.5	4.5	0	0	0	4.5	4.5	4.5
Kif23	0	0	0	0	0	0	0	0	0	0	0	0	0	0	0	0	-1.5	-7.5	0	0	0	0	0	0	0	-0.5	-0.5	-0.5	-3.0	0	0	-1.5	0	0	0	0	0	0	0	0	0	0	0	-1.5	0	0	0	0	0	0	0	0	0	0	0	0	0
Klf5	0	0	0	-0.5	-0.5	-0.5	0	0	0	0	0	0	0	0	0	0	-0.5	0	0	0	0	0	0	0	0	0	0	0	0	0	0	0	0	0	0	0	0	0	0	0	0	0	0	0	0	0	0	0	0	0	0	0	0	0	0	0	0
Klf9	0	-1.5	0	-1.5	-1.5	-1.5	0	-1.0	-1.0	0	0	0	0	-1.0	0	0	-1.0	0	0	0	0	0	0	-1.0	0	0	0	0	-1.0	0	0	-0.5	0	0	0	0	0	0	0	0	-1.0	-0.5	-0.5	-1.0	-1.0	-0.5	0	-1.0	-1.0	-1.0	-1.0	0	0	0	-1.0	-1.0	-1.0
Klhdc3	0	0	0	-1.5	-1.5	-1.5	0	-4.5	-4.5	-9.0	0	0	0	-1.5	0	0	-1.5	-9.0	0	0	0	0	0	-1.5	0	0	0	0	0	0	0	0	0	0	0	0	0	0	0	0	-1.5	0	0	-1.5	-1.5	-1.5	0	-1.5	-1.5	-1.5	-1.5	0	0	0	-1.5	-1.5	-1.5
Klhl7	0	-0.5	0	-2.0	-2.0	-2.0	0	-1.5	-1.5	0	0	0	0	-1.0	0	0	-0.5	-3.0	0	0	-1.5	-0.5	0	-1.0	0	0	0	0	-1.5	0	0	-1.5	0	0	0	0	0	0	0	0	-1.0	0	0	-1.0	-1.0	0	0	-1.0	-1.0	-1.0	-1.0	0	0	0	-1.0	-1.0	-1.0
Klrc1	0	0	0	0	0	0	0	0	0	0	0	0	0	0	0	0	0	0	0	0	0	0	0	0	0.5	0	0	0	0	0	0	0	0	0	0	0	0	0	0	0	0	0	0	0	0	0	0	0	0	0	0	0	0	0	0	0	0
Klrc2	0	0	0	0	0	0	0	0	0	0	0	0	0	0	0	0	0	0	0	0	0	0	0	0	0.5	0	0	0	0	0	0	0	0	0	0	0	0	0	0	0	0	0	0	0	0	0	0	0	0	0	0	0	0	0	0	0	0
Lag3	0	0	0	6.0	6.0	6.0	0	6.0	6.0	0	0	0	0	4.5	0	0	0	6.0	0	0	0	1.5	0	4.5	0	0	0	0	0	0	0	0	0	0	0	0	0	0	0	0	4.5	0	0	1.5	4.5	1.5	0	4.5	4.5	4.5	4.5	0	0	0	4.5	4.5	4.5
Lancl2	0	0	0	-0.5	-0.5	-0.5	0	0	0	0	0	0	0	-0.5	0	0	0	0	0	0	0	0	0	-0.5	0	0	0	0	0	0	0	0	0	0	0	0	0	0	0	0	-0.5	0	0	0	-0.5	0	0	-0.5	-0.5	-0.5	-0.5	0	0	0	-0.5	-0.5	-0.5
Lax1	0	0	0	0	0	0	0	0	0	0	0	0	0	1.5	0	0	0	0	0	0	1.5	0	0	1.5	0	0	0	0	0	0	0	0	0	0	0	0	0	0	0	0	1.5	0	0	0	1.5	0	0	1.5	1.5	1.5	1.5	0	0	0	1.5	1.5	1.5
Lef1	0	1.5	0	3.0	3.0	3.0	0	3.0	3.0	0	0	0	0	6.0	0	0	1.5	3.0	0	0	0	1.5	0	6.0	0	0	0	0	0	0	0	0	0	1.5	0	0	0	0	0	0	6.0	0	0	1.5	6.0	0	0	6.0	6.0	6.0	6.0	0	0	0	6.0	6.0	6.0
Lfng	0	0	0	0	0	0	0	0	0	1.5	0	0	0	3.0	0	0	0	4.5	0	0	1.5	1.5	0	3.0	0	0	0	0	0	0	0	0	0	1.5	1.5	0	1.5	0	0	0	3.0	0	0	1.5	3.0	0	0	3.0	3.0	3.0	3.0	0	0	0	3.0	3.0	3.0
Limk2	0	3.0	0	0	0	0	0	0	0	0	0	0	0	1.5	0	0	1.5	0	0	0	0	1.5	1.5	1.5	0	0	0	0	0	0	0	0	0	0	0	0	0	6.0	0	0	1.5	0	0	0	1.5	0	0	1.5	1.5	1.5	1.5	0	0	0	1.5	1.5	1.5
Lonrf1	0	-1.0	0	-1.0	-1.0	-1.0	0	-2.0	-2.0	0	0	0	0	-2.5	0	0	-0.5	-4.0	0	0	-0.5	0	0	-2.5	0	0	0	0	0	0	0	0	0	0	0	0	0	0	0	0	-2.5	0	0	-1.0	-2.5	-0.5	0	-2.5	-2.5	-2.5	-2.5	0	0	0	-2.5	-2.5	-2.5
Lphn1	0	0	0	-1.5	-1.5	-1.5	0	-1.5	-1.5	0	0	0	0	-3.0	0	0	0	0	0	0	0	0	0	-3.0	0	0	0	0	0	0	0	0	0	0	0	0	0	0	0	0	-3.0	0	0	-3.0	-3.0	-1.5	0	-3.0	-3.0	-3.0	-3.0	0	0	0	-3.0	-3.0	-3.0
Lphn2	0	0	0	0	0	0	0	0	0	-0.5	0	0	0	-0.5	0	0	0	0	0	0	0	0	0	-0.5	0	0	0	0	-0.5	0	0	0	0	0	0	0	0	0	0	0	-0.5	0	0	0	-0.5	0	0	-0.5	-0.5	-0.5	-0.5	0	0	0	-0.5	-0.5	-0.5
Lpin2	0	0	0	-1.0	-1.0	-1.0	0	-1.0	-1.0	0	0	0	0	-1.0	0	0	-0.5	-2.5	0	0	0	0	0	-1.0	0	0	0	0	0	0	0	0	0	0	0	0	0	0	0	0	-1.0	0	0	-1.0	-1.0	0	0	-1.0	-1.0	-1.0	-1.0	0	0	0	-1.0	-1.0	-1.0
Lrrc48	0	-3.0	0	0	0	0	0	-3.0	-3.0	0	0	0	0	-1.5	0	0	0	-4.5	0	0	0	0	0	-1.5	0	0	0	0	-1.5	0	0	-1.5	0	-1.0	0	0	0	-1.5	0	0	-1.5	0	0	0	-1.5	0	0	-1.5	-1.5	-1.5	-1.5	0	0	0	-1.5	-1.5	-1.5
Lzts2	0	0	0	-6.0	-6.0	-6.0	0	-1.5	-1.5	-9.0	1.0	0	0	-1.5	0	0	-1.5	0	0	0	0	-1.5	0	-1.5	0	0	0	0	0	0	0	0	0	0	0	0	0	0	0	0	-1.5	0	0	-1.5	-1.5	0	0.5	-1.5	-1.5	-1.5	-1.5	0.5	0.5	0	-1.5	-1.5	-1.5
Maged2	-0.5	0	0	-0.5	-0.5	-0.5	0	-0.5	-0.5	0	0	0	0	-0.5	0	0	0	-1.0	0	0	-0.5	0	0	-0.5	0	-0.5	-0.5	-0.5	0	0	0	0	0	0	0	0	0	0	0	0	-0.5	0	0	0	-0.5	0	0	-0.5	-0.5	-0.5	-0.5	0	0	0	-0.5	-0.5	-0.5
Mamdc2	0	0	0	0	0	0	0	0	0	-2.5	0	0	0	0	0	0	0	0	0	0	0	0	0	0	0	0	0	0	0	0	0	0	0	0	0	0	0	0	0	0	0	0	0	0	0	0	0	0	0	0	0	0	0	0	0	0	0
Man1a	0	0	0	0	0	0	0	-1.0	-1.0	0	0	0	0	-1.0	0	0	0	-0.5	0	0	0	-0.5	0	-1.0	0	-0.5	-0.5	-0.5	0	0	0	0	0	0	0	0	0	0	0	0	-1.0	0	0	0	-1.0	-0.5	0	-1.0	-1.0	-1.0	-1.0	0	0	0	-1.0	-1.0	-1.0
Map4k1	0	0	0	1.5	1.5	1.5	0	1.5	1.5	0	0	0	0	0	0	0	1.5	0	0	0	0	0	0	0	0	0	0	0	0	0	0	0	0	0	0	0	0	0	0	0	0	0	0	0	0	0	0	0	0	0	0	0	0	0	0	0	0
Mapkapk3	0	3.0	0	0	0	0	0	0	0	0	0	0	0	3.0	0	0	1.5	7.5	0	0	1.5	1.5	0	3.0	0	0	0	0	0	0	0	0	0	0	0	0	1.5	0	0	0	3.0	1.5	1.5	1.5	3.0	0	0	3.0	3.0	3.0	3.0	0	0	0	3.0	3.0	3.0
Maz	0	0	0	4.5	4.5	4.5	0	4.5	4.5	0	0	0	0	4.5	0	0	0	1.5	0	0	1.5	1.5	0	4.5	0	0	0	0	0	0	0	0	0	0	0	0	0	0	0	0	4.5	1.5	1.5	3.0	4.5	1.5	0	4.5	4.5	4.5	4.5	0	0	0	4.5	4.5	4.5
Mdfic	0	0	0	2.0	2.0	2.0	0	0	0	0	0	0	0	0.5	0	0	1.0	0	0	0	0.5	0	0	0.5	0	0	0	0	0	0	0	0	0	0	0	0	0	0	0	0	0.5	0	0	0.5	0.5	0.5	0	0.5	0.5	0.5	0.5	0	0	0	0.5	0.5	0.5
Me1	0	0	0	0	0	0	0	0	0	0	0	0	0	-0.5	0	0	0	0	0	0	0	0	0	-0.5	0	0	0	0	0	0	0	0	0	0	0	0	0	0	0	0	-0.5	0	0	-0.5	-0.5	0	0	-0.5	-0.5	-0.5	-0.5	0	0	0	-0.5	-0.5	-0.5
Med31	0	-3.0	0	-6.0	-6.0	-6.0	0	-3.0	-3.0	-9.0	0	0	0	-4.5	0	0	-1.5	-9.0	0	0	-1.5	0	0	-4.5	0	0	0	0	0	0	0	0	0	0	0	0	0	0	0	0	-4.5	0	0	-1.5	-4.5	-1.5	0	-4.5	-4.5	-4.5	-4.5	0	0	0	-4.5	-4.5	-4.5
Mef2c	0	-0.5	0	0	0	0	0	0	0	-0.5	0	0	0	0	0	0	0	0	0	0	0	0	0	0	0	0	0	0	-0.5	0	0	0	0	0	0	0	0	0	0	0	0	0	0	0	0	0	0	0	0	0	0	0	0	0	0	0	0
Mfap5	0	0	0	0	0	0	0	0	0	0	0	0	0	0	0	0	0	0	0	0	-0.5	0	0	0	0	0	0	0	0	0	0	0	0	0	0	0	0	0	0	0	0	0	0	0	0	0	0	0	0	0	0	0	0	0	0	0	0
Mfhas1	0	1.5	0	0	0	0	0	1.5	1.5	9.0	0	0	0	3.0	0	0	1.5	0	0	0	1.5	0	1.5	3.0	0	0	0	0	0	0	0	0	0	0	0	0	0	6.0	0	0	3.0	0	0	0	3.0	0	0	3.0	3.0	3.0	3.0	0	0	0	3.0	3.0	3.0
Mfsd11	1.5	3.0	0	6.0	6.0	6.0	0	3.0	3.0	0	0	0	0	3.0	3.0	0	1.5	3.0	0	0	1.5	1.5	1.5	3.0	0	0	0	0	0	0	0	0	0	0	0	0	0	0	0	0	3.0	0	0	1.5	3.0	1.5	0	3.0	3.0	3.0	3.0	0	0	0	3.0	3.0	3.0
Mgat4b	0	-1.5	0	-4.5	-4.5	-4.5	0	-4.5	-4.5	0	0	0	0	-7.5	0	0	-1.5	-9.0	0	0	0	-1.5	0	-7.5	0	0	0	0	0	0	0	0	0	0	0	0	0	0	0	0	-7.5	0	0	-3.0	-7.5	0	0	-7.5	-7.5	-7.5	-7.5	0	0	0	-7.5	-7.5	-7.5
Mgea5	0	0	0	-1.5	-1.5	-1.5	0	-3.0	-3.0	0	0	0	0	-1.5	0	0	0	-4.5	0	0	0	0	0	-1.5	0	0	0	0	0	0	0	0	0	0	0	0	0	0	0	0	-1.5	0	0	0	-1.5	-1.5	0	-1.5	-1.5	-1.5	-1.5	0	0	0	-1.5	-1.5	-1.5
Mgll	1.5	0	0	1.5	1.5	1.5	0	0	0	0	-0.5	0	0	1.5	1.5	0	0	0	0	0	0	0	0	1.5	0	0	0	0	0	0	0	0	0	0	0	0	0	0	0	0	1.5	0	0	1.5	1.5	0	0	1.5	1.5	1.5	1.5	0	0	0	1.5	1.5	1.5
Mgst2	0	0	0	0	0	0	0	0	0	0	0	0	0	0	0	0	0	0	0	0	-0.5	0	0	0	0	0	0	0	0	0	0	0	0	0	0	0	0	0	0	0	0	0	0	0	0	0	0	0	0	0	0	0	0	0	0	0	0
Mical3	0	0	1.0	0	0	0	0	0	0	0	0	0	0	0	0	0	0	0	0	0	0	0	0	0	0	0	0	0	0	0	0	0	0	0	0	0	0	0	0	0	0	0	0	0	0	0	0	0	0	0	0	0	0	0	0	0	0
Mir1192	0	-1.5	0	-1.5	-1.5	-1.5	0	-1.0	-1.0	0	0	0	0	-1.0	0	0	-1.0	0	0	0	0	0	0	-1.0	0	0	0	0	-1.0	0	0	-0.5	0	0	0	0	0	0	0	0	-1.0	-0.5	-0.5	-1.0	-1.0	-0.5	0	-1.0	-1.0	-1.0	-1.0	0	0	0	-1.0	-1.0	-1.0
Mirlet7g	0	0	0	-4.5	-4.5	-4.5	0	-6.0	-6.0	0	0	-1.0	-1.0	-4.5	0	0	-1.5	-1.5	0	0	-1.5	-1.5	0	-4.5	0	0	0	0	0	0	0	0	0	0	0	0	0	0	0	0	-4.5	0	0	-1.5	-4.5	-1.5	0	-4.5	-4.5	-4.5	-4.5	0	0	0	-4.5	-4.5	-4.5
Mllt4	0	-0.5	0	-1.0	-1.0	-1.0	1.5	-1.5	-1.5	-0.5	1.5	0	0	-1.5	0	0	0	-1.5	3.5	3.5	-0.5	0	0	-1.5	0	0	0	0	0	0	0	0	0	0	0	1.5	0	0	0	0	-1.5	-0.5	-0.5	-1.0	-1.5	0	4.5	-1.5	-1.5	-1.5	-1.5	4.5	4.5	1.5	-1.5	-1.5	-1.5
Mlx	0	0	0	4.5	4.5	4.5	0	1.5	1.5	0	0	0	0	0	0	0	3.0	0	0	0	0	0	0	0	0	0	0	0	4.5	0	0	1.5	0	0	0	0	0	0	0	0	0	0	0	0	0	0	0	0	0	0	0	0	0	0	0	0	0
Mns1	0	0	0	0	0	0	0	0	0	0	0	0	0	0	0	0	1.5	0	0	0	1.5	0	0	0	0	0	0	0	1.5	0	0	1.5	0	0	0	0	0	0	0	0	0	0	0	0	0	1.5	0	0	0	0	0	0	0	0	0	0	0
Msrb3	0	-0.5	0	0	0	0	0	0	0	0	0	0	0	-0.5	0	0	-0.5	0	0	0	0	0	-0.5	-0.5	0	0	0	0	-0.5	0	1.5	0	0	0	0	0	0	0	0	0	-0.5	0	0	0	-0.5	-0.5	0	-0.5	-0.5	-0.5	-0.5	0	0	0	-0.5	-0.5	-0.5
Mtap	0	0	0	0	0	0	0	0	0	0	0	0	0	1.5	0	0	0	0	0	0	0	0	0	1.5	0	1.5	1.5	1.5	0	0	0	0	0	0	1.5	0	0	0	0	0	1.5	0	0	0	1.5	0	0	1.5	1.5	1.5	1.5	0	0	0	1.5	1.5	1.5
Mtfp1	0	1.5	0	1.5	1.5	1.5	0	0	0	0	0	0	0	3.0	0	0	1.5	6.0	0	0	0	1.5	0	3.0	0	0	0	0	3.0	1.5	0	0	0	0	0	0	0	4.5	1.5	1.5	3.0	1.5	1.5	0	3.0	0	0	3.0	3.0	3.0	3.0	0	0	0	3.0	3.0	3.0
Mus81	0	3.0	0	1.5	1.5	1.5	0	1.5	1.5	1.5	0	0	0	4.5	0	0	0	4.5	0	0	1.5	0	0	4.5	0	0	0	0	1.5	0	0	0	0	0	0	0	0	3.0	0	0	4.5	0	0	1.5	4.5	0	0	4.5	4.5	4.5	4.5	0	0	0	4.5	4.5	4.5
Mybpc2	0	0	0	-3.0	-3.0	-3.0	0	-1.5	-1.5	0	0	0	0	-4.5	0	0	0	-9.0	0	0	0	0	0	-4.5	0	0	0	0	0	-1.5	0	0	0	0	0	0	0	0	0	0	-4.5	0	0	0	-4.5	0	0	-4.5	-4.5	-4.5	-4.5	0	0	0	-4.5	-4.5	-4.5
Myo16	0	0	0	0	0	0	0	0	0	0	0	0	0	0	0	1.5	0	0	0	0	0	0	0	0	0	0	0	0	0	0	0	0	0	0	0	0	0	0	0	0	0	0	0	0	0	0	0	0	0	0	0	0	0	0	0	0	0
Myo6	0	0	0	0	0	0	1.5	0	0	-0.5	1.5	0	0	0	0	0	-1.0	0	0	0	0	0	0	0	0	0	0	0	-1.0	0	1.5	0	0	0	0	0	0	0	0	0	0	0	0	0	0	0	0	0	0	0	0	0	0	0	0	0	0
Nab2	1.5	3.0	0	4.5	4.5	4.5	0	6.0	6.0	0	0	0	0	7.5	0	0	3.0	3.0	0	0	0	3.0	0	7.5	0	0	0	0	0	0	0	0	0	0	0	0	0	0	0	0	7.5	1.5	1.5	1.5	7.5	1.5	0	7.5	7.5	7.5	7.5	0	0	0	7.5	7.5	7.5
Naga	0	-1.5	0	-6.0	-6.0	-6.0	0	-4.5	-4.5	0	0	0	0	-4.5	0	0	-3.0	-9.0	0	0	-1.5	0	0	-4.5	0	-0.5	-0.5	-0.5	-3.0	0	0	-1.5	0	0	0	0	0	0	0	0	-4.5	-1.5	-1.5	-1.5	-4.5	-1.5	0	-4.5	-4.5	-4.5	-4.5	0	0	0	-4.5	-4.5	-4.5
Nat9	-1.5	0	0	-3.0	-3.0	-3.0	0	-6.0	-6.0	0	0	0	0	-3.0	0	0	-1.5	-6.0	0	0	0	0	0	-3.0	0	0	0	0	0	0	0	-1.5	0	0	0	0	0	0	0	0	-3.0	-1.5	-1.5	-1.5	-3.0	-1.5	0	-3.0	-3.0	-3.0	-3.0	0	0	0	-3.0	-3.0	-3.0
Nav1	0	0	0	0	0	0	0	0	0	0	0	0	0	1.5	0	0	0	0	0	0	0	0	0	1.5	0	0	0	0	0	0	0	0	0	0	0	0	0	0	0	0	1.5	0	0	0	1.5	0	0	1.5	1.5	1.5	1.5	0	0	0	1.5	1.5	1.5
Nav2	-0.5	-1.0	0	0	0	0	0	-1.5	-1.5	0	0	0	0	0	0	0	0	0	0	0	-1.0	0	0	0	0	0	0	0	-0.5	0	0	-0.5	0	0	-0.5	0	0	0	0	0	0	0	0	-0.5	0	0	0	0	0	0	0	0	0	0	0	0	0
Nbeal2	0	0	0	4.5	4.5	4.5	0	3.0	3.0	0	0	0	0	3.0	0	0	1.5	1.5	0	0	3.0	1.5	0	3.0	0	1.5	1.5	1.5	0	0	0	0	0	0	0	0	0	0	0	0	3.0	0	0	1.5	3.0	1.5	0	3.0	3.0	3.0	3.0	0	0	0	3.0	3.0	3.0
Nck2	0	0	0	1.5	1.5	1.5	0	0.5	0.5	0	0	0	0	1.5	0	0	0	0	0	0	0.5	0	0	1.5	0	0	0	0	0	0	0	0	0	0	0	0	0	0	0	0	1.5	0	0	1.0	1.5	0.5	0	1.5	1.5	1.5	1.5	0	0	0	1.5	1.5	1.5
Neat1	0	0	0	0	0	0	0	0	0	0	0	0	0	-1.5	0	0	-1.5	0	0	0	0	0	0	-1.5	0	0	0	0	0	-1.5	0	0	0	0	0	0	0	0	0	0	-1.5	0	0	0	-1.5	0	0	-1.5	-1.5	-1.5	-1.5	0	0	0	-1.5	-1.5	-1.5
Nedd4	0	0	0	0	0	0	0	-1.5	-1.5	0	0	0	0	-1.5	0	0	0	0	0	0	0	0	0	-1.5	0	0	0	0	0	0	0	0	0	0	0	0	0	0	0	0	-1.5	0	0	0	-1.5	0	0	-1.5	-1.5	-1.5	-1.5	0	0	0	-1.5	-1.5	-1.5
Nedd4l	0	-1.5	0	-1.5	-1.5	-1.5	0	-3.0	-3.0	0	0	0	0	0	0	0	-1.5	-7.5	2.5	2.5	-1.5	0	0	0	0	0	0	0	0	0	0	0	0	0	0	0	0	0	0	0	0	0	0	0	0	0	0	0	0	0	0	0	0	0	0	0	0
Nek6	0	0	0	0	0	0	0	0	0	0	0	0	0	1.5	0	0	0	1.5	0	0	0	0	0	1.5	0	0	0	0	0	0	0	0	0	0	0	0	0	0	0	0	1.5	0	0	0	1.5	0	0	1.5	1.5	1.5	1.5	0	0	0	1.5	1.5	1.5
Nenf	0	0	0	0	0	0	0	4.5	4.5	0	0	0	0	1.5	0	0	0	0	0	0	0	0	0	1.5	0	0	0	0	0	0	0	1.5	0	0	0	0	0	0	0	0	1.5	0	0	0	1.5	0	0	1.5	1.5	1.5	1.5	0	0	0	1.5	1.5	1.5
Nfe2	0	0	0	0	0	0	0	-1.5	-1.5	0	0	0	0	-1.5	0	0	-1.5	-1.5	0	0	0	0	0	-1.5	0	0	0	0	0	-1.5	0	0	0	-1.0	-1.5	0	0	0	0	0	-1.5	0	0	-1.5	-1.5	0	0	-1.5	-1.5	-1.5	-1.5	0	0	0	-1.5	-1.5	-1.5
Nfkb2	0	0	0	-1.5	-1.5	-1.5	0	0	0	0	0	0	0	-1.5	0	0	0	0	0	0	0	0	0	-1.5	0	-0.5	-0.5	-0.5	0	0	0	0	0	0	0	0	0	0	0	0	-1.5	0	0	0	-1.5	0	0	-1.5	-1.5	-1.5	-1.5	0	0	0	-1.5	-1.5	-1.5
Nfkbid	0	0	0	1.5	1.5	1.5	0	1.5	1.5	0	0	0	0	1.5	0	0	1.5	7.5	0	0	3.0	0	0	1.5	0	0	0	0	0	0	0	0	0	0	0	0	0	0	0	0	1.5	0	0	0	1.5	0	0	1.5	1.5	1.5	1.5	0	0	0	1.5	1.5	1.5
Nfkbil1	0	1.5	0	6.0	6.0	6.0	0	1.5	1.5	9.0	0	0	0	3.0	0	0	0	1.5	0	0	1.5	1.5	0	3.0	0	0	0	0	0	0	0	0	0	0	0	0	0	0	0	0	3.0	0	0	1.5	3.0	0	0	3.0	3.0	3.0	3.0	0	0	0	3.0	3.0	3.0
Nhej1	0	1.5	0	0	0	0	0	1.5	1.5	0	0	0	0	0	0	0	1.5	7.5	0	0	1.5	0	0	0	0	0	0	0	0	0	0	0	0	1.5	0	0	0	0	0	0	0	0	0	0	0	0	0	0	0	0	0	0	0	0	0	0	0
Nphp3	-1.5	-0.5	0	0	0	0	0	-0.5	-0.5	0	1.5	0	0	-1.0	0	0	-1.0	-3.5	8.0	8.0	0	0	0	-1.0	0	0	0	0	0	-0.5	0	0	0	0	0	0	0	0	-0.5	-0.5	-1.0	-0.5	-0.5	-1.0	-1.0	0	3.0	-1.0	-1.0	-1.0	-1.0	3.0	3.0	0	-1.0	-1.0	-1.0
Nqo2	0	0.5	0	1.0	1.0	1.0	0	0.5	0.5	0.5	0	0	0	1.0	0.5	0	0.5	2.5	0	0	0	0	0	1.0	0	0	0	0	0	0	0	0	0	0	0	0	0	0	0	0	1.0	0	0	0.5	1.0	0.5	0	1.0	1.0	1.0	1.0	0	0	0	1.0	1.0	1.0
Nr1d1	0	-3.5	0	0	0	0	0	-4.5	-4.5	0	-0.5	0	0	-3.0	0	0	-1.5	-4.5	-1.0	-1.0	-1.5	-1.5	-0.5	-3.0	0	0	0	0	0	0	0	0	0	0	0	0	0	0	-1.5	-1.5	-3.0	0	0	-3.0	-3.0	0	-0.5	-3.0	-3.0	-3.0	-3.0	-0.5	-0.5	0	-3.0	-3.0	-3.0
Nr3c2	0	-0.5	0	0	0	0	0	-1.0	-1.0	0	0	0	0	-1.5	0	0	0	0	0	0	0	-0.5	0	-1.5	0	0	0	0	-0.5	0	0	-0.5	0	0	0	0	0	0	0	0	-1.5	0	0	-1.0	-1.5	0	0	-1.5	-1.5	-1.5	-1.5	0	0	0	-1.5	-1.5	-1.5
Nr4a1	1.5	0	0	0	0	0	0	6.0	6.0	0	0	0	0	6.0	0	0	0	0	0	0	1.5	0	0	6.0	0.5	1.5	1.5	1.5	0	0	0	0	0	0	0	0	0	0	0	0	6.0	0	0	1.5	6.0	0	0	6.0	6.0	6.0	6.0	0	0	0	6.0	6.0	6.0
Nrbp2	0	0	0	0	0	0	0	0	0	1.5	0	0	0	1.5	0	0	1.5	0	0	0	1.5	0	0	1.5	0	0	0	0	0	0	0	0	0	0	0	0	0	0	0	0	1.5	1.5	1.5	1.5	1.5	0	0	1.5	1.5	1.5	1.5	0	0	0	1.5	1.5	1.5
Nrip1	0	0	0	0	0	0	0	0	0	-0.5	0	0	0	0	0	0	0	0	0	0	-0.5	0	0	0	0	0	0	0	0	-0.5	0	0	0	0	0	0	0	0	0	0	0	0	0	0	0	0	0	0	0	0	0	0	0	0	0	0	0
Nt5c2	0	-1.5	0	-1.5	-1.5	-1.5	0	-3.0	-3.0	0	0	0	0	-1.5	0	0	0	0	0	0	-1.5	0	0	-1.5	0	0	0	0	0	0	0	0	0	0	0	0	0	0	0	0	-1.5	0	0	-1.5	-1.5	0	0	-1.5	-1.5	-1.5	-1.5	0	0	0	-1.5	-1.5	-1.5
Nt5m	0	0	0	3.0	3.0	3.0	0	4.5	4.5	9.0	0	0	0	6.0	0	0	0	1.5	0	0	0	0	0	6.0	0	0	0	0	0	0	0	1.5	0	0	0	0	0	0	0	0	6.0	0	0	1.5	6.0	1.5	0	6.0	6.0	6.0	6.0	0	0	0	6.0	6.0	6.0
Nudt15	0	0	0	-3.0	-3.0	-3.0	0	-3.0	-3.0	0	0	0	0	-3.0	0	0	-1.5	-6.0	0	0	0	0	0	-3.0	0	0	0	0	0	0	0	0	0	0	0	0	0	0	0	0	-3.0	0	0	0	-3.0	0	0	-3.0	-3.0	-3.0	-3.0	0	0	0	-3.0	-3.0	-3.0
Obfc1	0	-1.5	0	-6.0	-6.0	-6.0	0	-6.0	-6.0	0	0	0	0	-3.0	0	0	-1.5	-12.0	0	0	0	0	0	-3.0	0	0	0	0	0	0	0	0	0	0	0	0	0	0	0	0	-3.0	0	0	0	-3.0	0	0	-3.0	-3.0	-3.0	-3.0	0	0	0	-3.0	-3.0	-3.0
Obsl1	0	0	0	0	0	0	0	-0.5	-0.5	0	0	0	0	-1.0	0	0	-0.5	-2.5	0	0	0	0	0	-1.0	0	0	0	0	0	-0.5	0	0	0	0	0	0	0	0	0	0	-1.0	0	0	-0.5	-1.0	0	0	-1.0	-1.0	-1.0	-1.0	0	0	0	-1.0	-1.0	-1.0
Ogfrl1	0	-0.5	0	-1.0	-1.0	-1.0	0	-1.5	-1.5	0	0	0	0	-1.5	0	0	-0.5	-3.5	0	0	-0.5	0	0	-1.5	0	0	0	0	0	0	0	0	0	0	0	0	0	0	0	0	-1.5	0	0	-0.5	-1.5	0	0	-1.5	-1.5	-1.5	-1.5	0	0	0	-1.5	-1.5	-1.5
Olfml1	0	0	0	-0.5	-0.5	-0.5	0	-1.0	-1.0	0	0	0	0	-2.0	0	0	-0.5	-3.5	0	0	-0.5	-0.5	0	-2.0	0	0	0	0	0	0	0	0	0	0	0	0	0	-0.5	0	0	-2.0	0	0	-0.5	-2.0	-0.5	0	-2.0	-2.0	-2.0	-2.0	0	0	0	-2.0	-2.0	-2.0
Osbpl9	0	0	0	0	0	0	0	-1.0	-1.0	0	0	0	0	-1.0	0	0	0	0	0	0	0	0	0	-1.0	0	0	0	0	0	0	0	0	0	0	0	0	0	0	0	0	-1.0	0	0	0	-1.0	0	0	-1.0	-1.0	-1.0	-1.0	0	0	0	-1.0	-1.0	-1.0
P2ry1	0	0	0	-2.0	-2.0	-2.0	0	-1.0	-1.0	0	0	0	0	0	0	0	-0.5	-1.0	0.5	0.5	0	0	0	0	0	0	0	0	0	0	0	0	0	0	0	0	0	0	0	0	0	0	0	0	0	0	0	0	0	0	0	0	0	1.5	0	0	0
Pacs2	0	0	0	0	0	0	0	3.0	3.0	1.5	0	0	0	0	0	0	0	0	0	0	0	0	0	0	0	0	0	0	0	0	0	0	0	0	0	0	1.5	0	0	0	0	0	0	0	0	0	0	0	0	0	0	0	0	0	0	0	0
Palm2	0	0	0	0	0	0	0	0	0	0	0	0	0	0	0	0	-1.5	0	0	0	0	0	0	0	0	0	0	0	0	0	0	0	0	0	0	0	0	0	0	0	0	0	0	0	0	0	0	0	0	0	0	0	0	0	0	0	0
Pam	0	-1.0	0	-1.5	-1.5	-1.5	0	-0.5	-0.5	0	3.0	0	0	-1.5	0	0	-0.5	-2.0	6.0	6.0	-0.5	-0.5	0	-1.5	0	0	0	0	0	0	1.5	0	0	0	0	0	0	0	0	0	-1.5	0	0	-0.5	-1.5	-0.5	3.0	-1.5	-1.5	-1.5	-1.5	3.0	3.0	0	-1.5	-1.5	-1.5
Paox	0	0	0	0	0	0	0	0	0	0	0	0	0	0	0	0	0	7.5	0	0	0	0	0	0	0	0	0	0	0	0	0	0	0	0	0	0	0	0	0	0	0	0	0	1.5	0	0	0	0	0	0	0	0	0	0	0	0	0
Pard6g	0	0	0	0	0	0	0	0	0	0	1.5	0	0	-0.5	0	0	0	0	0	0	0	0	0	-0.5	0	0	0	0	0	0	0	0	0	0	0	0	0	0	0	0	-0.5	0	0	0	-0.5	0	1.5	-0.5	-0.5	-0.5	-0.5	1.5	1.5	0	-0.5	-0.5	-0.5
Pcgf2	0	0	0	0	0	0	0	1.5	1.5	1.5	0	0	0	1.5	0	0	0	0	0	0	0	0	0	1.5	0	0	0	0	0	0	0	0	0	0	1.5	0	0	0	0	0	1.5	0	0	0	1.5	0	0	1.5	1.5	1.5	1.5	0	0	0	1.5	1.5	1.5
Pde10a	0	-1.5	0	0	0	0	0	-1.5	-1.5	0	0	0	0	-3.0	0	0	-1.5	-1.5	0	0	0	-1.5	0	-3.0	0	0	0	0	0	0	0	0	0	0	0	0	0	0	0	0	-3.0	0	0	-1.5	-3.0	0	0	-3.0	-3.0	-3.0	-3.0	0	0	0	-3.0	-3.0	-3.0
Pde8a	-1.5	0	0	0	0	0	0	0	0	0	0	0	0	0	0	0	0	0	0	0	-1.5	0	0	0	0	0	0	0	0	0	0	0	0	0	0	0	0	0	0	0	0	0	0	0	0	0	0	0	0	0	0	0	0	0	0	0	0
Pdpr	0	0	0	-3.0	-3.0	-3.0	0	-1.5	-1.5	0	0	0	0	-6.0	0	0	-1.5	-7.5	0	0	-1.5	-1.5	0	-6.0	0	0	0	0	0	0	0	0	0	0	0	0	0	0	0	0	-6.0	0	0	-3.0	-6.0	0	0	-6.0	-6.0	-6.0	-6.0	0	0	0	-6.0	-6.0	-6.0
Pfn1	0	0	0	3.0	3.0	3.0	0	1.5	1.5	0	0	0	0	9.0	0	0	1.5	12.0	0	0	0	1.5	0	9.0	0	1.5	1.5	1.5	0	0	0	0	0	0	0	0	0	0	0	0	9.0	1.5	1.5	1.5	9.0	1.5	0	9.0	9.0	9.0	9.0	0	0	0	9.0	9.0	9.0
Pgam1	0	1.5	0	6.0	6.0	6.0	0	1.5	1.5	0	0	0	0	0	0	0	0	0	0	0	1.5	0	0	0	0	0	0	0	0	0	0	0	0	0	0	0	0	0	0	0	0	0	0	3.0	0	1.5	0	0	0	0	0	0	0	0	0	0	0
Phf23	0	1.5	0	5.0	5.0	5.0	0	3.0	3.0	9.0	0	0	0	4.5	0	0	1.5	3.0	0	0	1.5	3.0	0	4.5	0	0	0	0	0	0	0	0	0	0	0	0	0	0	0	0	4.5	0	0	3.0	4.5	1.5	0	4.5	4.5	4.5	4.5	0	0	0	4.5	4.5	4.5
Pif1	0	0	0	3.0	3.0	3.0	0	3.0	3.0	4.5	0	0	0	6.0	0	0	1.5	7.5	0	0	0	0	0	6.0	0	0	0	0	0	0	0	0	0	0	0	0	1.5	0	0	0	6.0	0	0	3.0	6.0	1.5	0	6.0	6.0	6.0	6.0	0	0	0	6.0	6.0	6.0
Pigw	0	3.0	0	1.5	1.5	1.5	0	0	0	0	0	0	0	1.5	0	0	1.5	6.0	0	0	0	0	0	1.5	0	0	0	0	0	0	0	0	0	0	0	0	0	0	0	0	1.5	0	0	1.5	1.5	0	0	1.5	1.5	1.5	1.5	0	0	0	1.5	1.5	1.5
Pik3r1	0	-0.5	0	0	0	0	0	0	0	0	0	0	0	0	0	0	0	0	0	0	0	0	0	0	0	0	0	0	0	0	0	0	0	0	0	0	0	0	0	0	0	0	0	0	0	0	0	0	0	0	0	0	0	0	0	0	0
Pla2g2d	0	0	0	0	0	0	0	0	0	0	0	0	0	0	0	0	0	-4.5	0	0	0	0	0	0	0	0	0	0	0	0	0	0	0	0	0	0	0	0	0	0	0	0	0	0	0	0	0	0	0	0	0	0	0	0	0	0	0
Plagl1	0	-1.0	0	-0.5	-0.5	-0.5	0	-0.5	-0.5	0	1.5	0	0	-0.5	0	0	0	0	0	0	-0.5	-0.5	0	-0.5	0	0	0	0	0	0	0	0	0	0	0	0	0	0	0	0	-0.5	0	0	0	-0.5	-0.5	1.5	-0.5	-0.5	-0.5	-0.5	1.5	1.5	1.5	-0.5	-0.5	-0.5
Plat	0	0	0	0	0	0	0	-1.5	-1.5	-0.5	1.5	0	0	-1.5	0	0	-0.5	-2.0	6.0	6.0	-0.5	-1.0	0	-1.5	0	0	0	0	0	0	0	0	0	0	0	0	0	0	0	0	-1.5	0	0	0	-1.5	0	3.0	-1.5	-1.5	-1.5	-1.5	3.0	3.0	0	-1.5	-1.5	-1.5
Plekha1	0	0	0	-1.0	-1.0	-1.0	0	-2.0	-2.0	0	3.0	0	0	-2.0	0	0	-0.5	0	0	0	0	0	0	-2.0	0	0	0	0	0	0	0	0	0	0	0	0	0	0	0	0	-2.0	-0.5	-0.5	-0.5	-2.0	-0.5	6.0	-2.0	-2.0	-2.0	-2.0	6.0	6.0	1.5	-2.0	-2.0	-2.0
Pln	0	0	0	0	0	0	0	0	0	-0.5	0	0	0	0	0	0	0	0	0	0	0	0	0	0	0	0	0	0	0	0	0	0	0	0	0	0	0	0	0	0	0	0	0	0	0	0	0	0	0	0	0	0	0	0	0	0	0
Pls1	0	0	0	-1.0	-1.0	-1.0	0	-0.5	-0.5	0	0	0	0	-2.0	0	0	0	-0.5	0	0	-0.5	0	0	-2.0	0	0	0	0	0	-0.5	0	-0.5	0	0	0	0	0	0	0	0	-2.0	0	0	-0.5	-2.0	-0.5	0	-2.0	-2.0	-2.0	-2.0	0	0	0	-2.0	-2.0	-2.0
Pnkd	0	0	0	0	0	0	0	0	0	1.5	0	0	0	3.0	0	3.0	0	0	0	0	3.0	0	0	3.0	0	0	0	0	0	0	0	0	0	0	0	0	1.5	0	0	0	3.0	0	0	0	3.0	1.5	0	3.0	3.0	3.0	3.0	0	0	0	3.0	3.0	3.0
Poglut1	0	1.5	0	0	0	0	0	0	0	0	0	0	0	0	0	0	0	0	0	0	0	0	0	0	0	0	0	0	0	0	0	0	0	0	0	0	0	0	1.5	1.5	0	0	0	1.5	0	0	0	0	0	0	0	0	0	0	0	0	0
Pold1	0	0	0	0	0	0	0	1.5	1.5	9.0	0	0	0	0	0	0	1.5	0	0	0	1.5	0	0	0	0	0	0	0	0	0	0	0	0	0	0	0	0	0	0	0	0	0	0	0	0	0	0	0	0	0	0	0	0	0	0	0	0
Pold4	0	0	0	1.5	1.5	1.5	0	3.0	3.0	1.5	0	0	0	1.5	0	0	0	1.5	0	0	1.5	0	0	1.5	0	0	0	0	3.0	0	0	1.5	0	0	0	0	0	0	0	0	1.5	0	0	0	1.5	1.5	0	1.5	1.5	1.5	1.5	0	0	0	1.5	1.5	1.5
Polr2a	0	0	0	-6.0	-6.0	-6.0	0	0	0	0	0	0	0	-3.0	0	0	0	0	0	0	0	0	0	-3.0	0	0	0	0	0	0	0	0	0	0	0	0	0	0	0	0	-3.0	0	0	0	-3.0	-1.5	0	-3.0	-3.0	-3.0	-3.0	0	0	0	-3.0	-3.0	-3.0
Popdc2	0	0	0	0	0	0	0	0	0	0	0	0	0	0	0	0	0	0	0	0	0	0	0	0	0	0	0	0	0	0	0	0	0	0	0	0	1.5	0	0	0	0	0	0	0	0	0	0	0	0	0	0	0	0	0	0	0	0
Pou2af1	0	0	0	0	0	0	0	0	0	0	0	0	0	0	0	0	0	0	0	0	0	0	0	0	0	0	0	0	0	0	0	0	0	0	0	0	0	0	0	0	0	0	0	0	0	-0.5	0	0	0	0	0	0	0	0	0	0	0
Ppap2a	0	0	0	-2.0	-2.0	-2.0	0	0	0	0	0	0	0	-0.5	0	0	-1.0	-2.0	0	0	0	0	0	-0.5	0	0	0	0	-1.0	0	0	-0.5	0	0	0	0	0	0	0	0	-0.5	-0.5	-0.5	-0.5	-0.5	0	0	-0.5	-0.5	-0.5	-0.5	0	0	0	-0.5	-0.5	-0.5
Ppfibp2	0	0	0	-0.5	-0.5	-0.5	0	-1.0	-1.0	0	0	0	0	-3.0	0	0	-0.5	-6.5	0	0	-1.5	-2.0	0	-3.0	0	0	0	0	0	0	0	0	0	0	0	0	0	-0.5	0	0	-3.0	0	0	-1.5	-3.0	-0.5	0	-3.0	-3.0	-3.0	-3.0	0	0	0	-3.0	-3.0	-3.0
Ppm1f	0.5	0	0	0	0	0	0	0	0	0	0	0	0	0.5	0	0	0	0	0	0	0	0	0	0.5	0	0	0	0	0	0	0	0	0	0	0	0	0	0	0	0	0.5	0	0	0	0.5	0	0	0.5	0.5	0.5	0.5	0	0	0	0.5	0.5	0.5
Ppp1r14b	0	0	0	0	0	0	0	3.0	3.0	0	0	0	0	3.0	0	0	0	0	0	0	1.5	0	0	3.0	0	0	0	0	0	0	0	0	0	0	0	0	0	0	0	0	3.0	0	0	0	3.0	0	0	3.0	3.0	3.0	3.0	0	0	0	3.0	3.0	3.0
Ppp1r1b	0	-1.5	0	0	0	0	0	-1.5	-1.5	0	0	0	0	-0.5	0	0	-1.5	0	0	0	0	-1.5	0	-0.5	0	0	0	0	0	0	0	0	0	0	0	0	0	0	0	0	-0.5	0	0	0	-0.5	-1.5	0	-0.5	-0.5	-0.5	-0.5	0	0	0	-0.5	-0.5	-0.5
Ppp1r9b	1.5	1.5	0	1.5	1.5	1.5	0	3.0	3.0	1.5	0	0	0	3.0	0	0	0	1.5	0	0	3.0	1.5	0	3.0	0	0	0	0	0	0	0	0	0	0	0	0	0	0	0	0	3.0	0	0	1.5	3.0	0	0	3.0	3.0	3.0	3.0	0	0	0	3.0	3.0	3.0
Pqlc3	0	0	0	0	0	0	0	0	0	0	0	0	0	1.5	0	0	0	0	0	0	0	0	0	1.5	0	0	0	0	0	0	0	0	0	0	0	0	1.5	0	0	0	1.5	0	0	0	1.5	0	0	1.5	1.5	1.5	1.5	0	0	0	1.5	1.5	1.5
Prelid2	0	0	0	0	0	0	0	-0.5	-0.5	0	-0.5	0	0	-0.5	0	0	0	0	0	0	0	0	0	-0.5	0	0	0	0	0	0	0	0	0	0	0	0	0	0	0	0	-0.5	0	0	0	-0.5	0	0	-0.5	-0.5	-0.5	-0.5	0	0	0	-0.5	-0.5	-0.5
Prkg1	0	0	0	0	0	0	0	0	0	0	0	0	0	0	0	0	0	0	0	0	0	0	0	0	0	-0.5	-0.5	-0.5	0	0	0	0	0	0	0	0	0	0	0	0	0	0	0	0	0	0	0	0	0	0	0	0	0	0	0	0	0
Prmt5	0	0	0	0	0	0	0	0	0	0	0	0	0	3.0	1.5	0	0	0	0	0	1.5	0	0	3.0	0	0	0	0	0	0	0	0	0	0	0	0	0	0	0	0	3.0	0	0	0	3.0	0	0	3.0	3.0	3.0	3.0	0	0	0	3.0	3.0	3.0
Pros1	0	0	0	0	0	0	0	0	0	0	0	0	0	-1.5	0	0	-1.5	0	0	0	0	-0.5	0	-1.5	0	0	0	0	0	0	0	0	0	0	0	0	0	0	0	0	-1.5	0	0	-1.0	-1.5	-0.5	0	-1.5	-1.5	-1.5	-1.5	0	0	0	-1.5	-1.5	-1.5
Prps1l1	0	0	0	0	0	0	0	-0.5	-0.5	0	0	0	0	0	0	0	0	-0.5	0	0	-0.5	0	0	0	0	0	0	0	-0.5	0	0	-0.5	0	0	-1.0	0	0	0	0	0	0	0	0	0	0	0	0	0	0	0	0	0	0	0	0	0	0
Prr5l	0	0	0	0	0	0	0	-1.5	-1.5	0	0	0	0	-3.5	0	0	-1.5	-3.0	0	0	-0.5	-1.5	0	-3.5	0	0	0	0	0	-1.5	0	0	0	0	-1.5	0	0	0	0	0	-3.5	0	0	0	-3.5	0	0	-3.5	-3.5	-3.5	-3.5	0	0	0	-3.5	-3.5	-3.5
Prr7	0	0	0	-3.0	-3.0	-3.0	0	0	0	0	0	0	0	-3.0	0	0	0	-1.5	0	0	-1.5	0	0	-3.0	0	0	0	0	0	0	0	0	0	0	0	0	0	0	0	0	-3.0	0	0	-1.5	-3.0	-1.5	0	-3.0	-3.0	-3.0	-3.0	0	0	0	-3.0	-3.0	-3.0
Prss53	0	0	0	-1.5	-1.5	-1.5	0	-1.5	-1.5	0	0	0	0	-3.0	0	0	0	0	0	0	-1.5	-1.5	0	-3.0	0	0	0	0	0	0	0	0	0	0	0	0	0	0	-1.5	-1.5	-3.0	0	0	-3.0	-3.0	0	0	-3.0	-3.0	-3.0	-3.0	0	0	0	-3.0	-3.0	-3.0
Prss8	-1.5	-0.5	0	0	0	0	0	-1.5	-1.5	0	0	0	0	-1.5	0	0	0	0	0	0	-1.5	0	0	-1.5	0	-0.5	-0.5	-0.5	0	0	0	0	0	0	0	0	0	0	-0.5	-0.5	-1.5	0	0	0	-1.5	0	0	-1.5	-1.5	-1.5	-1.5	0	0	0	-1.5	-1.5	-1.5
Psmc3ip	0	0	0	4.5	4.5	4.5	0	1.5	1.5	0	0	0	0	0	0	0	3.0	0	0	0	0	0	0	0	0	0	0	0	4.5	0	0	1.5	0	0	0	0	0	0	0	0	0	0	0	0	0	0	0	0	0	0	0	0	0	0	0	0	0
Psme2	0	0	0	0	0	0	0	1.5	1.5	1.5	0	0	0	4.5	0	0	3.0	10.5	0	0	1.5	0	0	4.5	0	1.5	1.5	1.5	0	0	0	0	0	0	0	0	0	0	0	0	4.5	0	0	1.5	4.5	1.5	0	4.5	4.5	4.5	4.5	0	0	0	4.5	4.5	4.5
Ptger4	0	-0.5	0	-3.0	-3.0	-3.0	0	-3.5	-3.5	0	0	0	0	-3.5	0	0	0	0	0	0	0	-1.5	0	-3.5	0	0	0	0	0	0	0	0	0	0	-2.0	0	0	0	0	0	-3.5	0	0	0	-3.5	0	0	-3.5	-3.5	-3.5	-3.5	0	0	0	-3.5	-3.5	-3.5
Ptgfrn	0	0	0	0	0	0	0	0	0	0	0	0	0	1.5	0	0	0	0	0	0	0	0	0	1.5	0	0	0	0	0	0	0	0	0	0	0	0	0	0	0	0	1.5	0	0	0	1.5	0	0	1.5	1.5	1.5	1.5	0	0	0	1.5	1.5	1.5
Ptk7	0	0	0	0	0	0	0	-1.5	-1.5	-1.5	0	0	0	-4.0	0	0	-3.0	0	0	0	0	-3.0	0	-4.0	0	0	0	0	-1.5	0	0	-1.5	0	0	0	0	0	0	0	0	-4.0	0	0	-1.5	-4.0	-1.5	0	-4.0	-4.0	-4.0	-4.0	0	0	0	-4.0	-4.0	-4.0
Ptpn12	0	0	0	2.0	2.0	2.0	0	2.0	2.0	0.5	0	0	0	1.5	0	0	0.5	3.0	0	0	0	0.5	0	1.5	0	0	0	0	0	0	0	0.5	0	0	0	0	0	0	0	0	1.5	0	0	0.5	1.5	0.5	0	1.5	1.5	1.5	1.5	0	0	0	1.5	1.5	1.5
Ptpn23	-1.5	0	0	0	0	0	0	-1.5	-1.5	0	0	0	0	-1.5	0	0	-1.5	-3.0	0	0	0	0	0	-1.5	0	0	0	0	0	0	0	0	0	0	0	0	0	0	0	0	-1.5	0	0	-1.5	-1.5	-1.5	0	-1.5	-1.5	-1.5	-1.5	0	0	0	-1.5	-1.5	-1.5
Ptpn6	0	0	0	0	0	0	0	1.5	1.5	9.0	0	0	0	3.0	0	0	1.5	1.5	0	0	1.5	0	0	3.0	0	0	0	0	0	0	0	0	0	0	0	0	1.5	0	1.5	1.5	3.0	1.5	1.5	3.0	3.0	1.5	0	3.0	3.0	3.0	3.0	0	0	0	3.0	3.0	3.0
Ptpn7	0	0	0	3.0	3.0	3.0	0	6.0	6.0	1.5	0	0	0	4.5	0	0	0	0	0	0	3.0	1.5	0	4.5	0	0	0	0	0	0	0	1.5	0	0	0	0	1.5	0	0	0	4.5	0	0	1.5	4.5	0	0	4.5	4.5	4.5	4.5	0	0	0	4.5	4.5	4.5
Pycrl	0	3.0	0	1.5	1.5	1.5	0	0	0	0	0	0	0	1.5	0	0	0	0	0	0	0	1.5	0	1.5	0	0	0	0	0	0	0	0	0	0	0	0	0	0	0	0	1.5	0	0	1.5	1.5	0	0	1.5	1.5	1.5	1.5	0	0	0	1.5	1.5	1.5
Rab8b	0	0	0	0	0	0	0	-1.5	-1.5	0	0	0	0	-3.0	0	0	-1.5	-12.0	0	0	-1.5	-3.0	0	-3.0	0	0	0	0	0	0	0	0	0	0	0	0	0	0	0	0	-3.0	0	0	-1.5	-3.0	-1.5	0	-3.0	-3.0	-3.0	-3.0	0	0	0	-3.0	-3.0	-3.0
Rac2	0	0	0	0	0	0	0	0	0	0	0	0	0	0	0	0	1.5	1.5	0	0	0	0	0	0	0	0	0	0	0	0	0	0	0	0	1.5	0	0	0	0	0	0	0	0	0	0	0	0	0	0	0	0	0	0	0	0	0	0
Racgap1	0	0	0	1.5	1.5	1.5	0	0	0	0	0	0	0	3.0	0	0	1.5	0	0	0	1.5	0	0	3.0	0	0	0	0	4.5	0	0	1.5	0	0	0	0	0	0	0	0	3.0	0	0	1.5	3.0	0	0	3.0	3.0	3.0	3.0	0	0	0	3.0	3.0	3.0
Ramp1	0	0	0	0	0	0	0	0	0	0	0	0	0	1.5	0	0	0	0	0	0	0	0	0	1.5	0	0	0	0	0	1.5	0	0	0	0	0	0	0	0	0	0	1.5	0	0	0	1.5	0	0	1.5	1.5	1.5	1.5	0	0	0	1.5	1.5	1.5
Rap1gap2	0	1.5	0	0	0	0	0	3.0	3.0	0	0	0	0	3.0	0	0	0	0	0	0	1.5	0	0	3.0	0	0	0	0	0	0	0	0	0	0	0	0	1.5	0	0	0	3.0	0	0	0	3.0	0	0	3.0	3.0	3.0	3.0	0	0	0	3.0	3.0	3.0
Rapgef3	0	-3.5	0	-6.0	-6.0	-6.0	0	-3.0	-3.0	0	0.5	0	0	-4.5	0	0	-1.5	-1.5	0.5	0.5	-1.5	-1.5	0	-4.5	0	-0.5	-0.5	-0.5	0	0	0	0	0.5	0	0	0	0	0	0	0	-4.5	-1.5	-1.5	-3.0	-4.5	0	1.5	-4.5	-4.5	-4.5	-4.5	1.5	1.5	0	-4.5	-4.5	-4.5
Rara	1.5	1.5	0	0	0	0	0	3.0	3.0	1.5	0	0	0	4.5	0	0	1.5	0	0	0	1.5	1.5	0	4.5	0	1.5	1.5	1.5	0	0	0	0	0	0	0	0	0	0	0	0	4.5	0	0	1.5	4.5	0	0	4.5	4.5	4.5	4.5	0	0	0	4.5	4.5	4.5
Rarg	1.5	3.0	0	6.0	6.0	6.0	0	6.0	6.0	0	0	0	0	10.5	0	1.5	1.5	10.5	0	0	3.0	3.0	1.5	10.5	0	0	0	0	0	1.5	0	0	0	0	0	0	0	6.0	0	0	10.5	0	0	1.5	10.5	1.5	0	10.5	10.5	10.5	10.5	0	0	0	10.5	10.5	10.5
Rasa3	0	0	0	0	0	0	0	0	0	0	0	0	0	0	0	0	0	0	0	0	0	0	0	0	0	0	0	0	0	0	0	0	0	0	0	0	0	0	0	0	0	0	0	1.5	0	0	0	0	0	0	0	0	0	0	0	0	0
Rbl1	0	0	0	0	0	0	0	3.0	3.0	0	0	0	0	1.5	0	0	0	0	0	0	0	0	0	1.5	0	0	0	0	0	0	0	0	0	0	0	0	0	0	0	0	1.5	0	0	0	1.5	0	0	1.5	1.5	1.5	1.5	0	0	0	1.5	1.5	1.5
Rbm4b	0	-1.5	0	-1.5	-1.5	-1.5	0	-6.0	-6.0	-1.5	0	0	0	-4.0	0	0	-3.0	-9.0	0	0	-1.5	-1.5	0	-4.0	0	0	0	0	-3.0	0	0	-1.5	0	0	0	0	0	-0.5	0	0	-4.0	0	0	-3.0	-4.0	-1.5	0	-4.0	-4.0	-4.0	-4.0	0	0	0	-4.0	-4.0	-4.0
Rbms3	0	-0.5	0	0	0	0	0	0	0	0	0	0	0	-0.5	0	0	0	-0.5	0	0	0	-0.5	0	-0.5	0	0	0	0	0	0	0	0	0	0	0	0	0	0	0	0	-0.5	0	0	0	-0.5	0	0	-0.5	-0.5	-0.5	-0.5	0	0	0	-0.5	-0.5	-0.5
Rcan3	0	1.5	0	0	0	0	0	1.5	1.5	0	0	0	0	0	0	0	0	0	0	0	0	3.0	0	0	0.5	0	0	0	3.0	0	0	1.5	0	0	0	0	0	0	0	0	0	0	0	0	0	0	0	0	0	0	0	0	0	0	0	0	0
Rgmb	0	0	0	6.0	6.0	6.0	0	3.0	3.0	0	0	0	0	4.5	0	0	3.0	7.5	0	0	0	0	0	4.5	0	0	0	0	1.5	0	0	1.5	0	0	0	0	0	0	0	0	4.5	0	0	0	4.5	1.5	0	4.5	4.5	4.5	4.5	0	0	0	4.5	4.5	4.5
Rgs10	0	0	0	0	0	0	0	0	0	0	0	0	0	1.5	0	0	0	0	0	0	0	0	0	1.5	0	0	0	0	0	0	0	1.5	0	0	0	0	0	0	0	0	1.5	0	0	0	1.5	0	0	1.5	1.5	1.5	1.5	0	0	0	1.5	1.5	1.5
Rhbdf1	0	0	0	-1.5	-1.5	-1.5	0	-1.5	-1.5	0	0	-1.0	-1.0	0	0	0	-1.5	0	0	0	0	0	0	0	0	0	0	0	-3.0	0	0	-1.5	0	0	0	0	0	0	0	0	0	-1.5	-1.5	0	0	0	0	0	0	0	0	0	0	0	0	0	0
Rhoq	0	0	0	0	0	0	0	1.5	1.5	0	0	0	0	1.5	0	0	1.5	7.5	0	0	0	1.5	0	1.5	0	0	0	0	0	0	0	0	0	0	0	0	0	0	0	0	1.5	0	0	0	1.5	1.5	0	1.5	1.5	1.5	1.5	0	0	0	1.5	1.5	1.5
Rin2	0	0	0	0	0	0	0	0	0	-0.5	1.5	0	0	-0.5	0	0	-0.5	-0.5	1.5	1.5	0	0	0	-0.5	0	0	0	0	0	0	0	0	0	0	0	0	0	0	0	0	-0.5	0	0	0	-0.5	0	1.5	-0.5	-0.5	-0.5	-0.5	1.5	1.5	0	-0.5	-0.5	-0.5
Rln3	0	0	0	0	0	0	0.5	0	0	0	0.5	0	0	0	0	0	0	0	0.5	0.5	0	0	0	0	0	0	0	0	0	0	0	0	0	0	0	0	0	0	0	0	0	0	0	0	0	0	0.5	0	0	0	0	0.5	0.5	0.5	0	0	0
Rnf122	0	0	0	-0.5	-0.5	-0.5	0	0	0	0	0	0	0	-0.5	0	0	-1.5	0	0	0	0	0	0	-0.5	0	0	0	0	-0.5	0	0	-0.5	0	0	0	0	0	0	0	0	-0.5	0	0	0	-0.5	0	0	-0.5	-0.5	-0.5	-0.5	0	0	0	-0.5	-0.5	-0.5
Rnf128	0	0	0	-0.5	-0.5	-0.5	0	-0.5	-0.5	0	0	0	0	0	0	0	-0.5	-0.5	0	0	-0.5	0	0	0	0	0	0	0	0	0	0	0	0	0	0	0	0	0	0	0	0	0	0	0	0	0	0	0	0	0	0	0	0	0	0	0	0
Rnf43	0	-3.0	0	-1.5	-1.5	-1.5	0	-1.5	-1.5	-7.5	1.0	0	0	-4.5	0	0	-3.0	-10.5	3.0	3.0	-2.0	-1.5	0	-4.5	0	0	0	0	0	0	0	-1.5	0	0	-1.5	0	0	0	0	0	-4.5	0	0	-3.0	-4.5	-1.5	1.5	-4.5	-4.5	-4.5	-4.5	1.5	1.5	0	-4.5	-4.5	-4.5
Rnu11	1.5	0	0	0	0	0	0	0	0	0	0	0	0	3.0	1.5	1.5	0	0	0	0	0	0	0	3.0	0	0	0	0	0	0	0	0	0	0	0	0	1.5	0	0	0	3.0	0	0	0	3.0	0	0	3.0	3.0	3.0	3.0	0	0	0	3.0	3.0	3.0
Rom1	0	1.5	0	4.5	4.5	4.5	0	4.5	4.5	1.5	0	0	0	4.5	0	0	1.5	7.5	0	0	1.5	3.0	0	4.5	0	0	0	0	0	0	0	0	0	1.5	0	0	0	0	0	0	4.5	0	0	1.5	4.5	0	0	4.5	4.5	4.5	4.5	0	0	0	4.5	4.5	4.5
Rora	0	-1.5	0	0	0	0	0	0	0	0	0	0	0	-1.5	0	0	0	0	0	0	-0.5	0	0	-1.5	0	0	0	0	0	0	0	0	0	0	0	0	0	0	0	0	-1.5	-1.5	-1.5	0	-1.5	0	0	-1.5	-1.5	-1.5	-1.5	0	0	0	-1.5	-1.5	-1.5
Rpl13a	0	3.0	0	0	0	0	0	1.5	1.5	0	0	0	0	1.5	0	0	0	0	0	0	1.5	0	0	1.5	0	0	0	0	1.5	0	0	0	0	0	1.5	0	0	3.0	1.5	1.5	1.5	0	0	0	1.5	0	0	1.5	1.5	1.5	1.5	0	0	0	1.5	1.5	1.5
Rpl27	0	0	0	0	0	0	0	1.5	1.5	0	0	0	0	3.0	0	0	0	0	0	0	0	1.5	0	3.0	0	0	0	0	0	0	0	0	0	1.5	0	0	0	0	0	0	3.0	0	0	0	3.0	0	0	3.0	3.0	3.0	3.0	0	0	0	3.0	3.0	3.0
Rpl3l	-1.5	0	0	-1.5	-1.5	-1.5	0	0	0	0	0	0	0	0	0	0	0	0	0	0	0	0	0	0	0	0	0	0	0	0	0	0	0	0	0	0	0	0	0	0	0	0	0	0	0	-1.5	0	0	0	0	0	0	0	0	0	0	0
Rps19	0	0	0	0	0	0	0	0	0	0	0	0	0	1.5	0	0	0	6.0	0	0	0	0	0	1.5	0	0	0	0	0	0	0	0	0	0	0	0	0	0	0	0	1.5	0	0	0	1.5	0	0	1.5	1.5	1.5	1.5	0	0	0	1.5	1.5	1.5
Rps6ka1	0	1.5	0	0	0	0	0	0	0	0	0	0	0	3.0	0	0	0	1.5	0	0	0	0	0	3.0	0	0	0	0	0	0	0	0	0	0	0	0	0	0	0	0	3.0	0	0	0	3.0	0	0	3.0	3.0	3.0	3.0	0	0	0	3.0	3.0	3.0
Rpusd2	0	0	0	-1.5	-1.5	-1.5	0	0	0	0	0	0	0	-1.5	0	0	-1.5	-6.0	0	0	0	0	0	-1.5	0	0	0	0	0	0	0	0	0	0	0	0	0	0	0	0	-1.5	0	0	-1.5	-1.5	0	0	-1.5	-1.5	-1.5	-1.5	0	0	0	-1.5	-1.5	-1.5
Rras2	0	-1.5	0	-2.0	-2.0	-2.0	0.5	-2.0	-2.0	0	3.0	0	0	-2.0	0	0	-0.5	-1.5	1.5	1.5	-0.5	-3.0	0	-2.0	0	0	0	0	0	-1.5	0	0	0	0	-0.5	1.5	0	0	0	0	-2.0	0	0	-1.0	-2.0	-0.5	3.0	-2.0	-2.0	-2.0	-2.0	3.0	3.0	0	-2.0	-2.0	-2.0
Rrm2	0	0	0	4.5	4.5	4.5	0	1.5	1.5	0	0	0	0	3.0	0	0	1.5	10.5	0	0	0	0	0	3.0	0	0	0	0	1.5	0	0	0	0	0	0	0	0	0	0	0	3.0	1.5	1.5	0	3.0	1.5	0	3.0	3.0	3.0	3.0	0	0	0	3.0	3.0	3.0
Rsad1	0	0	0	0	0	0	0	0	0	0	0	0	0	-1.5	0	0	0	0	0	0	0	0	0	-1.5	0	0	0	0	0	0	0	0	0	-1.0	0	0	0	0	0	0	-1.5	0	0	0	-1.5	0	0	-1.5	-1.5	-1.5	-1.5	0	0	0	-1.5	-1.5	-1.5
Runx2	1.5	0	0	0	0	0	0	0	0	1.5	0	0	0	1.5	0	0	0	0	0	0	0	0	0	1.5	0.5	0	0	0	0	0	0	0	0	0	0	0	0	0	0	0	1.5	0	0	0	1.5	0	0	1.5	1.5	1.5	1.5	0	0	0	1.5	1.5	1.5
S100a10	0	0	0	0.5	0.5	0.5	0	1.5	1.5	1.5	0	0	0	3.0	0	0	0	0	0	0	0	1.5	0	3.0	0	0	0	0	1.5	0	0	1.5	0	0	0	0	0	0	0	0	3.0	0	0	0	3.0	0	0	3.0	3.0	3.0	3.0	0	0	0	3.0	3.0	3.0
S100a5	0	0	0	0	0	0	0	0	0	0	0	0	0	4.5	0	0	1.5	0	0	0	1.5	0	0	4.5	0	0	0	0	0	0	0	0	0	0	1.5	0	1.5	0	0	0	4.5	0	0	0	4.5	1.5	0	4.5	4.5	4.5	4.5	0	0	0	4.5	4.5	4.5
S100a6	0	0	0	0	0	0	0	0	0	0	0	0	0	4.5	0	0	1.5	0	0	0	1.5	0	0	4.5	0	0	0	0	0	0	0	0	0	0	1.5	0	1.5	0	0	0	4.5	0	0	0	4.5	1.5	0	4.5	4.5	4.5	4.5	0	0	0	4.5	4.5	4.5
S1pr4	0	0	0	0	0	0	0	0	0	0	0	0	0	0	0	0	0	0	0	0	0	0	0	0	0	0	0	0	3.0	0	0	0	0	0	0	0	0	0	0	0	0	1.5	1.5	0	0	0	0	0	0	0	0	0	0	0	0	0	0
Samhd1	0	0	0	3.0	3.0	3.0	0	1.5	1.5	0	0	0	0	0	0	0	3.0	0	0	0	0	0	0	0	0	0	0	0	0	0	0	0	0	0	0	0	0	0	0	0	0	0	0	0	0	0	0	0	0	0	0	0	0	0	0	0	0
Sash3	0	3.0	0	0	0	0	0	0	0	0	0	0	0	0	0	0	0	0	0	0	0	0	1.5	0	0	0	0	0	0	0	0	0	0	0	0	0	0	6.0	0	0	0	0	0	0	0	0	0	0	0	0	0	0	0	0	0	0	0
Sbk1	0	0	0	4.5	4.5	4.5	0	3.0	3.0	0	0	0	0	6.0	0	0	1.5	0	0	0	0	0	0	6.0	0	0	0	0	0	0	0	0	0	0	0	0	0	0	0	0	6.0	0	0	1.5	6.0	0	0	6.0	6.0	6.0	6.0	0	0	0	6.0	6.0	6.0
Scd1	0	0	0	-3.0	-3.0	-3.0	0	-3.0	-3.0	0	0	0	0	-1.5	0	0	-1.5	0	0	0	0	0	0	-1.5	0	0	0	0	-3.0	0	0	-1.5	0	0	-0.5	0	0	0	0	0	-1.5	0	0	0	-1.5	0	0	-1.5	-1.5	-1.5	-1.5	0	0	0	-1.5	-1.5	-1.5
Scmh1	0	-0.5	0	-2.0	-2.0	-2.0	0	-1.0	-1.0	0	0	0	0	-1.5	0	0	-0.5	-1.0	0	0	-0.5	-0.5	0	-1.5	0	0	0	0	0	0	0	0	0	0	0	0	0	0	-0.5	-0.5	-1.5	0	0	-1.0	-1.5	-0.5	0	-1.5	-1.5	-1.5	-1.5	0	0	0	-1.5	-1.5	-1.5
Sec14l1	0	-1.5	0	-6.0	-6.0	-6.0	0	-6.0	-6.0	0	0	0	0	-6.0	0	0	-1.5	-3.0	0	0	-1.5	-3.0	0	-6.0	0	0	0	0	0	0	0	0	0	0	0	0	0	0	0	0	-6.0	0	0	-3.0	-6.0	0	0	-6.0	-6.0	-6.0	-6.0	0	0	0	-6.0	-6.0	-6.0
Sell	0	0	0	0	0	0	0	0	0	0	0.5	0	0	0	0	0	0	0	0	0	0	0	0	0	0	0	0	0	0	0	0	0	0	0	0	0	0	0	0	0	0	0	0	0	0	0	0	0	0	0	0	0	0	0	0	0	0
Sema4c	0	0	0	0	0	0	0	1.5	1.5	0	0	0	0	3.0	0	0	1.5	0	0	0	0	1.5	0	3.0	0	0	0	0	1.5	0	0	1.5	0	0	0	0	0	0	0	0	3.0	0	0	0	3.0	0	0	3.0	3.0	3.0	3.0	0	0	0	3.0	3.0	3.0
Sept4	-1.5	0	0	-3.0	-3.0	-3.0	0	-1.5	-1.5	-9.0	0	0	0	-3.0	0	0	-3.0	-9.0	0	0	0	-1.5	0	-3.0	0	0	0	0	-1.5	0	0	-1.5	0	0	0	0	0	0	0	0	-3.0	0	0	-1.5	-3.0	-1.5	0	-3.0	-3.0	-3.0	-3.0	0	0	0	-3.0	-3.0	-3.0
Sept9	0	0	0	0	0	0	0	3.0	3.0	0	0	0	0	3.0	0	0	1.5	3.0	0	0	0	0	0	3.0	0	0	0	0	0	0	0	0	0	0	0	0	0	0	0	0	3.0	0	0	0	3.0	0	0	3.0	3.0	3.0	3.0	0	0	0	3.0	3.0	3.0
Sgms1	0	0	0	0	0	0	0	0	0	3.0	0	0	0	0	0	0	0	0	0	0	0	0	0	0	0	0	0	0	0	0	0	0	0	0	0	0	0	0	0	0	0	0	0	0	0	0	0	0	0	0	0	0	0	0	0	0	0
Sh2d3c	0	1.5	0	0	0	0	0	1.5	1.5	0	0	0	0	3.0	0	0	0	0	0	0	0	3.0	0	3.0	0	0	0	0	0	0	0	0	0	0	0	0	0	0	0	0	3.0	0	0	1.5	3.0	0	0	3.0	3.0	3.0	3.0	0	0	0	3.0	3.0	3.0
Sh3bp5l	0	-1.5	0	0	0	0	0	0	0	-9.0	0	0	0	0	0	0	-1.5	0	0	0	0	0	0	0	0	0	0	0	0	0	0	0	0	0	0	0	0	0	0	0	0	0	0	0	0	0	0	0	0	0	0	0	0	0	0	0	0
Sipa1l1	0	0	0	0	0	0	0	0	0	-0.5	0	0	0	0	0	0	0	-0.5	0	0	-0.5	0	0	0	0	0	0	0	0	0	0	0	0	0	0	0	0	0	0	0	0	0	0	0	0	-0.5	0	0	0	0	0	0	0	0	0	0	0
Slain1	0	-1.0	0	0	0	0	0	0	0	0	0	0	0	0	0	0	0	0	0	0	-0.5	0	-0.5	0	0	0	0	0	0	0	0	0	0	0	0	0	0	-1.5	0	0	0	0	0	0	0	-0.5	0	0	0	0	0	0	0	0	0	0	0
Slc12a4	0	0	0	-1.5	-1.5	-1.5	0	-0.5	-0.5	0	0	0	0	-1.0	0	0	0	-0.5	0	0	0	-0.5	0	-1.0	0	0	0	0	0	0	0	0	0	0	0	0	0	0	0	0	-1.0	0	0	-1.0	-1.0	-0.5	0	-1.0	-1.0	-1.0	-1.0	0	0	0	-1.0	-1.0	-1.0
Slc16a6	0	-3.0	0	-6.0	-6.0	-6.0	0	-3.0	-3.0	0	0	0	0	-9.5	0	0	-1.5	-6.0	0	0	0	-1.5	0	-9.5	0	0	0	0	0	0	0	0	0	0	0	0	0	0	0	0	-9.5	-1.5	-1.5	-3.0	-9.5	-1.5	0	-9.5	-9.5	-9.5	-9.5	0	0	0	-9.5	-9.5	-9.5
Slc2a1	0	0	0	0	0	0	0	0	0	0	0	0	0	1.5	0	0	0	0	0	0	0	0	0	1.5	0	0	0	0	0	0	0	0	0	0	0	0	0	0	0	0	1.5	0	0	0	1.5	0	0	1.5	1.5	1.5	1.5	0	0	0	1.5	1.5	1.5
Slc37a2	1.5	0	0	0	0	0	0	1.5	1.5	3.0	0	0	0	0	0	0	0	0	0	0	0	0	0	0	0.5	0	0	0	0	0	0	0	0	0	0	0	0	0	0	0	0	0	0	0	0	0	0	0	0	0	0	0	0	0	0	0	0
Slc39a10	0	0	0	0	0	0	0	1.0	1.0	0	0	0	0	0.5	0	0	0	0	0	0	1.0	0.5	0	0.5	0.5	0	0	0	0	0	0	0	0	0	0	0	0	0	0	0	0.5	0	0	0	0.5	0	0	0.5	0.5	0.5	0.5	0	0	0	0.5	0.5	0.5
Slc39a11	0	0	0	0	0	0	0	0	0	0	-1.0	0	0	0	0	0	0	0	-2.0	-2.0	0	0	0	0	0	0	0	0	0	0	0	0	0	0	0	0	0	0	0	0	0	0	0	0	0	0	-0.5	0	0	0	0	-0.5	-0.5	-0.5	0	0	0
Slc39a14	0	3.0	0	0	0	0	0	6.0	6.0	0	-0.5	0	0	4.5	0	0	1.5	9.0	-2.0	-2.0	1.5	0	0	4.5	0	0	0	0	0	1.5	0	0	0	1.5	0	0	1.5	0	0	0	4.5	0	0	3.0	4.5	0	-0.5	4.5	4.5	4.5	4.5	-0.5	-0.5	-0.5	4.5	4.5	4.5
Slc44a2	0	0	0	0	0	0	0	3.0	3.0	1.5	0	0	0	4.5	1.5	0	1.5	6.0	0	0	1.5	3.0	0	4.5	0	0	0	0	0	0	0	0	0	0	0	0	0	0	0	0	4.5	0	0	0	4.5	0	0	4.5	4.5	4.5	4.5	0	0	0	4.5	4.5	4.5
Slfn2	0	0	0	0	0	0	0	0	0	1.5	0	0	0	0	0	3.0	1.5	0	0	0	0	0	0	0	0	0	0	0	0	0	0	0	0	0	0	0	0	0	1.5	1.5	0	0	0	0	0	0	0	0	0	0	0	0	0	0	0	0	0
Slx1b	0	3.0	0	0	0	0	0	1.5	1.5	0	0	0	0	4.5	0	0	0	3.0	0	0	3.0	0	1.5	4.5	0	0	0	0	0	0	0	0	0	0	0	0	0	6.0	0	0	4.5	0	0	3.0	4.5	0	0	4.5	4.5	4.5	4.5	0	0	0	4.5	4.5	4.5
Smc2	0	0.5	0	0.5	0.5	0.5	0	1.5	1.5	0	0	0	0	0.5	0	0	0.5	3.0	0	0	0.5	0	0	0.5	0	0	0	0	0	0	0	0	0	0	0	0	0	0	0	0	0.5	0.5	0.5	1.0	0.5	0	0	0.5	0.5	0.5	0.5	0	0	0	0.5	0.5	0.5
Snord35b	0	3.0	0	0	0	0	0	1.5	1.5	0	0	0	0	1.5	0	0	0	0	0	0	1.5	0	0	1.5	0	0	0	0	1.5	0	0	0	0	0	1.5	0	0	3.0	1.5	1.5	1.5	0	0	0	1.5	0	0	1.5	1.5	1.5	1.5	0	0	0	1.5	1.5	1.5
Sox15	0	0	0	-1.5	-1.5	-1.5	0	-1.5	-1.5	-1.5	0	0	0	-1.5	-0.5	0	0	0	0	0	-1.5	0	0	-1.5	0	0	0	0	0	0	0	0	0	0	0	0	0	0	-1.5	-1.5	-1.5	0	0	0	-1.5	0	0	-1.5	-1.5	-1.5	-1.5	0	0	0	-1.5	-1.5	-1.5
Spats1	0	0	0	0	0	0	0	0	0	0	0	0	0	0	0	0	-3.5	0	0	0	0	0	0	0	0	0	0	0	0	0	0	0	0	0	0	0	0	0	0	0	0	-1.5	-1.5	0	0	0	0	0	0	0	0	0	0	0	0	0	0
Spc24	0	1.5	0	1.5	1.5	1.5	0	4.5	4.5	0	0	0	0	1.5	0	0	1.5	7.5	0	0	0	0	0	1.5	0	0	0	0	1.5	0	0	1.5	0	0	0	0	0	0	0	0	1.5	0	0	3.0	1.5	0	0	1.5	1.5	1.5	1.5	0	0	0	1.5	1.5	1.5
Spry4	0	0	0	-1.5	-1.5	-1.5	0	-1.5	-1.5	0	0	0	0	-1.5	0	0	0	0	0	0	0	0	0	-1.5	0	0	0	0	0	0	0	0	0	0	0	0	0	0	0	0	-1.5	0	0	0	-1.5	0	0	-1.5	-1.5	-1.5	-1.5	0	0	0	-1.5	-1.5	-1.5
Srgap1	0	0	0	-0.5	-0.5	-0.5	0	0	0	0	0	0	0	0	0	0	0	0	0	0	0	0	0	0	0	0	0	0	0	0	0	0	0	0	0	0	0	0	0	0	0	-0.5	-0.5	0	0	0	0	0	0	0	0	0	0	0	0	0	0
Srl	0	0	0	-0.5	-0.5	-0.5	0	-1.0	-1.0	0	0	0	0	0	0	0	0	0	0	0	0	0	0	0	0	0	0	0	0	0	0	0	0	0	0	0	0	0	0	0	0	0	0	0	0	0	0	0	0	0	0	0	0	0	0	0	0
Srms	0	-1.5	0	0	0	0	0	0	0	0	0	0	0	-1.5	0	0	0	0	0	0	0	0	0	-1.5	0	0	0	0	0	0	0	0	0	0	0	0	0	0	0	0	-1.5	0	0	0	-1.5	0	0	-1.5	-1.5	-1.5	-1.5	0	0	0	-1.5	-1.5	-1.5
Srpk3	0	0	0	-1.5	-1.5	-1.5	0	0	0	-1.5	0	0	0	0	0	0	-3.0	-1.5	0	0	0	0	0	0	0	0	0	0	0	0	0	-1.5	0	0	0	0	0	0	0	0	0	0	0	0	0	0	0	0	0	0	0	0	0	0	0	0	0
Ssbp4	0	0	0	6.0	6.0	6.0	0	4.5	4.5	0	0	0	0	4.5	0	0	3.0	6.0	0	0	0	1.5	0	4.5	0	1.5	1.5	1.5	1.5	0	0	1.5	0	0	0	0	1.5	0	0	0	4.5	0	0	1.5	4.5	1.5	0	4.5	4.5	4.5	4.5	0	0	0	4.5	4.5	4.5
St3gal4	0	0	0	0	0	0	0	0	0	0	0	0	0	1.5	3.0	0	0	0	0	0	0	0	0	1.5	0	0	0	0	3.0	0	0	1.5	0	0	0	0	1.5	0	0	0	1.5	0	0	0	1.5	0	0	1.5	1.5	1.5	1.5	0	0	0	1.5	1.5	1.5
St3gal6	0	-0.5	0	-0.5	-0.5	-0.5	0	0	0	0	1.5	0	0	-1.5	0	0	-0.5	-2.5	7.5	7.5	-0.5	-0.5	0	-1.5	0	0	0	0	0	-0.5	1.5	0	0	0	0	0	0	0	0	0	-1.5	0	0	0	-1.5	0	3.0	-1.5	-1.5	-1.5	-1.5	3.0	3.0	0	-1.5	-1.5	-1.5
St6galnac6	0	0	0	4.5	4.5	4.5	0	1.5	1.5	0	0	0	0	3.0	0	0	1.5	7.5	0	0	0	1.5	0	3.0	0	0	0	0	3.0	0	0	1.5	0	0	0	0	1.5	0	0	0	3.0	0	0	1.5	3.0	0	0	3.0	3.0	3.0	3.0	0	0	0	3.0	3.0	3.0
St8sia6	0	0	0	0	0	0	0	0	0	0	0.5	0	0	0	0	0	0	0	0	0	0	0	0	0	0	0	0	0	0	0	0	0	0	0	-2.0	0	0	0	0	0	0	0	0	0	0	0	0	0	0	0	0	0	0	0	0	0	0
Stk32c	0	0	0	0	0	0	0	0	0	0	0	0	0	1.5	0	0	0	0	0	0	0	0	0	1.5	0	0	0	0	0	0	0	0	0	0	0	0	0	0	0	0	1.5	0	0	0	1.5	1.5	0	1.5	1.5	1.5	1.5	0	0	0	1.5	1.5	1.5
Stx5a	0	0	0	-3.0	-3.0	-3.0	0	-1.5	-1.5	0	0	0	0	-1.5	0	0	-1.5	-9.0	0	0	0	0	0	-1.5	0	0	0	0	0	0	0	0	0	0	0	0	0	0	0	0	-1.5	0	0	0	-1.5	0	0	-1.5	-1.5	-1.5	-1.5	0	0	0	-1.5	-1.5	-1.5
Susd1	0	0	0	0	0	0	0	-1.5	-1.5	-3.0	0	0	0	-1.5	0	0	0	-1.5	0	0	0	0	0	-1.5	0	0	0	0	0	0	0	0	0	0	0	0	0	0	0	0	-1.5	0	0	0	-1.5	0	0	-1.5	-1.5	-1.5	-1.5	0	0	0	-1.5	-1.5	-1.5
Sv2c	0	0	0	0	0	0	0	0	0	0	0	0	0	0	0	0	0.5	0	0	0	0	0	0	0	0	0	0	0	0	0	0	0	0	0	0	0	0	0	0	0	0	0	0	0	0	0	0	0	0	0	0	0	0	0	0	0	0
Synpo2l	0	1.5	0	1.5	1.5	1.5	0	1.5	1.5	9.0	0	0	0	1.5	0	0	0	1.5	0	0	0	3.0	0	1.5	0	0	0	0	0	0	0	0	0	0	0	0	0	0	0	0	1.5	0	0	1.5	1.5	0	0	1.5	1.5	1.5	1.5	0	0	0	1.5	1.5	1.5
Syvn1	0	-1.5	0	-1.5	-1.5	-1.5	0	-3.0	-3.0	-9.0	0	0	0	-2.0	0	0	0	0	0	0	-1.5	0	0	-2.0	0	0	0	0	0	0	0	0	0	0	0	0	0	0	0	0	-2.0	0	0	0	-2.0	-1.5	0	-2.0	-2.0	-2.0	-2.0	0	0	0	-2.0	-2.0	-2.0
Taf12	1.5	0	0	0	0	0	0	0	0	0	0	0	0	3.0	1.5	1.5	0	0	0	0	0	0	0	3.0	0	0	0	0	0	0	0	0	0	0	0	0	1.5	0	0	0	3.0	0	0	0	3.0	0	0	3.0	3.0	3.0	3.0	0	0	0	3.0	3.0	3.0
Taf1b	0	0	0	0	0	0	0	0	0	0.5	0	0	0	1.0	0	0	0.5	0	0	0	0	0.5	0	1.0	0	0	0	0	0	0	0	0	0	0	0	0	0	0	0	0	1.0	0	0	0	1.0	0	0	1.0	1.0	1.0	1.0	0	0	0	1.0	1.0	1.0
Tagln	0	0	0	-1.5	-1.5	-1.5	0	-1.5	-1.5	-1.5	0	0	0	-1.5	0	0	0	0	0	0	0	0	0	-1.5	0	0	0	0	0	0	0	0	0	0	0	0	0	0	0	0	-1.5	0	0	0	-1.5	0	0	-1.5	-1.5	-1.5	-1.5	0	0	0	-1.5	-1.5	-1.5
Tagln2	0	1.5	0	0	0	0	0	1.5	1.5	1.5	0	0	0	3.0	0	0	0	1.5	0	0	0	1.5	0	3.0	0	0	0	0	0	0	0	0	0	0	0	0	0	0	0	0	3.0	0	0	3.0	3.0	0	0	3.0	3.0	3.0	3.0	0	0	0	3.0	3.0	3.0
Tapbpl	0	0	0	0	0	0	0	-1.5	-1.5	0	0	0	0	-0.5	0	0	-3.0	0	0	0	0	0	0	-0.5	0	0	0	0	0	0	0	0	0	0	-0.5	0	0	0	0	0	-0.5	0	0	0	-0.5	0	0	-0.5	-0.5	-0.5	-0.5	0	0	0	-0.5	-0.5	-0.5
Tbc1d30	0	0	0	0	0	0	0	0	0	0	1.5	0	0	-0.5	0	0	0	0	0	0	-0.5	-0.5	0	-0.5	0	0	0	0	-1.0	-0.5	0	0	0	0	0	0	0	0	0	0	-0.5	0	0	0	-0.5	0	1.5	-0.5	-0.5	-0.5	-0.5	1.5	1.5	0	-0.5	-0.5	-0.5
Tenc1	0	0	0	0	0	0	0	-1.5	-1.5	0	0	0	0	0	0	0	0	0	0	0	0	0	0	0	0	0	0	0	0	0	0	0	0	0	0	0	0	0	0	0	0	0	0	0	0	-1.5	0	0	0	0	0	0	0	0	0	0	0
Tex2	0	-1.5	0	-6.0	-6.0	-6.0	0	-4.5	-4.5	0	0	0	0	-4.5	0	0	-1.5	-9.0	0	0	-1.5	-1.5	0	-4.5	0	0	0	0	-1.5	0	0	0	0	0	-1.5	0	0	0	0	0	-4.5	0	0	-3.0	-4.5	-1.5	0	-4.5	-4.5	-4.5	-4.5	0	0	0	-4.5	-4.5	-4.5
Tgfb1i1	0	0	0	-3.0	-3.0	-3.0	0	-3.0	-3.0	-1.5	0	0	0	-3.0	-0.5	0	-1.5	-10.5	0	0	-1.5	0	0	-3.0	0	0	0	0	0	0	0	0	0	0	0	0	0	0	0	0	-3.0	0	0	-1.5	-3.0	0	0	-3.0	-3.0	-3.0	-3.0	0	0	0	-3.0	-3.0	-3.0
Ticam2	0	0	0	0	0	0	0	0	0	0	0	0	0	0.5	0	0	0.5	2.5	0	0	0	0	0	0.5	0	0.5	0.5	0.5	0	0	0	0	0	0	0	0	0	0	0	0	0.5	0.5	0.5	0.5	0.5	0	0	0.5	0.5	0.5	0.5	0	0	0	0.5	0.5	0.5
Tifa	0	0	0	-0.5	-0.5	-0.5	0	-2.0	-2.0	-0.5	0	0	0	-1.0	0	0	0	0	0	0	-0.5	-0.5	0	-1.0	0	0	0	0	0	0	0	0	0	0	0	0	0	0	0	0	-1.0	-0.5	-0.5	0	-1.0	0	0	-1.0	-1.0	-1.0	-1.0	0	0	0	-1.0	-1.0	-1.0
Tigd5	0	-3.0	0	-1.5	-1.5	-1.5	0	0	0	0	0	0	0	-1.5	0	0	0	0	0	0	0	-1.5	0	-1.5	0	0	0	0	0	0	0	0	0	0	0	0	0	0	0	0	-1.5	0	0	-1.5	-1.5	0	0	-1.5	-1.5	-1.5	-1.5	0	0	0	-1.5	-1.5	-1.5
Tjap1	0	0	0	-1.5	-1.5	-1.5	0	-1.5	-1.5	-3.0	0	0	0	-1.5	0	0	-1.5	0	0	0	-1.5	0	0	-1.5	0	0	0	0	0	0	0	0	0	0	0	0	0	0	0	0	-1.5	-1.5	-1.5	0	-1.5	0	0	-1.5	-1.5	-1.5	-1.5	0	0	0	-1.5	-1.5	-1.5
Tle1	0	-3.0	0	-1.5	-1.5	-1.5	0	-4.5	-4.5	0	0	0	0	-3.0	0	0	-3.0	0	0	0	0	-1.5	0	-3.0	0	0	0	0	-1.5	0	0	-1.5	0	0	0	0	0	0	0	0	-3.0	0	0	0	-3.0	0	0	-3.0	-3.0	-3.0	-3.0	0	0	0	-3.0	-3.0	-3.0
Tmc6	0	3.0	0	1.5	1.5	1.5	0	4.5	4.5	0	0	0	0	1.5	0	0	0	6.0	0	0	0	0	1.5	1.5	0.5	0	0	0	0	0	0	0	0	1.5	0	0	0	6.0	0	0	1.5	0	0	0	1.5	0	0	1.5	1.5	1.5	1.5	0	0	0	1.5	1.5	1.5
Tmc8	0	3.0	0	1.5	1.5	1.5	0	4.5	4.5	0	0	0	0	1.5	0	0	0	6.0	0	0	0	0	1.5	1.5	0.5	0	0	0	0	0	0	0	0	1.5	0	0	0	6.0	0	0	1.5	0	0	0	1.5	0	0	1.5	1.5	1.5	1.5	0	0	0	1.5	1.5	1.5
Tmcc3	-0.5	0	0	-0.5	-0.5	-0.5	0	-0.5	-0.5	0	0	0	0	-1.5	0	0	-0.5	0	0	0	-0.5	-0.5	0	-1.5	0	0	0	0	0	0	0	0	0	0	0	0	0	0	0	0	-1.5	0	0	-0.5	-1.5	-0.5	0	-1.5	-1.5	-1.5	-1.5	0	0	0	-1.5	-1.5	-1.5
Tmem143	0	3.0	0	1.5	1.5	1.5	0	3.0	3.0	9.0	0	0	0	0	0	0	1.5	0	0	0	0	0	0	0	0	0	0	0	0	0	0	0	0	0	1.5	0	0	0	0	0	0	0	0	0	0	1.5	0	0	0	0	0	0	0	0	0	0	0
Tmem144	0	0	0	-0.5	-0.5	-0.5	0	0	0	0	0	0	0	-1.5	0	0	0	0	0	0	-0.5	0	0	-1.5	0	0	0	0	0	0	0	-0.5	0	0	0	0	0	0	0	0	-1.5	0	0	0	-1.5	0	0	-1.5	-1.5	-1.5	-1.5	0	0	0	-1.5	-1.5	-1.5
Tmem218	1.5	0	0	0	0	0	0	1.5	1.5	3.0	0	0	0	0	0	0	0	0	0	0	0	0	0	0	0.5	0	0	0	0	0	0	0	0	0	0	0	0	0	0	0	0	0	0	0	0	0	0	0	0	0	0	0	0	0	0	0	0
Tmem64	0	0	0	0	0	0	0	0	0	0	0	0	0	0	0	0	0	-2.5	0	0	0	0	0	0	0	0	0	0	0	0	0	0	0	0	0	0	0	0	0	0	0	0	0	0	0	0	0	0	0	0	0	0	0	0	0	0	0
Tmem79	0	0	0	0	0	0	0	0	0	0	0	0	0	0	0	0	0	0	0	0	0	0	0	0	0	0	0	0	0	0	0	0	0	0	0	0	0	0	0	0	0	1.5	1.5	0	0	0	0	0	0	0	0	0	0	0	0	0	0
Tmsb15b1	0	0	0	0	0	0	0	-0.5	-0.5	0	0	0	0	-0.5	0	0	-0.5	-1.0	0	0	0	0	0	-0.5	0	0	0	0	0	0	0	0	0	0	0	0	0	0	0	0	-0.5	0	0	0	-0.5	0	0	-0.5	-0.5	-0.5	-0.5	0	0	0	-0.5	-0.5	-0.5
Tmtc2	0	0	0	-0.5	-0.5	-0.5	0	0	0	0	0	0	0	0	0	0	0	0	0	0	0	0	0	0	0	0	0	0	0	0	0	0	0	0	0	0	0	0	0	0	0	0	0	0	0	0	0	0	0	0	0	0	0	0	0	0	0
Tox	0	0	0	-1.0	-1.0	-1.0	1.5	-0.5	-0.5	-0.5	3.0	0	0	-1.5	0	0	-0.5	-0.5	1.5	1.5	-1.0	-0.5	0	-1.5	0	0	0	0	0	-0.5	1.5	0	0	0	-1.0	0	0	0	0	0	-1.5	0	0	-1.0	-1.5	-0.5	3.0	-1.5	-1.5	-1.5	-1.5	3.0	3.0	1.5	-1.5	-1.5	-1.5
Tpd52	0	0	0	0	0	0	0	0	0	0	0	0	0	-1.0	0	0	0	-2.5	0	0	0	0	0	-1.0	0	0	0	0	0	0	0	0	0	0	0	0	0	0	0	0	-1.0	0	0	0	-1.0	0	0	-1.0	-1.0	-1.0	-1.0	0	0	0	-1.0	-1.0	-1.0
Trib1	0	-1.0	0	-0.5	-0.5	-0.5	0	-1.5	-1.5	0	0	0	0	-0.5	0	0	0	0	0	0	0	0	0	-0.5	0	0	0	0	0	0	0	0	0	0	0	0	0	0	0	0	-0.5	0	0	-0.5	-0.5	0	0	-0.5	-0.5	-0.5	-0.5	0	0	0	-0.5	-0.5	-0.5
Trib2	0	0	0	-0.5	-0.5	-0.5	0	-1.0	-1.0	0	0	0	0	-1.5	0	0	-0.5	-0.5	0	0	0	-0.5	0	-1.5	0	0	0	0	0	0	0	0	0	0	0	0	0	0	0	0	-1.5	0	0	0	-1.5	0	0	-1.5	-1.5	-1.5	-1.5	0	0	0	-1.5	-1.5	-1.5
Trio	0	-0.5	1.0	-0.5	-0.5	-0.5	0	-0.5	-0.5	-0.5	3.0	0	0	-2.5	0	0	-1.0	-3.0	8.0	8.0	-0.5	-0.5	0	-2.5	0	0	0	0	0	0	1.5	0	0	0	0	1.5	0	0	0	0	-2.5	-0.5	-0.5	-1.0	-2.5	-0.5	6.0	-2.5	-2.5	-2.5	-2.5	6.0	6.0	0	-2.5	-2.5	-2.5
Trp53i11	1.5	0	0	0	0	0	0	1.5	1.5	0	0	0	0	4.5	0	0	0	1.5	0	0	1.5	0	0	4.5	0	0	0	0	0	0	0	0	0	0	0	0	1.5	0	0	0	4.5	0	0	3.0	4.5	0	0	4.5	4.5	4.5	4.5	0	0	0	4.5	4.5	4.5
Trpv2	0	3.0	0	0	0	0	0	0	0	1.5	0	0	0	0	0	0	1.5	4.5	0	0	0	0	0	0	0	0	0	0	0	0	0	0	0	0	0	0	1.5	0	0	0	0	0	0	0	0	1.5	0	0	0	0	0	0	0	0	0	0	0
Tsnax	0	0	0	1.5	1.5	1.5	0	1.5	1.5	9.0	0	0	0	1.5	0	0	0	0	0	0	0	0	0	1.5	0	0	0	0	0	0	0	0	0	0	0	0	0	0	0	0	1.5	0	0	0	1.5	0	0	1.5	1.5	1.5	1.5	0	0	0	1.5	1.5	1.5
Tspan14	0	0	0	0	0	0	0	0	0	0	0	0	0	0	0	0	0	6.0	0	0	0	0	0	0	0	0	0	0	0	0	0	0	0	0	1.5	0	0	0	0	0	0	0	0	0	0	0	0	0	0	0	0	0	0	0	0	0	0
Tspan18	-1.5	0	0	0	0	0	0	-1.5	-1.5	0	0	0	0	-4.5	0	0	0	-1.5	0	0	0	0	0	-4.5	0	-0.5	-0.5	-0.5	0	0	0	-1.5	0	0	0	0	0	0	0	0	-4.5	0	0	-3.0	-4.5	-1.5	0	-4.5	-4.5	-4.5	-4.5	0	0	0	-4.5	-4.5	-4.5
Tspan2	0	1.5	0	0	0	0	0	3.0	3.0	3.0	0	0	0	1.5	0	0	1.5	0	0	0	0	0	0	1.5	0	0	0	0	0	0	0	0	0	0	0	0	1.5	0	0	0	1.5	0	0	0	1.5	0	0	1.5	1.5	1.5	1.5	0	0	0	1.5	1.5	1.5
Ttc13	0	0	0	1.5	1.5	1.5	0	0	0	0	0	0	0	1.5	0	0	0	0	0	0	3.0	0	0	1.5	0	0	0	0	0	0	0	0	0	0	0	0	0	0	0	0	1.5	0	0	0	1.5	1.5	0	1.5	1.5	1.5	1.5	0	0	0	1.5	1.5	1.5
Ttc28	-0.5	0	0	0	0	0	1.5	-0.5	-0.5	-0.5	3.0	0	0	-1.5	0	0	-1.5	-1.0	3.0	3.0	-0.5	-1.0	0	-1.5	0	-0.5	-0.5	-0.5	0	0	0	0	0	0	0	0	0	0	0	0	-1.5	0	0	0	-1.5	0	3.0	-1.5	-1.5	-1.5	-1.5	3.0	3.0	1.5	-1.5	-1.5	-1.5
Ttc39b	0	0	0	0	0	0	0	0	0	0	0	0	0	1.5	0	1.5	0	0	0	0	0	0	0	1.5	0	0	0	0	0	0	0	0	0	0	0	0	0	0	0	0	1.5	0	0	0	1.5	0	0	1.5	1.5	1.5	1.5	0	0	0	1.5	1.5	1.5
Ttll10	0	0	0	0	0	0	0	0	0	0	0	0	0	3.0	0	0	0	1.5	0	0	0	1.5	0	3.0	0	0	0	0	0	0	0	1.5	0	0	0	0	0	0	0	0	3.0	0	0	0	3.0	0	0	3.0	3.0	3.0	3.0	0	0	0	3.0	3.0	3.0
Tubg1	0	0	0	4.5	4.5	4.5	0	6.0	6.0	0	0	0	0	1.5	0	0	0	0	0	0	0	0	0	1.5	0	0	0	0	0	0	0	0	0	0	0	0	0	0	0	0	1.5	0	0	0	1.5	0	0	1.5	1.5	1.5	1.5	0	0	0	1.5	1.5	1.5
Twf2	0	0	0	1.5	1.5	1.5	0	3.0	3.0	0	0	0	0	1.5	0	0	1.5	10.5	0	0	0	3.0	0	1.5	0	0	0	0	0	1.5	0	0	0	0	0	0	0	0	0	0	1.5	1.5	1.5	1.5	1.5	0	0	1.5	1.5	1.5	1.5	0	0	0	1.5	1.5	1.5
Txnrd3	0	0	0	-1.5	-1.5	-1.5	0	-1.0	-1.0	0	0	0	0	-2.0	0	0	-0.5	-4.0	0	0	-0.5	-0.5	0	-2.0	0	0	0	0	0	0	0	0	0	0	0	0	0	0	0	0	-2.0	0	0	-1.0	-2.0	-0.5	0	-2.0	-2.0	-2.0	-2.0	0	0	0	-2.0	-2.0	-2.0
Ubash3b	0	1.5	0	0	0	0	0	3.0	3.0	0	0	0	0	4.5	0	0	1.5	0	0	0	0	1.5	0	4.5	0	0	0	0	0	1.5	0	0	0	0	1.5	0	0	0	0	0	4.5	0	0	0	4.5	0	0	4.5	4.5	4.5	4.5	0	0	0	4.5	4.5	4.5
Ubtd2	0	0	0	-1.5	-1.5	-1.5	0	-1.5	-1.5	0	0	0	0	-3.0	0	0	-3.0	-6.0	0	0	-1.5	0	0	-3.0	0	0	0	0	-4.5	0	0	-1.5	0	0	0	0	0	0	0	0	-3.0	0	0	0	-3.0	-1.5	0	-3.0	-3.0	-3.0	-3.0	0	0	0	-3.0	-3.0	-3.0
Uggt2	0	-1.0	0	0	0	0	0	0	0	0	0	0	0	0	0	0	0	0	0	0	0	0	0	0	0	0	0	0	0	0	0	0	0	0	0	0	0	0	0	0	0	0	0	0	0	-0.5	0	0	0	0	0	0	0	0	0	0	0
Uhrf2	0	-1.5	0	-3.0	-3.0	-3.0	0	-4.5	-4.5	0	0	0	0	-4.5	0	0	-3.0	-10.5	0	0	-1.5	0	0	-4.5	0	0	0	0	0	0	0	0	0	0	0	0	0	0	0	0	-4.5	-1.5	-1.5	-3.0	-4.5	0	0	-4.5	-4.5	-4.5	-4.5	0	0	0	-4.5	-4.5	-4.5
Unc13d	1.5	0	0	3.0	3.0	3.0	0	0	0	0	0	0	0	3.0	0	0	0	0	0	0	1.5	1.5	0	3.0	0	0	0	0	0	0	0	0	0	0	0	0	0	0	0	0	3.0	0	0	0	3.0	0	0	3.0	3.0	3.0	3.0	0	0	0	3.0	3.0	3.0
Uqcr11	0	0	0	3.0	3.0	3.0	0	1.5	1.5	0	0	0	0	1.5	0	0	0	0	0	0	0	0	0	1.5	0	0	0	0	0	0	0	0	0	0	0	0	1.5	0	0	0	1.5	0	0	0	1.5	0	0	1.5	1.5	1.5	1.5	0	0	0	1.5	1.5	1.5
Usp36	0	-1.5	0	0	0	0	0	-1.5	-1.5	0	0	0	0	0	0	0	-1.5	0	0	0	0	-1.5	0	0	0	0	0	0	0	-1.5	0	0	0	0	-0.5	0	0	0	0	0	0	0	0	0	0	-1.5	0	0	0	0	0	0	0	0	0	0	0
Usp6nl	0	0	0	0	0	0	0	0	0	0	0	0	0	0	0	0	-0.5	0	0	0	-0.5	0	0	0	0	0	0	0	0	0	0	0	0	0	0	0	0	0	0	0	0	0	0	0	0	0	0	0	0	0	0	0	0	0	0	0	0
Utp14b	0	0	0	0	0	0	0	-1.0	-1.0	0	0	0	0	-0.5	0	0	-0.5	-2.0	0	0	0	0	0	-0.5	0	0	0	0	-0.5	0	0	-0.5	0	0	0	0	0	0	0	0	-0.5	0	0	-0.5	-0.5	-0.5	0	-0.5	-0.5	-0.5	-0.5	0	0	0	-0.5	-0.5	-0.5
Vamp1	0	0	0	0	0	0	0	-1.5	-1.5	0	0	0	0	-0.5	0	0	-3.0	0	0	0	0	0	0	-0.5	0	0	0	0	0	0	0	0	0	0	-0.5	0	0	0	0	0	-0.5	0	0	0	-0.5	0	0	-0.5	-0.5	-0.5	-0.5	0	0	0	-0.5	-0.5	-0.5
Wars	0	1.5	0	3.0	3.0	3.0	0	3.0	3.0	9.0	0	0	0	1.5	0	0	1.5	0	0	0	0	0	0	1.5	0	0	0	0	3.0	0	0	1.5	0	0	0	0	0	0	0	0	1.5	0	0	3.0	1.5	0	0	1.5	1.5	1.5	1.5	0	0	0	1.5	1.5	1.5
Wbscr16	0	0	0	0	0	0	0	0	0	0	0	0	0	0	0	0	0	0	0	0	-1.5	0	0	0	0	0	0	0	0	0	0	0	0	-1.0	0	0	0	0	-1.5	-1.5	0	0	0	0	0	0	0	0	0	0	0	0	0	0	0	0	0
Wdr46	0	0	0	0	0	0	0	1.5	1.5	9.0	0	0	0	1.5	3.0	0	1.5	0	0	0	1.5	1.5	0	1.5	0	0	0	0	0	0	0	0	0	0	0	0	0	0	0	0	1.5	0	0	0	1.5	0	0	1.5	1.5	1.5	1.5	0	0	0	1.5	1.5	1.5
Wdr78	0	0	0	0	0	0	0	0	0	0	0	0	0	1.0	0	0	0	0.5	0	0	0	0.5	0	1.0	0	0	0	0	0	0	0	0	0	0	0	0	0	0	0	0	1.0	0	0	0	1.0	0	0	1.0	1.0	1.0	1.0	0	0	0	1.0	1.0	1.0
Wdr90	0	0	0	-1.5	-1.5	-1.5	0	-6.0	-6.0	-7.5	0	0	0	-0.5	0	0	-1.5	0	0	0	0	0	0	-0.5	0	0	0	0	0	0	0	0	0	0	-0.5	0	0	0	-1.5	-1.5	-0.5	0	0	0	-0.5	-1.5	0	-0.5	-0.5	-0.5	-0.5	0	0	0	-0.5	-0.5	-0.5
Wdr95	0	0	0	0	0	0	0	0	0	0	0	0	0	0	0	0	0	4.5	0	0	0	1.5	0	0	0	0	0	0	0	0	0	0	0	1.5	0	0	0	0	0	0	0	0	0	0	0	1.5	0	0	0	0	0	0	0	0	0	0	0
Whrn	0	-0.5	0	-1.0	-1.0	-1.0	0	-1.0	-1.0	0	0	0	0	-1.5	0	0	-0.5	-3.0	0	0	-0.5	-1.0	0	-1.5	0	0	0	0	0	0	0	0	0	0	0	0	0	0	0	0	-1.5	0	0	-1.0	-1.5	0	0	-1.5	-1.5	-1.5	-1.5	0	0	0	-1.5	-1.5	-1.5
Wls	0	0	0	-0.5	-0.5	-0.5	0	-0.5	-0.5	0	1.5	0	0	-1.0	0	0	-1.0	0	0	0	0	0	0	-1.0	0	0	0	0	0	0	0	-0.5	0	0	0	0	0	0	0	0	-1.0	0	0	-0.5	-1.0	0	3.0	-1.0	-1.0	-1.0	-1.0	3.0	3.0	1.5	-1.0	-1.0	-1.0
Wscd2	0	0	0	0	0	0	0	0	0	0	0	0	0	3.0	0	0	0	6.0	0	0	0	0	0	3.0	0	0	0	0	0	0	0	0	0	1.5	0	0	0	0	0	0	3.0	0	0	0	3.0	0	0	3.0	3.0	3.0	3.0	0	0	0	3.0	3.0	3.0
Xpnpep3	0	1.5	0	1.5	1.5	1.5	0	0	0	0	0	0	0	1.5	0	0	0	0	0	0	1.5	0	0	1.5	0	0	0	0	0	0	0	0	0	0	0	0	0	0	0	0	1.5	0	0	0	1.5	0	0	1.5	1.5	1.5	1.5	0	0	0	1.5	1.5	1.5
Xpo1	0	1.5	0	4.5	4.5	4.5	0	4.5	4.5	0	0	0	0	3.0	0	0	0	1.5	0	0	1.5	3.0	0	3.0	0	0	0	0	0	0	0	0	0	0	0	0	0	0	0	0	3.0	0	0	3.0	3.0	1.5	0	3.0	3.0	3.0	3.0	0	0	0	3.0	3.0	3.0
Ywhag	0	0	0	3.0	3.0	3.0	0	4.5	4.5	0	0	0	0	3.0	3.0	0	1.5	0	0	0	1.5	0	0	3.0	0	0	0	0	0	0	0	0	0	0	0	0	0	0	0	0	3.0	1.5	1.5	0	3.0	0	0	3.0	3.0	3.0	3.0	0	0	0	3.0	3.0	3.0
Zbtb10	0	-0.5	0	-0.5	-0.5	-0.5	0	0	0	0	0	0	0	-0.5	0	0	-0.5	-0.5	1.5	1.5	0	0	0	-0.5	0	-0.5	-0.5	-0.5	-1.5	0	0	-0.5	0	0	0	0	0	0	0	0	-0.5	0	0	0	-0.5	-0.5	1.5	-0.5	-0.5	-0.5	-0.5	1.5	1.5	0	-0.5	-0.5	-0.5
Zbtb16	0	0	0	0	0	0	0	0	0	0	0	0	0	0	0	0	0	0	0	0	-0.5	0	0	0	0	0	0	0	0	0	0	0	0	0	0	0	0	0	0	0	0	0	0	0	0	0	0	0	0	0	0	0	0	0	0	0	0
Zbtb20	0	0	0	0	0	0	0	0	0	0	0	0	0	-0.5	0	0	-0.5	0	0	0	0	-0.5	0	-0.5	0	0	0	0	0	0	0	0	0.5	0	-0.5	0	0	0	0	0	-0.5	0	0	0	-0.5	0	1.5	-0.5	-0.5	-0.5	-0.5	1.5	1.5	0	-0.5	-0.5	-0.5
Zbtb22	0	0.5	0	1.5	1.5	1.5	0	2.0	2.0	9.0	0	0	0	4.5	0	0	1.5	6.5	0	0	1.5	0.5	0	4.5	0	0	0	0	3.0	0	0	1.5	0	0	0	0	0	0	1.5	1.5	4.5	0.5	0.5	0.5	4.5	0	0	4.5	4.5	4.5	4.5	0	0	0	4.5	4.5	4.5
Zbtb32	0	1.5	0	1.5	1.5	1.5	0	1.5	1.5	0	0	0	0	6.0	0	0	0	3.0	0	0	1.5	3.0	0	6.0	0.5	0	0	0	0	0	0	0	0	0	0	0	0	0	1.5	1.5	6.0	0	0	3.0	6.0	1.5	0	6.0	6.0	6.0	6.0	0	0	0	6.0	6.0	6.0
Zbtb46	0	0	0	0	0	0	0	-1.5	-1.5	0	0	0	0	0	0	0	0	0	0	0	0	0	0	0	0	0	0	0	0	0	0	0	0	0	0	0	0	0	0	0	0	0	0	0	0	0	0	0	0	0	0	0	0	0	0	0	0
Zbtb49	0	-1.0	0	-1.0	-1.0	-1.0	0	-0.5	-0.5	-0.5	0	0	0	-0.5	0	0	-0.5	-3.5	0	0	-0.5	0	-0.5	-0.5	0	0	0	0	0	0	0	0	0	0	0	0	0	0	0	0	-0.5	0	0	0	-0.5	0	0	-0.5	-0.5	-0.5	-0.5	0	0	0	-0.5	-0.5	-0.5
Zbtb7b	0	1.5	0	0	0	0	0	1.5	1.5	0	0	0	0	1.5	0	0	1.5	0	0	0	0	1.5	0	1.5	0	0	0	0	0	1.5	0	1.5	0	0	0	0	0	0	0	0	1.5	0	0	3.0	1.5	0	0	1.5	1.5	1.5	1.5	0	0	0	1.5	1.5	1.5
Zbtb8os	0	3.0	0	4.5	4.5	4.5	0	4.5	4.5	0	0	0	0	4.5	0	0	1.5	0	0	0	0	0	1.5	4.5	0	0	0	0	3.0	0	0	1.5	0	0	0	0	0	4.5	0	0	4.5	0	0	0	4.5	0	0	4.5	4.5	4.5	4.5	0	0	0	4.5	4.5	4.5
Zc3h12c	1.5	0	0	0	0	0	0	0	0	0	0	0	0	3.0	0	0	1.5	0	0	0	1.5	1.5	0	3.0	0	0	0	0	0	0	0	1.5	0	0	0	0	0	0	0	0	3.0	0	0	1.5	3.0	0	0	3.0	3.0	3.0	3.0	0	0	0	3.0	3.0	3.0
Zcchc18	0	0	0	0	0	0	0	0	0	0	0	0	0	-0.5	0	0	0	0	0	0	0	0	0	-0.5	0	0	0	0	0	0	0	0	0	0	0	0	0	0	0	0	-0.5	0	0	0	-0.5	-0.5	1.5	-0.5	-0.5	-0.5	-0.5	1.5	1.5	0	-0.5	-0.5	-0.5
Zdhhc14	0	0	0	0	0	0	0	-0.5	-0.5	0	0	0	0	0	0	0	0	0	0	0	0	0	0	0	0	0	0	0	0	0	0	0	0	0	0	0	0	0	0	0	0	0	0	0	0	-0.5	0	0	0	0	0	0	0	0	0	0	0
Zfhx4	0	0	0	0	0	0	0	0	0	0	0	0	0	0	0	0	-1.5	0	0	0	0	0	0	0	0	0	0	0	0	0	0	0	0	0	0	0	0	0	0	0	0	0	0	0	0	0	0	0	0	0	0	0	0	0	0	0	0
Zfp385c	0	0	0	-1.5	-1.5	-1.5	0	-1.5	-1.5	-9.0	0	0	0	-1.5	0	0	-1.5	-1.5	0	0	-1.5	0	0	-1.5	0	0	0	0	0	0	0	0	0	0	0	0	0	0	-1.5	-1.5	-1.5	0	0	-1.5	-1.5	0	0	-1.5	-1.5	-1.5	-1.5	0	0	0	-1.5	-1.5	-1.5
Zfp516	0	0	0	-1.0	-1.0	-1.0	0	-2.0	-2.0	0	1.5	0	0	-2.5	0	0	-1.0	-3.0	9.0	9.0	0	0	0	-2.5	0	0	0	0	-0.5	0	1.5	-0.5	0	0	0	0	0	0	0	0	-2.5	0	0	-1.0	-2.5	-0.5	6.0	-2.5	-2.5	-2.5	-2.5	6.0	6.0	1.5	-2.5	-2.5	-2.5
Zfp64	0	0	0	0	0	0	0	1.5	1.5	1.5	0	0	0	0	0	0	1.5	7.5	0	0	1.5	0	0	0	0	0	0	0	0	0	0	0	0	1.5	0	0	0	0	0	0	0	0	0	1.5	0	1.5	0	0	0	0	0	0	0	0	0	0	0
Zfp647	0	0	0	0	0	0	0	-1.5	-1.5	0	0	0	0	0	0	0	-1.5	-6.0	0	0	0	0	0	0	0	0	0	0	0	0	0	0	0	0	0	0	0	0	0	0	0	0	0	-1.5	0	-1.5	0	0	0	0	0	0	0	0	0	0	0
Zfp672	0	-1.5	0	0	0	0	0	0	0	-9.0	0	0	0	0	0	0	-1.5	0	0	0	0	0	0	0	0	0	0	0	0	0	0	0	0	0	0	0	0	0	0	0	0	0	0	0	0	0	0	0	0	0	0	0	0	0	0	0	0
Zfyve28	0	-3.0	0	0	0	0	0	0	0	0	0	0	0	0	0	0	0	-1.5	0.5	0.5	0	0	0	0	0	0	0	0	-1.5	0	0	-1.5	0	0	0	0	0	0	0	0	0	0	0	0	0	0	0	0	0	0	0	0	0	0	0	0	0
Znrd1as	0	0	0	1.5	1.5	1.5	0	0	0	0	0	0	0	0	0	0	0	0	0	0	1.5	0	0	0	0	0	0	0	0	0	0	0	0	0	0	0	0	0	0	0	0	0	0	0	0	0	0	0	0	0	0	0	0	0	0	0	0
Zscan10	0	0	0	3.0	3.0	3.0	0	6.0	6.0	1.5	0	0	0	3.0	0	0	1.5	9.0	0	0	0	0	0	3.0	0	0	0	0	0	0	0	0	0	0	0	0	0	0	0	0	3.0	1.5	1.5	0	3.0	0	0	3.0	3.0	3.0	3.0	0	0	0	3.0	3.0	3.0
