	E2f1	E2f4	Elf1	Elf2	Elk1	Ets1	Etv6	Fos	Gabpa	Hsf1	Irf1	Klf7	Nfe2l2	Nfya	Nfyb	Nrf1	Pbx3	Sp1	Sp2	Sp4	Stat1	Stat3	Taf1	Tbp	Thap1	Ybx1	Yy1	Zfp105	Zfp143
2310061j03rik	0	0	0	0	0	0	0	0	0	0	0	0	0	0	0	0	0	0	0	0	0	0	0	0	0	0	0	0.25	0
Adamtsl4	0	-0.25	0	-0.25	-0.25	-0.25	-0.25	-0.25	-0.25	0	-0.25	0	0	-0.25	0	-0.25	-0.25	-0.25	-0.25	-0.25	-0.25	-0.25	0	-0.25	0	-0.25	0	0	0
Adora2a	0	0	0	0	0	0	0	0	0	0	0	0	0	0	0	0	0	0	0	0.33	0	0	0	0	0	0	0	0	0
Adss	0	0	0	0	0	0	0	0	0	0	0	0	0	0	0	0	0	0	0	0	0	0	0	0	0	0	0	0.25	0
Akt3	0	0	0	0	0	0	0	0	0	0	0	0	0	0	0	0	0	0	0	0.33	0	0	0	0	0	0	0	0	0
Alcam	0	0	0	0	0	0	0	0	0	0	0	0	0	0	0	0	0	0	0	0	0	0	0	0	0	0	0	0.25	0
Amica1	0	0	0	0	-0.25	-0.25	0	-0.25	-0.25	-0.25	-0.25	0	0	0	0	0	-0.25	0	-0.25	0	-0.25	0	0	0	-0.25	0	0	0	-0.25
Anln	0	-0.25	0	0	0	0	-0.25	-0.25	0	0	-0.25	-0.25	0	0	0	-0.25	-0.25	-0.25	-0.25	-0.25	0	-0.25	0	-0.25	0	0	-0.25	0	0
Ap3m2	0	-0.25	0	-0.25	0	-0.25	0	-0.25	-0.25	0	-0.25	0	0	-0.25	0	0	-0.25	-0.25	-0.25	-0.25	-0.25	-0.25	0	-0.25	0	0	-0.25	0	-0.25
Arhgap19	0	0	0	0	0	0	0	0	0	0	-0.25	0	0	0	0	0	0	-0.25	-0.25	-0.25	0	0	0	-0.25	0	0	-0.25	0	0
Arhgap28	0	0	0	0	0	0	0	0	0	0	0	0	0	0	0	0	0	0	0	0.33	0	0	0	0	0	0	0	0.25	0
Arhgef18	0	0	0	0	0	0	0	0	0	0	0	-0.25	0	0	0	0	0	-0.25	-0.25	0	0	0	0	-0.25	0	0	0	0	0
Asb2	0	0	0	-0.25	-0.25	-0.25	0	-0.25	0	0	0	0	-0.25	0	0	0	0	0	-0.25	0	0	-0.25	0	0	0	0	-0.25	0	0
Asf1b	0	-0.25	0	0	-0.25	0	0	-0.25	-0.25	0	-0.25	0	-0.25	-0.25	-0.25	0	-0.25	-0.25	-0.25	-0.25	0	0	0	-0.25	-0.25	-0.25	-0.25	0	0
Asns	0	0	0	0	0	0	0	0	0	0	0	0	0	0	0	0	0	0	0	0.33	0	0	0	0	0	0	0	0	0
Asph	0	0	0	0	0	0	0	0	0	0	0	0	0	0	0	0	0	0	0	0	0	0	0	0	0	0	0	0.25	0
Aspm	0	0	0	0	0	0	0	-0.25	-0.25	0	0	0	0	-0.25	-0.25	0	-0.25	-0.25	-0.25	-0.25	0	0	0	0	-0.25	0	-0.25	0	0
Atf3	0	-0.25	0	0	0	-0.25	0	-0.25	-0.25	-0.25	-0.25	-0.25	0	-0.25	0	-0.25	-0.25	-0.25	-0.25	-0.25	-0.25	-0.25	0	-0.25	0	0	-0.25	0	-0.25
Aurkb	0	-0.25	0	0	0	-0.25	0	-0.25	0	-0.25	-0.25	-0.25	0	-0.25	-0.25	0	-0.25	-0.25	-0.25	-0.25	0	0	0	-0.25	-0.25	0	-0.25	0	-0.25
B3gnt5	0	0	0	0	0	0	0	0	0	0	0	0	0	0	0	0	0	0	0	0.33	0	0	0	0	0	0	0	0	0
B430306n03rik	0	0	0	0	0	-0.25	0	0	0	0	0	0	0	0	0	0	0	0	0	0	0	-0.25	0	0	0	0	0	0	0
Banp	0	-0.25	-0.33	-0.25	0	-0.25	0	-0.25	-0.25	0	-0.25	-0.25	0	-0.25	0	-0.25	-0.25	-0.25	-0.25	-0.25	-0.25	-0.25	0	-0.25	0	-0.25	-0.25	0	-0.25
Batf2	0	0	0	-0.25	0	-0.25	0	0	0	0	-0.25	0	0	0	0	0	-0.25	0	0	0	-0.25	0	0	0	0	0	0	0	-0.25
Bbs5	0	0	0	0	0	0	0	0	0	0	0	0	0	0	0	0	0	0	0	0	0	0	0	0	0	0	0	0.25	0
Bc017643	-0.33	-0.25	-0.33	-0.25	0	-0.25	0	-0.25	-0.25	-0.25	-0.25	-0.25	0	-0.25	-0.25	-0.25	-0.25	-0.25	-0.25	-0.25	-0.25	0	0	-0.25	0	-0.25	-0.58	0	-0.25
Bc024978	0	0	0	0	0	-0.25	0	0	0	0	-0.25	0	0	-0.25	-0.25	-0.25	0	-0.25	-0.25	-0.25	0	0	0	0	0	0	0	0	-0.25
Braf	0	0	0	0	0	0	0	0	0	0	0	0	0	0	0	0	0	0	0	0.33	0	0	0	0	0	0	0	0	0
Btg2	-0.33	-0.25	0	-0.25	-0.25	-0.25	0	-0.25	0	-0.25	0	0	0	-0.25	0	-0.25	-0.25	-0.25	-0.25	-0.25	0	-0.25	0	0	0	0	-0.58	0	-0.25
Calhm2	0	0	0	0	0	-0.25	0	0	0	0	0	0	0	0	0	0	0	0	0	0	0	0	0	0	0	0	0	0	0
Catsperg1	0	0	0	0	-0.25	-0.25	0	0	-0.25	0	-0.25	-0.25	0	0	0	0	0	-0.25	-0.25	-0.25	0	0	0	-0.25	-0.25	0	-0.25	0	0
Ccdc93	0	0	0	0	0	0	0	-0.25	0	0	-0.25	-0.25	0	0	0	-0.25	0	-0.25	-0.25	-0.25	0	-0.25	0	-0.25	0	0	-0.25	0	-0.25
Cchcr1	-0.33	-0.25	0	0	0	0	0	-0.25	-0.25	0	-0.25	-0.25	0	-0.25	-0.25	-0.25	-0.25	-0.25	-0.25	-0.25	0	-0.25	0	-0.25	0	-0.25	-0.25	0	0
Ccl2	0	0	0	-0.25	0	-0.25	-0.25	0	-0.25	-0.25	-0.25	0	0	0	0	0	0	0	0	0	-0.25	-0.25	0	-0.25	-0.25	0	-0.25	0	0
Ccl3	0	0	0	0	-0.25	-0.25	0	0	-0.25	0	-0.25	0	0	0	0	0	0	0	-0.25	0	-0.25	-0.25	0	-0.25	0	0	-0.25	0	0
Ccl4	0	0	0	-0.25	0	0	0	0	0	0	-0.25	0	0	0	0	0	-0.25	0	0	0	-0.25	-0.25	0	0	0	0	-0.25	0	0
Cd24a	0	0	0	0	0	0	0	0	0	0	0	0	0	0	0	0	0	0	0	0.33	0	0	0	0	0	0	0	0	0
Cdc45	0	0	0	0	-0.25	-0.25	-0.25	-0.25	-0.25	0	-0.25	0	-0.25	-0.25	-0.25	0	0	-0.25	-0.25	0	0	0	0	-0.25	-0.25	0	-0.25	0	-0.25
Cdk1	0	-0.25	0	0	0	0	0	-0.25	0	0	0	-0.25	0	-0.25	-0.25	0	-0.25	-0.25	-0.25	0	0	-0.25	0	-0.25	0	-0.25	0	0	0
Cdon	0	0	0	0	0	0	0	0	0	0	0	0	0	0	0	0	0	0	0	0.33	0	0	0	0	0	0	0	0	0
Cenpo	0	0	0	-0.25	-0.25	-0.25	0	-0.25	-0.25	0	-0.25	0	0	0	0	-0.25	0	-0.25	0	0	-0.25	-0.25	0	0	-0.25	0	-0.25	0	-0.25
Cep152	0	-0.25	0	0	0	0	0	-0.25	0	0	0	0	0	-0.25	0	0	-0.25	0	-0.25	0	0	0	0	-0.25	0	-0.25	0	0	0
Chmp6	-0.33	-0.25	0	0	0	0	0	-0.25	-0.25	0	-0.25	-0.25	0	0	0	-0.25	0	-0.25	-0.25	-0.25	-0.25	0	0	-0.25	0	0	0	0	0
Chordc1	0	0	0	0	0	0	-0.25	0	0	-0.25	0	0	-0.25	0	0	-0.25	0	0	-0.25	0	0	-0.25	0	0	0	0	-0.25	0	-0.25
Ciita	0	0	0	-0.25	-0.25	-0.25	-0.25	0	-0.25	0	-0.25	0	0	0	0	0	0	0	0	0	-0.25	-0.25	0	-0.25	0	0	0	0	0
Coasy	0	-0.25	0	0	-0.25	-0.25	-0.25	-0.25	-0.25	0	-0.25	-0.25	-0.25	-0.25	-0.25	-0.25	-0.25	-0.25	-0.25	-0.25	0	-0.25	0	-0.25	0	-0.25	-0.58	0	0
Cpeb2	0	0	0	0	0	0	0	0	0	0	0	0	0	0	0	0	0	0	0	0.33	0	0	0	0	0	0	0	0.25	0
Csrp2bp	0	0	0	0	0	0	0	0	-0.25	0	0	0	0	0	0	0	0	0	0	-0.25	0	0	0	0	0	0	-0.25	0	0
Ctnnal1	0	0	0	0	0	0	0	0	0	0	0	0	0	0	0	0	0	0	0	0.33	0	0	0	0	0	0	0	0	0
Cwf19l1	0	0	0	0	0	-0.25	-0.25	0	-0.25	0	-0.25	0	-0.25	0	0	-0.25	-0.25	-0.25	0	-0.25	0	-0.25	0	0	0	0	0	0	-0.25
Cyth1	0	0	0	0	0	0	0	0	0	0	0	0	0	0	0	0	0	0	0	0.33	0	0	0	0	0	0	0	0	0
Cytip	0	0	0	0	0	0	0	0	0	0	0	0	0	0	0	0	0	0	0	0	0	0	0	0	0	0	0	0.25	0
Dctn5	0	0	0	-0.25	-0.25	-0.25	-0.25	0	-0.25	0	-0.25	0	0	0	0	-0.25	0	-0.25	-0.25	0	-0.25	-0.25	0	0	0	0	-0.25	0	0
Ddit3	-0.33	0	-0.33	-0.25	0	-0.25	-0.25	-0.25	-0.25	0	-0.25	-0.25	0	-0.25	0	-0.25	-0.25	-0.25	-0.25	-0.25	-0.25	-0.25	-0.33	-0.25	0	0	-0.58	0	-0.25
Ddx58	0	-0.25	0	-0.25	0	-0.25	0	0	0	0	-0.25	0	0	-0.25	-0.25	0	-0.25	0	0	0	-0.25	0	0	0	0	-0.25	0	0	0
Dedd2	-0.33	-0.25	0	-0.25	-0.25	-0.25	0	-0.25	-0.25	0	0	-0.25	0	-0.25	-0.25	-0.25	-0.25	-0.25	-0.25	-0.25	0	-0.25	0	-0.25	0	-0.25	0	0	0
Dennd3	0	0	0	0	0	0	0	0	0	0	0	0	0	0	0	0	0	0	0	0	0	0	0	0	0	0	0	0.25	0
Dennd4a	0	0	0	0	0	0	0	0	0	0	0	0	0	0	0	0	0	0	0	0.33	0	0	0	0	0	0	0	0	0
Dennd5b	0	0	0	0	0	0	0	0	0	0	0	0	0	0	0	0	0	0	0	0.33	0	0	0	0	0	0	0	0	0
Det1	0	0	0	0	-0.25	-0.25	-0.25	0	-0.25	0	-0.25	-0.25	-0.25	0	0	0	0	-0.25	0	0	-0.25	-0.25	0	-0.25	0	0	-0.25	0	0
Dis3l	0	0	0	0	0	0	0	0	0	0	-0.25	0	0	0	0	0	-0.25	-0.25	-0.25	-0.25	0	0	0	0	0	0	-0.58	0	0
Dnajb1	0	-0.25	0	0	-0.25	-0.25	0	0	0	-0.25	-0.25	-0.25	-0.25	-0.25	0	-0.25	-0.25	-0.25	-0.25	-0.25	-0.25	-0.25	0	-0.25	0	0	-0.25	0	0
Dok2	0	0	0	-0.25	0	-0.25	0	-0.25	-0.25	-0.25	0	0	-0.25	0	0	-0.25	0	-0.25	-0.25	-0.25	0	-0.25	0	0	0	0	-0.25	0	-0.25
Dse	0	0	0	-0.25	0	-0.25	0	-0.25	0	-0.25	-0.25	0	0	-0.25	-0.25	0	-0.25	-0.25	-0.25	-0.25	-0.25	-0.25	0	0	0	0	0	0	-0.25
Ecm1	0	-0.25	0	-0.25	0	0	0	-0.25	0	0	0	0	-0.25	0	0	0	0	-0.25	-0.25	-0.25	0	0	0	0	0	0	0	0	-0.25
Egr1	-0.33	0	0	-0.25	-0.25	-0.25	0	0	-0.25	0	-0.25	-0.25	0	0	0	-0.25	0	-0.25	-0.25	-0.25	0	-0.25	0	-0.25	0	0	-0.25	0	0
Eif4e	0	0	0	0	0	0	0	0	0	0	0	0	0	0	0	0	0	0	0	0	0	0	0	0	0	0	0	0.25	0
Esco2	0	-0.25	0	0	-0.25	0	0	0	-0.25	0	0	-0.25	0	0	0	0	0	-0.25	-0.25	-0.25	0	0	0	-0.25	-0.25	0	-0.25	0	0
Fam107b	0	0	0	0	0	0	0	0	0	0	0	0	0	0	0	0	0	0	0	0	0	0	0	0	0	0	0	0.25	0
Fam129b	0	0	0	0	0	0	0	0	0	0	0	0	0	0	0	0	0	0	0	0.33	0	0	0	0	0	0	0	0	0
Fbxo11	0	0	0	0	0	0	0	0	0	0	0	0	0	0	0	0	0	0	0	0	0	0	0	0	0	0	0	0.25	0
Fbxo18	0	0	0	-0.25	-0.25	0	-0.25	-0.25	-0.25	0	-0.25	-0.25	0	-0.25	0	0	-0.25	-0.25	-0.25	-0.25	0	-0.25	0	-0.25	-0.25	0	0	0	0
Fbxo5	0	0	0	0	0	0	0	0	-0.25	0	-0.25	0	0	0	0	-0.25	0	-0.25	-0.25	-0.25	0	0	0	-0.25	0	0	0	0	0
Fbxw17	0	-0.25	0	0	0	0	-0.25	-0.25	0	0	0	-0.25	0	-0.25	0	0	-0.25	-0.25	-0.25	0	0	0	0	-0.25	0	-0.25	0	0	0
Fkbp4	0	-0.25	0	-0.25	-0.25	-0.25	-0.25	0	-0.25	0	-0.25	-0.25	-0.25	0	0	-0.25	-0.25	-0.25	-0.25	-0.25	0	-0.25	0	-0.25	0	0	-0.25	0	-0.25
Fkbp5	0	-0.25	0	0	0	-0.25	0	0	-0.25	0	-0.25	0	0	0	0	-0.25	-0.25	-0.25	-0.25	-0.25	0	-0.25	0	-0.25	0	0	-0.25	0	-0.25
Flt3	0	0	0	0	0	0	0	0	0	0	0	0	0	0	0	0	0	0	0	0	0	0	0	0	0	0	0	0.25	0
Foxm1	0	-0.25	0	0	0	-0.25	0	-0.25	-0.25	-0.25	-0.25	-0.25	-0.25	-0.25	-0.25	0	0	-0.25	-0.25	-0.25	-0.25	-0.25	0	-0.25	0	0	-0.25	0	0
Fyn	0	0	0	0	0	0	0	0	0	0	0	0	0	0	0	0	0	0	0	0	0	0	0	0	0	0	0	0.25	0
Galnt9	0	0	0	-0.25	0	-0.25	0	0	0	0	0	0	0	0	0	0	0	-0.25	0	-0.25	0	-0.25	0	0	0	0	0	0	0
Gan	0	0	0	0	0	0	0	0	0	0	0	0	0	0	0	0	0	0	0	0.33	0	0	0	0	0	0	0	0	0
Gas2l1	0	-0.25	0	-0.25	0	-0.25	0	-0.25	0	0	-0.25	-0.25	0	0	0	-0.25	0	-0.25	-0.25	-0.25	0	-0.25	0	-0.25	0	0	-0.25	0	-0.25
Gbp5	0	0	0	-0.25	0	-0.25	0	0	0	0	-0.25	0	0	0	0	0	0	0	0	-0.25	-0.25	-0.25	0	-0.25	0	0	0	0	0
Gemin4	-0.33	-0.25	0	0	0	0	0	-0.25	0	0	-0.25	-0.25	0	0	0	-0.25	0	-0.25	-0.25	-0.25	-0.25	0	-0.33	0	0	0	-0.58	0	-0.25
Gm12250	0	0	0	0	0	0	0	-0.25	0	0	-0.25	-0.25	0	0	0	0	0	-0.25	-0.25	-0.25	-0.25	-0.25	0	-0.25	0	0	-0.25	0	0
Gna15	0	-0.25	0	0	0	-0.25	0	0	-0.25	0	-0.25	-0.25	0	0	0	-0.25	0	-0.25	-0.25	-0.25	-0.25	-0.25	0	0	0	0	-0.25	0	-0.25
Gng4	0	0	0	0	0	0	0	0	0	0	0	0	0	0	0	0	0	0	0	0.33	0	0	0	0	0	0	0	0	0
Gpd2	0	0	0	0	0	0	0	0	0	0	0	0	0	0	0	0	0	0	0	0	0	0	0	0	0	0	0	0.25	0
Gpr124	0	0	0	0	0	0	0	0	0	0	0	0	0	0	0	0	0	0	0	0.33	0	0	0	0	0	0	0	0	0
Gpr153	0	-0.25	-0.33	0	0	0	0	0	0	0	0	0	0	-0.25	-0.25	0	-0.25	-0.25	-0.25	-0.25	0	0	-0.33	0	0	0	-0.58	0	0
Grk6	0	-0.25	-0.33	0	0	-0.25	-0.25	-0.25	-0.25	-0.25	-0.25	-0.25	0	0	0	-0.25	0	-0.25	-0.25	-0.25	0	-0.25	-0.33	-0.25	0	0	-0.58	0	-0.25
H2-k2	0	-0.25	0	0	-0.25	-0.25	0	-0.25	0	0	-0.25	0	0	-0.25	-0.25	-0.25	-0.25	0	0	0	-0.25	-0.25	0	0	0	-0.25	-0.25	0	-0.25
H2-ob	0	0	0	0	0	0	0	0	0	0	0	0	0	0	0	0	0	0	0	0	0	0	0	0	0	0	0	0.25	0
Haao	0	0	0	0	0	0	0	0	0	0	0	0	0	0	0	0	0	0	0	0	0	0	0	0	0	0	0	0.25	0
Hip1	0	-0.25	0	-0.25	-0.25	-0.25	-0.25	-0.25	-0.25	-0.25	-0.25	-0.25	-0.25	-0.25	0	-0.25	-0.25	-0.25	-0.25	-0.25	-0.25	-0.25	0	-0.25	-0.25	0	-0.25	0	-0.25
Hip1r	0	0	0	0	0	0	0	0	0	0	0	0	0	0	0	0	0	0	0	0	0	0	0	0	0	0	0	0.25	0
Hist1h1a	0	-0.25	0	0	0	-0.25	0	-0.25	0	0	-0.25	-0.25	0	-0.25	-0.25	0	-0.25	-0.25	-0.25	-0.25	0	-0.25	0	-0.25	0	0	-0.25	0	0
Hist1h2bl	0	-0.25	0	0	0	0	0	-0.25	0	-0.25	-0.25	0	0	-0.25	-0.25	0	-0.25	-0.25	0	0	-0.25	0	0	-0.25	0	0	-0.25	0	-0.25
Hspa1a	0	-0.25	0	-0.25	0	-0.25	0	0	0	-0.25	-0.25	0	0	0	0	-0.25	-0.25	-0.25	0	-0.25	0	-0.25	0	0	0	0	-0.25	0	-0.25
Hspa1b	0	0	0	0	0	0	0	-0.25	0	-0.25	0	0	0	0	0	0	-0.25	0	0	0	0	-0.25	0	0	0	0	-0.25	0	0
Hspa8	0	0	0	0	0	-0.25	0	-0.25	0	-0.25	-0.25	0	0	-0.25	-0.25	-0.25	-0.25	-0.25	-0.25	-0.25	0	-0.25	0	-0.25	0	0	-0.25	0	-0.25
Hsph1	0	0	0	0	0	-0.25	-0.25	0	-0.25	-0.25	0	0	0	-0.25	0	-0.25	0	0	-0.25	0	0	0	0	0	0	0	0	0	-0.25
Id2	0	0	0	0	0	0	0	0	0	0	0	0	0	0	0	0	0	0	0	0	0	0	0	0	0	0	0	0.25	0
Ifit2	0	-0.25	0	-0.25	0	-0.25	0	0	0	0	0	0	0	-0.25	0	0	0	0	0	-0.25	0	0	0	0	0	0	0	0	-0.25
Igtp	0	0	0	0	0	0	0	-0.25	0	0	-0.25	-0.25	0	0	0	0	0	-0.25	-0.25	-0.25	-0.25	-0.25	0	-0.25	0	0	-0.25	0	0
Il16	0	0	0	-0.25	-0.25	-0.25	0	-0.25	-0.25	-0.25	-0.25	0	0	-0.25	0	0	-0.25	-0.25	0	0	0	-0.25	0	0	0	0	0	0	0
Jag2	0	0	0	0	0	0	0	0	0	0	0	0	0	0	0	0	0	0	0	0.33	0	0	0	0	0	0	0	0	0
Jak2	0	0	0	0	0	0	0	0	0	0	0	0	0	0	0	0	0	0	0	0.33	0	0	0	0	0	0	0	0	0
Jmjd4	0	0	0	0	0	0	0	0	0	0	-0.25	-0.25	0	0	0	-0.25	0	-0.25	-0.25	0	0	0	0	-0.25	0	0	0	0	0
Jun	-0.33	-0.25	0	0	-0.25	-0.25	-0.25	-0.25	-0.25	0	-0.25	0	0	-0.25	0	-0.25	-0.25	-0.25	-0.25	-0.25	-0.25	-0.25	0	-0.25	0	0	0	0	-0.25
Kctd21	0	-0.25	0	0	-0.25	-0.25	0	-0.25	-0.25	0	-0.25	-0.25	0	0	0	0	0	-0.25	-0.25	-0.25	-0.25	-0.25	0	-0.25	0	0	-0.25	0	-0.25
Kdm4d	0	0	0	0	0	0	0	0	0	0	0	0	0	0	0	0	0	0	0	0	0	0	0	0	0	0	0	0.25	0
Kit	0	0	0	0	0	0	0	0	0	0	0	0	0	0	0	0	0	0	0	0.33	0	0	0	0	0	0	0	0.25	0
Klri2	0	0	0	0	0	0	0	0	0	0	0	0	0	0	0	0	0	0	0	0	0	0	0	0	0	0	0	0.25	0
Lin37	0	-0.25	0	0	0	-0.25	0	0	-0.25	0	-0.25	-0.25	0	0	0	-0.25	-0.25	-0.25	-0.25	-0.25	0	0	0	-0.25	0	0	-0.25	0	-0.25
Lin54	0	0	0	0	0	0	0	0	0	0	0	0	0	0	0	0	0	0	0	0	0	0	0	0	0	0	0	0.25	0
Lrp8	0	0	0	0	0	0	0	0	0	0	0	0	0	0	0	0	0	0	0	0.33	0	0	0	0	0	0	0	0	0
Lrrc16a	0	0	0	0	0	0	0	0	0	0	0	0	0	0	0	0	0	0	0	0.33	0	0	0	0	0	0	0	0	0
Lrrc8d	0	0	0	0	0	0	0	0	0	0	0	0	0	0	0	0	0	0	0	0	0	0	0	0	0	0	0	0.25	0
Lyl1	0	-0.25	0	0	-0.25	0	0	-0.25	-0.25	0	0	-0.25	0	-0.25	-0.25	-0.25	-0.25	-0.25	-0.25	0	0	-0.25	0	0	0	-0.25	-0.25	0	0
Map4k4	0	0	0	0	0	0	0	0	0	0	0	0	0	0	0	0	0	0	0	0.33	0	0	0	0	0	0	0	0.25	0
Mast3	0	-0.25	0	0	-0.25	-0.25	0	-0.25	-0.25	0	-0.25	-0.25	0	-0.25	0	-0.25	-0.25	-0.25	-0.25	-0.25	-0.25	-0.25	0	-0.25	-0.25	0	-0.25	0	-0.25
Mavs	0	0	0	0	0	-0.25	0	0	0	0	-0.25	0	-0.25	-0.25	-0.25	0	0	-0.25	-0.25	-0.25	0	-0.25	0	-0.25	0	0	0	0	0
Mcm10	0	-0.25	0	0	0	0	0	-0.25	0	0	-0.25	0	0	-0.25	-0.25	0	-0.25	0	-0.25	-0.25	0	0	0	-0.25	0	-0.25	-0.25	0	0
Mical3	0	0	0	0	0	0	0	0	0	0	0	0	0	0	0	0	0	0	0	0.33	0	0	0	0	0	0	0	0	0
Micall1	0	0	0	0	0	0	0	0	0	0	0	0	0	0	0	0	0	0	0	0.33	0	0	0	0	0	0	0	0	0
Mllt4	0	0	0	0	0	0	0	0	0	0	0	0	0	0	0	0	0	0	0	0.33	0	0	0	0	0	0	0	0	0
Mon1b	0	-0.25	0	-0.25	-0.25	-0.25	-0.25	0	-0.25	-0.25	-0.25	0	-0.25	-0.25	0	-0.25	0	-0.25	-0.25	-0.25	-0.25	-0.25	0	-0.25	0	0	-0.25	0	-0.25
Mpi	0	-0.25	0	-0.25	0	0	-0.25	-0.25	-0.25	0	-0.25	-0.25	0	-0.25	0	-0.25	-0.25	-0.25	-0.25	-0.25	0	0	0	-0.25	0	0	-0.25	0	0
Mrps31	0	0	0	0	-0.25	-0.25	0	0	-0.25	0	0	0	0	0	0	0	0	0	0	0	0	0	0	0	0	0	0	0	0
Msl2	0	0	0	0	0	0	0	0	0	0	0	0	0	0	0	0	0	0	0	0	0	0	0	0	0	0	0	0.25	0
Mx1	0	-0.25	0	0	0	0	0	-0.25	0	0	-0.25	0	-0.25	0	0	0	0	-0.25	0	0	-0.25	-0.25	0	0	0	0	0	0	0
Mxi1	0	0	0	0	0	0	0	0	0	0	0	0	0	0	0	0	0	0	0	0.33	0	0	0	0	0	0	0	0	0
Myo7a	0	0	0	0	0	-0.25	-0.25	0	0	0	0	0	0	0	0	0	0	0	0	0	0	0	0	0	0	0	0	0	0
Narfl	-0.33	0	-0.33	0	-0.25	0	-0.25	0	-0.25	0	-0.25	0	0	0	0	-0.25	0	-0.25	-0.25	0	0	0	-0.33	0	0	-0.25	0	0	0
Ncald	0	0	0	0	0	0	0	0	0	0	0	0	0	0	0	0	0	0	0	0.33	0	0	0	0	0	0	0	0	0
Ncapd2	0	-0.25	0	-0.25	-0.25	-0.25	-0.25	-0.25	-0.25	-0.25	-0.25	-0.25	-0.25	-0.25	-0.25	-0.25	-0.25	-0.25	-0.25	-0.25	0	-0.25	-0.33	-0.25	-0.25	-0.25	-0.58	0	-0.25
Nckipsd	0	-0.25	0	-0.25	0	-0.25	0	-0.25	-0.25	0	-0.25	-0.25	0	0	0	-0.25	0	-0.25	-0.25	-0.25	0	-0.25	0	-0.25	-0.25	0	-0.25	0	-0.25
Nde1	0	-0.25	0	-0.25	0	-0.25	-0.25	-0.25	-0.25	0	-0.25	-0.25	0	-0.25	-0.25	-0.25	-0.25	-0.25	-0.25	-0.25	0	-0.25	0	-0.25	0	-0.25	-0.25	0	-0.25
Neb	0	0	-0.33	-0.25	0	-0.25	0	-0.25	0	0	-0.25	0	-0.25	0	0	0	0	0	0	0	-0.25	0	0	0	0	0	0	0	0
Nfkbid	0	0	0	-0.25	0	-0.25	0	0	-0.25	0	-0.25	-0.25	-0.25	0	0	-0.25	0	-0.25	-0.25	-0.25	-0.25	-0.25	0	-0.25	0	0	0	0	-0.25
Nup43	0	0	0	0	0	-0.25	0	-0.25	-0.25	-0.25	-0.25	0	0	-0.25	0	-0.25	-0.25	-0.25	-0.25	-0.25	0	-0.25	0	-0.25	0	0	-0.25	0	-0.25
Oasl2	0	0	0	-0.25	0	-0.25	0	-0.25	0	-0.25	-0.25	0	0	0	0	0	0	-0.25	0	0	-0.25	-0.25	0	0	0	0	0	0	0
Oma1	0	-0.25	0	-0.25	0	-0.25	0	0	-0.25	-0.25	-0.25	-0.25	0	0	0	-0.25	0	-0.25	-0.25	-0.25	0	0	0	-0.25	0	0	0	0	0
Pask	0	-0.25	0	0	0	-0.25	0	-0.25	0	0	0	0	-0.25	-0.25	-0.25	-0.25	-0.25	0	-0.25	0	-0.25	0	0	0	-0.25	0	-0.25	0	-0.25
Pde4d	0	0	0	0	0	0	0	0	0	0	0	0	0	0	0	0	0	0	0	0	0	0	0	0	0	0	0	0.25	0
Pde6d	0	0	0	0	0	-0.25	0	0	0	0	0	0	0	0	0	0	-0.25	0	-0.25	-0.25	0	-0.25	0	0	0	0	0	0	-0.25
Pex6	0	-0.25	0	-0.25	-0.25	-0.25	-0.25	0	-0.25	0	-0.25	-0.25	-0.25	0	0	-0.25	0	-0.25	-0.25	-0.25	-0.25	-0.25	0	-0.25	0	0	-0.25	0	-0.25
Phldb1	0	0	0	0	0	0	0	0	0	0	0	0	0	0	0	0	0	0	0	0	0	0	0	0	0	0	0	0.25	0
Phlpp1	0	0	0	0	0	0	0	0	0	0	0	0	0	0	0	0	0	0	0	0.33	0	0	0	0	0	0	0	0.25	0
Pkib	0	0	0	0	0	0	0	0	0	0	0	0	0	0	0	0	0	0	0	0	0	0	0	0	0	0	0	0.25	0
Plau	-0.33	0	0	0	-0.25	-0.25	0	-0.25	0	0	-0.25	-0.25	-0.25	0	-0.25	0	-0.25	-0.25	0	0	-0.25	-0.25	0	-0.25	0	0	0	0	0
Plcb3	0	-0.25	-0.33	0	-0.25	-0.25	0	-0.25	-0.25	0	-0.25	-0.25	-0.25	0	0	-0.25	-0.25	-0.25	-0.25	-0.25	-0.25	0	-0.33	-0.25	-0.25	0	-0.58	0	-0.25
Plekha8	0	-0.25	0	0	0	-0.25	0	0	0	0	-0.25	-0.25	0	0	0	-0.25	-0.25	-0.25	-0.25	-0.25	0	-0.25	0	-0.25	0	0	-0.25	0	0
Plxnc1	0	0	0	0	0	0	0	0	0	0	0	0	0	0	0	0	0	0	0	0.33	0	0	0	0	0	0	0	0.25	0
Pold1	0	0	0	-0.25	-0.25	-0.25	-0.25	0	-0.25	0	-0.25	-0.25	-0.25	0	0	-0.25	-0.25	-0.25	-0.25	-0.25	0	-0.25	0	-0.25	0	0	-0.25	0	0
Polh	0	0	0	0	0	0	-0.25	-0.25	-0.25	0	-0.25	-0.25	0	0	0	-0.25	0	-0.25	-0.25	0	-0.25	-0.25	0	-0.25	0	0	-0.25	0	0
Ppil1	0	-0.25	0	-0.25	-0.25	-0.25	-0.25	0	-0.25	-0.25	-0.25	0	-0.25	-0.25	-0.25	-0.25	-0.25	-0.25	0	-0.25	0	0	0	-0.25	0	0	-0.25	0	0
Prr5l	0	0	0	0	0	0	0	0	0	0	0	0	0	0	0	0	0	0	0	0	0	0	0	0	0	0	0	0.25	0
Ptpn6	0	-0.25	0	-0.25	-0.25	-0.25	-0.25	-0.25	-0.25	0	-0.25	-0.25	-0.25	-0.25	-0.25	0	-0.25	-0.25	-0.25	-0.25	-0.25	-0.25	-0.33	-0.25	-0.25	-0.25	-0.58	0	-0.25
Pvrl1	0	0	0	0	0	0	0	0	0	0	0	0	0	0	0	0	0	0	0	0.33	0	0	0	0	0	0	0	0	0
Rab11fip1	0	0	0	0	0	0	0	0	0	0	0	0	0	0	0	0	0	0	0	0	0	0	0	0	0	0	0	0.25	0
Rasgrp3	0	0	0	0	0	0	0	0	0	0	0	0	0	0	0	0	0	0	0	0	0	0	0	0	0	0	0	0.25	0
Rbbp5	0	-0.25	0	0	0	0	0	0	0	0	0	0	0	0	0	0	0	0	0	-0.25	0	0	0	0	0	0	0	0	0
Rbm43	0	-0.25	-0.33	0	0	-0.25	-0.25	0	-0.25	0	-0.25	0	0	0	0	0	0	0	0	0	-0.25	0	0	0	0	0	0	0	0
Rcc1	0	-0.25	0	-0.25	0	-0.25	0	-0.25	-0.25	0	-0.25	-0.25	0	0	0	-0.25	0	-0.25	-0.25	-0.25	0	0	0	-0.25	0	0	-0.25	0	0
Rcsd1	0	-0.25	0	-0.25	-0.25	-0.25	-0.25	-0.25	-0.25	-0.25	-0.25	0	-0.25	-0.25	-0.25	-0.25	-0.25	-0.25	-0.25	-0.25	-0.25	-0.25	0	0	-0.25	0	0	0	-0.25
Relt	0	-0.25	0	-0.25	0	-0.25	0	-0.25	-0.25	-0.25	-0.25	-0.25	0	0	0	-0.25	0	-0.25	-0.25	-0.25	-0.25	-0.25	0	-0.25	0	0	-0.25	0	0
Rgl2	-0.33	-0.25	-0.33	-0.25	-0.25	-0.25	-0.25	-0.25	-0.25	-0.25	0	0	-0.25	-0.25	0	-0.25	-0.25	-0.25	-0.25	-0.25	0	0	-0.33	0	-0.25	-0.25	-0.25	0	-0.25
Rnf135	0	0	0	-0.25	0	-0.25	0	0	-0.25	0	-0.25	-0.25	-0.25	0	0	-0.25	-0.25	-0.25	-0.25	-0.25	0	-0.25	0	-0.25	0	0	-0.25	0	-0.25
Rnf157	0	0	0	0	0	0	0	0	0	0	0	0	0	0	0	0	0	0	0	0.33	0	0	0	0	0	0	0	0	0
Rnf166	-0.33	-0.25	0	0	0	-0.25	-0.25	-0.25	-0.25	0	-0.25	-0.25	0	0	0	0	0	-0.25	-0.25	-0.25	0	-0.25	0	-0.25	0	0	-0.25	0	0
Rnf169	-0.33	-0.25	0	0	-0.25	-0.25	0	-0.25	0	0	-0.25	-0.25	-0.25	0	0	-0.25	-0.25	-0.25	-0.25	-0.25	0	-0.25	0	-0.25	0	0	-0.25	0	0
Rnf217	0	0	0	0	0	0	0	0	0	0	0	0	0	0	0	0	0	0	0	0.33	0	0	0	0	0	0	0	0.25	0
Rpp38	0	0	0	0	0	-0.25	0	-0.25	0	0	0	0	0	-0.25	0	-0.25	0	0	-0.25	0	0	0	0	0	0	0	0	0	0
Rsad2	0	0	0	0	0	0	0	0	0	0	-0.25	-0.25	0	0	0	0	0	-0.25	0	-0.25	-0.25	0	0	-0.25	0	0	0	0	0
Rundc1	-0.33	0	-0.33	-0.25	0	-0.25	-0.25	0	-0.25	0	-0.25	0	0	0	0	-0.25	0	-0.25	-0.25	-0.25	-0.25	-0.25	0	0	0	0	-0.25	0	0
Ryr1	0	0	0	0	0	0	0	0	0	0	0	0	0	0	0	0	0	0	0	0.33	0	0	0	0	0	0	0	0.25	0
Satb1	0	0	0	0	0	0	0	0	0	0	0	0	0	0	0	0	0	0	0	0.33	0	0	0	0	0	0	0	0	0
Sdr42e1	0	0	0	0	0	0	0	0	-0.25	0	0	0	0	0	0	0	0	0	-0.25	0	0	0	0	0	0	0	0	0	0
Setbp1	0	0	0	0	0	0	0	0	0	0	0	0	0	0	0	0	0	0	0	0	0	0	0	0	0	0	0	0.25	0
Sfmbt1	0	0	0	0	0	0	0	0	0	0	0	0	0	0	0	0	0	0	0	0.33	0	0	0	0	0	0	0	0	0
Sh3gl1	-0.33	-0.25	-0.33	-0.25	-0.25	-0.25	-0.25	-0.25	-0.25	0	-0.25	-0.25	-0.25	-0.25	-0.25	-0.25	-0.25	-0.25	-0.25	-0.25	0	-0.25	0	-0.25	0	-0.25	-0.58	0	-0.25
Siglecg	0	0	0	0	0	0	0	0	0	0	0	0	0	0	0	0	0	0	0	0.33	0	0	0	0	0	0	0	0	0
Slc16a3	0	0	0	0	0	0	0	0	0	0	0	0	0	0	0	0	0	0	0	0.33	0	0	0	0	0	0	0	0	0
Slc25a45	0	0	0	0	0	-0.25	0	-0.25	0	0	-0.25	-0.25	0	-0.25	-0.25	-0.25	-0.25	-0.25	-0.25	-0.25	0	0	0	-0.25	0	0	-0.25	0	0
Slc29a1	0	-0.25	0	0	0	-0.25	0	-0.25	-0.25	0	-0.25	-0.25	0	0	0	-0.25	0	-0.25	-0.25	-0.25	0	0	0	-0.25	0	0	-0.25	0	-0.25
Slc5a6	0	-0.25	0	0	0	0	0	-0.25	-0.25	0	-0.25	-0.25	0	0	0	-0.25	-0.25	-0.25	-0.25	-0.25	0	-0.25	0	-0.25	-0.25	0	-0.25	0	-0.25
Smyd5	0	-0.25	0	0	0	-0.25	-0.25	-0.25	-0.25	-0.25	-0.25	-0.25	0	-0.25	-0.25	-0.25	-0.25	-0.25	-0.25	-0.25	0	-0.25	0	-0.25	0	-0.25	-0.25	0	-0.25
Spag7	-0.33	-0.25	-0.33	-0.25	-0.25	-0.25	-0.25	-0.25	-0.25	0	-0.25	-0.25	-0.25	-0.25	0	-0.25	-0.25	-0.25	-0.25	-0.25	0	-0.25	-0.33	-0.25	-0.25	0	-0.58	0	-0.25
Sphk1	0	0	0	0	0	0	0	0	0	0	0	0	0	0	0	0	0	0	0	0	0	0	0	0	0	0	0	0.25	0
Srek1ip1	0	0	0	0	0	0	0	0	0	-0.25	0	0	0	0	0	0	0	-0.25	0	-0.25	0	-0.25	0	0	-0.25	0	-0.25	0	0
Srgn	0	0	0	0	0	0	0	0	0	0	0	0	0	0	0	0	0	0	0	0	0	0	0	0	0	0	0	0.25	0
Sspo	0	0	0	0	0	0	0	0	0	0	-0.25	-0.25	0	0	0	0	0	-0.25	-0.25	-0.25	0	0	0	-0.25	0	0	0	0	0
Stard8	0	0	0	0	0	0	0	0	0	0	-0.25	-0.25	0	-0.25	0	0	0	-0.25	-0.25	-0.25	0	0	0	-0.25	0	0	0	0	0
Strbp	0	0	0	0	0	0	0	0	0	0	0	0	0	0	0	0	0	0	0	0.33	0	0	0	0	0	0	0	0	0
Taf6	0	-0.25	0	0	0	-0.25	-0.25	-0.25	-0.25	0	-0.25	-0.25	0	-0.25	-0.25	-0.25	-0.25	-0.25	-0.25	-0.25	0	0	0	-0.25	0	-0.25	-0.25	0	-0.25
Tbc1d4	0	0	0	0	0	0	0	0	0	0	0	0	0	0	0	0	0	0	0	0	0	0	0	0	0	0	0	0.25	0
Tex14	0	0	0	0	0	0	0	0	0	0	0	0	0	0	0	0	0	0	0	0	0	0	0	0	0	0	0	0.25	0
Tex2	0	0	0	0	0	0	0	0	0	0	0	0	0	0	0	0	0	0	0	0.33	0	0	0	0	0	0	0	0	0
Thap11	0	0	0	-0.25	0	-0.25	-0.25	0	-0.25	-0.25	-0.25	-0.25	0	0	0	0	0	-0.25	-0.25	-0.25	-0.25	-0.25	0	0	-0.25	0	-0.25	0	-0.25
Tifab	0	0	0	0	0	-0.25	0	0	0	0	-0.25	-0.25	0	0	0	0	0	0	-0.25	0	-0.25	-0.25	0	0	0	0	0	0	0
Tmem51	0	-0.25	0	-0.25	-0.25	-0.25	-0.25	0	-0.25	0	-0.25	0	0	0	0	0	0	-0.25	-0.25	-0.25	-0.25	-0.25	0	-0.25	0	0	0	0	0
Tnf	0	-0.25	0	-0.25	-0.25	-0.25	-0.25	-0.25	-0.25	0	-0.25	0	-0.25	-0.25	0	0	-0.25	-0.25	-0.25	0	0	-0.25	0	0	0	0	0	0	0
Tnfaip8l2	0	0	0	-0.25	-0.25	-0.25	-0.25	0	-0.25	0	-0.25	0	-0.25	0	0	0	-0.25	-0.25	-0.25	-0.25	-0.25	-0.25	0	-0.25	0	0	0	0	0
Tnip3	0	0	0	0	0	0	0	0	0	0	0	0	0	0	0	0	0	0	0	0	0	0	0	0	0	0	0	0.25	0
Trim14	0	-0.25	0	0	0	-0.25	0	-0.25	-0.25	0	-0.25	-0.25	0	0	0	-0.25	0	-0.25	-0.25	-0.25	-0.25	-0.25	0	-0.25	0	0	-0.25	0	0
Trim21	0	0	0	0	0	-0.25	0	0	0	0	-0.25	0	0	0	0	0	0	-0.25	0	0	-0.25	0	0	0	0	0	0	0	0
Trim34a	0	0	0	-0.25	0	0	0	-0.25	-0.25	0	-0.25	0	0	-0.25	0	0	0	-0.25	-0.25	-0.25	-0.25	-0.25	0	-0.25	0	0	0	0	0
Trim65	0	0	0	-0.25	0	-0.25	0	-0.25	-0.25	0	-0.25	-0.25	0	0	0	-0.25	0	-0.25	0	-0.25	0	0	0	-0.25	0	0	-0.25	0	-0.25
Trmt12	0	0	0	0	-0.25	0	0	-0.25	-0.25	0	0	0	-0.25	0	0	0	0	0	0	0	0	0	0	0	0	0	-0.25	0	0
Trnau1ap	0	0	0	-0.25	0	-0.25	0	-0.25	-0.25	0	-0.25	-0.25	0	0	0	-0.25	0	-0.25	-0.25	-0.25	0	0	0	-0.25	0	0	-0.25	0	-0.25
Tstd2	0	0	0	0	-0.25	-0.25	0	0	-0.25	0	0	0	0	0	0	-0.25	0	-0.25	0	-0.25	0	0	0	0	-0.25	0	0	0	-0.25
Ttc5	0	0	0	0	0	-0.25	0	0	-0.25	0	0	0	0	0	0	0	0	0	0	0	0	0	0	0	0	0	0	0	0
Uck2	0	0	0	0	0	0	0	0	0	0	0	0	0	0	0	0	0	0	0	0.33	0	0	0	0	0	0	0	0	0
Usf1	0	0	-0.33	-0.25	0	0	-0.25	0	-0.25	0	-0.25	0	0	0	0	0	0	-0.25	0	0	-0.25	-0.25	0	0	-0.25	0	-0.58	0	0
Usp18	0	0	0	0	0	0	-0.25	-0.25	0	0	-0.25	-0.25	0	0	0	-0.25	0	-0.25	-0.25	-0.25	-0.25	0	0	-0.25	0	0	0	0	-0.25
Usp21	0	-0.25	0	0	0	0	0	-0.25	0	0	-0.25	-0.25	0	-0.25	-0.25	-0.25	-0.25	-0.25	0	-0.25	-0.25	-0.25	0	-0.25	-0.25	-0.25	-0.25	0	0
Vangl2	0	0	0	0	0	-0.25	0	-0.25	0	0	0	0	-0.25	0	0	0	0	-0.25	0	-0.25	0	-0.25	0	-0.25	0	0	-0.25	0	0
Vegfa	0	0	0	0	0	0	0	0	0	0	0	0	0	0	0	0	0	0	0	0.33	0	0	0	0	0	0	0	0	0
Xcr1	0	0	0	0	0	0	0	0	0	0	0	0	0	0	0	0	0	0	0	0	0	0	0	0	0	0	0	0.25	0
Zbtb45	0	-0.25	0	-0.25	-0.25	-0.25	-0.25	0	-0.25	0	-0.25	-0.25	0	0	0	0	-0.25	-0.25	-0.25	-0.25	0	0	0	0	0	0	-0.25	0	0
Zc3h12d	0	0	0	0	-0.25	-0.25	0	0	-0.25	0	0	0	0	0	0	0	-0.25	0	0	0	-0.25	0	0	-0.25	0	0	0	0	-0.25
Zcchc17	0	-0.25	0	0	-0.25	0	0	-0.25	-0.25	0	0	0	0	-0.25	-0.25	-0.25	0	-0.25	-0.25	-0.25	0	0	0	-0.25	0	0	-0.25	0	-0.25
Zeb1	0	0	0	0	0	0	0	0	0	0	0	0	0	0	0	0	0	0	0	0.33	0	0	0	0	0	0	0	0	0
Zfp251	0	-0.25	0	0	-0.25	0	0	-0.25	-0.25	0	-0.25	-0.25	0	0	0	-0.25	0	-0.25	-0.25	-0.25	0	-0.25	0	-0.25	0	0	-0.25	0	0
Zfp276	-0.33	-0.25	-0.33	-0.25	0	-0.25	-0.25	-0.25	-0.25	0	-0.25	-0.25	0	0	0	-0.25	0	-0.25	-0.25	-0.25	-0.25	0	-0.33	-0.25	0	0	-0.58	0	-0.25
Zfp526	-0.33	-0.25	0	0	0	0	0	-0.25	0	0	0	-0.25	0	-0.25	-0.25	-0.25	-0.25	-0.25	-0.25	0	0	-0.25	0	-0.25	0	-0.25	0	0	0
Zfp821	0	0	0	0	0	0	0	0	0	0	0	0	0	0	0	0	0	0	0	0.33	0	0	0	0	0	0	0	0	0
Zfp839	0	0	0	0	-0.25	-0.25	-0.25	0	-0.25	-0.25	-0.25	-0.25	0	0	0	-0.25	0	-0.25	-0.25	-0.25	0	-0.25	0	-0.25	0	0	-0.25	0	-0.25
Zfyve1	0	-0.25	0	0	0	-0.25	0	-0.25	0	-0.25	-0.25	0	0	0	0	0	0	-0.25	-0.25	-0.25	0	-0.25	0	-0.25	0	0	0	0	-0.25
